energy,state,n_0,n_1,n_2,n_3,n_4,n_5,t_1,t_2,trace,densityNN,densityNNN,density_NN_hopNN,density_hopNN,doccp,exchange,hopNN_hopNN_ijik,hopNN_hopNN_ijjk,hophop,ring_ijkl,ring_ijlk,sisj,sisjNNN,r,delta,method,basis,CAS active nMO,hf smearing
-87.33399010854862,0,0.9921347320164873,0.9921342084199504,0.992134703401943,0.9921347045993558,0.992134208333783,0.992134731138453,6.680853883497792,-0.02537607473059094,5.952807287909972,6.527791590774012,9.239629231849381,19.965460170316923,6.672350272443431,0.8061846435341892,-0.4346095677093389,1.5919001286738808,5.538322301540056,0.6316903477755061,8.402406503400819,5.24903298877676,-1.4146431138388333,1.3419709918457734,3.2,0.0,casci,vtz,18,0.01
-85.36097835710339,1,0.9913903971631441,0.9913900813004451,0.9913903445054713,0.9913903440191654,0.9913900814938796,0.991390396543312,4.962960427755859,-0.011934604034393462,5.948341645025417,6.276465825934769,10.156849515995198,14.770646027692933,4.953844810993572,0.5364214180505407,-0.6498034653494407,0.9356281292045803,2.083655306500937,0.48692954274714895,1.6948020275859221,2.785076322293708,-1.2442147238089718,1.7763176776870209,3.2,0.0,casci,vtz,18,0.01
-84.61624209939788,2,0.9938478319626778,0.984805453140474,0.9938471974861571,0.9938477518929243,0.9848054529014736,0.9938472800631366,4.664507466755631,-0.19959164161555806,5.945000967446843,7.544611083610801,8.012358718502385,13.931995757259365,4.585631102647838,0.595232859049093,-3.289306664894129,0.6122738308309689,3.4058534467220225,0.4695477341303367,2.90262917463452,1.5268298334049697,-0.24149943845563565,0.23779875629113018,3.2,0.0,casci,vtz,18,0.01
-84.61624189599091,3,0.9878194355515519,0.9968607928227722,0.9878199574959629,0.9878193689622226,0.9968608131807057,0.9878199539035499,4.664505607878045,-0.199591542295465,5.9450003219167655,7.544608078575018,8.012357954397327,13.931989376742507,4.585627553823079,0.5952326096133921,-3.2893021620513503,0.6122730959085684,3.4058485874115285,0.4695462784823986,2.9026276209165633,1.5268180274017045,-0.24150093861807925,0.23779964545694054,3.2,0.0,casci,vtz,18,0.01
-84.60758447949947,4,0.9918216496372294,0.9918212106027452,0.9918215690794012,0.9918215621934217,0.9918212171028897,0.9918216409681988,4.544360280113479,-0.2653612774603716,5.950928849583886,7.311656575311747,8.100177886570048,13.683066618303034,4.45245407301311,0.5342771502074161,-2.2599989799747013,0.32370603761535466,1.3347970478802482,0.4890766922479638,3.794226209007183,4.293082422682968,-0.697914653840586,-0.551775761906253,3.2,0.0,casci,vtz,18,0.01
-83.68804182977087,5,1.0038877643832693,0.9649592604540489,1.0038871868455708,1.0038878533092275,0.9649592594934919,1.0038871029362104,3.8327885611513413,-0.8363772797403293,5.945468427421819,7.434361397162357,8.033708552617941,11.948561854781246,3.7118371589431893,0.4754651393793438,-3.519191822991535,0.5620168621573178,2.771633301476368,0.3806389727550018,2.222345747461551,1.4466897075850351,-0.09899443779482187,0.43518337367330723,3.2,0.0,casci,vtz,18,0.01
-83.6880413085605,6,0.9779350863084328,1.0168629923763124,0.9779356497010041,0.9779349584177851,1.0168629941012373,0.9779357819801611,3.83278394495364,-0.8363772644097791,5.945467462884932,7.434360318728656,8.033704976271807,11.948544837023235,3.711832094838118,0.4754638093952832,-3.519188540306523,0.562015330305974,2.7716288861818246,0.38063752791912714,2.22234029869929,1.4466834731694302,-0.0989958095289023,0.4351830121698097,3.2,0.0,casci,vtz,18,0.01
-83.00587736059835,7,0.9862554380682752,0.9996137149264182,0.9862558162274431,0.986255402979185,0.9996137182624232,0.9862558484650077,3.4166451204362605,-0.7354654086717921,5.944249938928752,8.028607280703614,7.944611647096695,10.509427576380357,3.2680503079186165,0.4486275725926686,-4.623781454812166,0.13162259543814614,1.9287171386108901,0.36617898758345235,0.6084948502950578,0.17920243859013268,0.3047389072301788,-0.6526800028948512,3.2,0.0,casci,vtz,18,0.01
-83.00587666882947,8,0.9951613570103393,0.9818028055539033,0.9951609998222518,0.9951614395895902,0.9818027964517605,0.9951609336236921,3.416648213844791,-0.7354673264757222,5.944250332051538,8.028605924759516,7.944611407074092,10.50944216711308,3.268051907587105,0.44862903601932846,-4.623781629498168,0.13162223973749093,1.9287191437701259,0.3661801951915188,0.6084960178583766,0.17920284179425974,0.3047393335592052,-0.6526790891871269,3.2,0.0,casci,vtz,18,0.01
-82.88459884007014,9,0.9896672326946505,0.9896670322102759,0.9896671358026976,0.9896671439187719,0.9896670341023728,0.9896672251173119,3.2055922652994506,0.005546918425766358,5.93800280384608,7.220800155356546,9.14024248424902,9.513877479476756,3.1911481756276316,0.39595040947003424,-4.365821575587435,0.5834072429754973,2.193375023208989,0.2877999105369603,0.026139219430371757,0.647870744500719,0.377710748954581,1.932935760225777,3.2,0.0,casci,vtz,18,0.01
-81.94882081003834,10,1.0117633946149236,0.9464571676189824,1.0117625209466352,1.0117635258649476,0.9464571531340391,1.0117624162525878,2.4453087247256007,-1.1545675562096622,5.939966178432115,7.62742362436134,7.9674307725018965,7.6100696642399575,2.2503070351232273,0.33145022983303085,-5.260979754634694,0.25846456762709114,2.181722253270381,0.24212859699528477,0.2251759004267449,-0.07293984548479271,0.7236339712270121,0.7119432939790732,3.2,0.0,casci,vtz,18,0.01
-81.94881895330636,11,0.9682250230979262,1.0335317533543678,0.9682260512618204,0.9682250679952947,1.0335317543624427,0.9682260061552053,2.4453083611640576,-1.1545651457179158,5.9399656562270575,7.627422140694016,7.967429358066568,7.610068947743448,2.250307304354934,0.33145010152498355,-5.2609784311444345,0.2584645154387941,2.181722118041747,0.2421288851634964,0.225175428437836,-0.0729413866574729,0.7236336803987136,0.7119428097559585,3.2,0.0,casci,vtz,18,0.01
-81.62345772241406,12,0.987411413762012,0.9874104133547159,0.9874113104336507,0.9874113161763565,0.9874104051924579,0.9874114205664279,5.564484336617873,-0.03549950202663665,5.924466279485621,6.427751626577823,8.215965895417117,16.51907192760909,5.517319140933248,1.3139754114930473,-3.0498860729641706,2.2119190665455317,2.665170855372211,-0.185484321350252,4.159933084917609,5.864852139469476,-0.08199487016237084,0.796599987147826,3.2,0.0,casci,vtz,18,0.01
-81.61332194708629,13,0.9905482198928828,0.9905482221515575,0.9905482513650241,0.9905482472318348,0.9905482241016001,0.9905482255666556,2.355088499989783,-0.6906338815608847,5.943289390309555,8.547537964685171,8.249353127320775,7.433062457871757,2.2375292279145764,0.3075354773751877,-6.114723164778053,0.026390812047046217,1.1666784667281533,0.2635724617906202,0.30816973446247986,0.03196048880677341,0.9204770912177336,-0.23817191324524756,3.2,0.0,casci,vtz,18,0.01
-81.37110446305103,14,0.990546190390198,0.9905453360119163,0.9905461534607576,0.9905461557086392,0.9905453370098429,0.9905461899749416,2.2413540087931274,-0.9553484143057246,5.943275362556296,7.47065630962621,8.181155560736737,7.091872046716398,1.9012835174463862,0.3705736950460514,-5.440128850832901,-0.3708635306737418,0.8126129700983917,0.3043195037926041,0.04192569953013087,1.2468122535874975,0.8524003480098977,-0.4148818505326374,3.2,0.0,casci,vtz,18,0.01
-80.76560145526234,15,0.9905577636072713,0.9905571914743905,0.9905579857376329,0.9905579858819673,0.9905571894773332,0.9905577621176977,1.831718854846852,-1.0127382760001016,5.9433458782962925,8.716667137315403,8.049538774511154,5.956624386236973,1.414289126602419,0.33786343600352925,-7.036742515569288,-0.5412786632807377,0.8514060969975561,0.2895680601412822,0.1469739319412882,0.6356293727971355,1.3392044734557933,-0.6050840754318865,3.2,0.0,casci,vtz,18,0.01
-80.76311590408032,16,0.988459332858374,0.98845926849479,0.9884593408557791,0.9884593309720815,0.9884592761138502,0.9884593270792161,5.290851476759794,-0.3009729554574829,5.930755876374091,6.186212564156976,9.387343402326625,16.304365094206936,4.8146166843194536,1.420209361200261,-2.854137461775811,1.0997690853069129,3.75337128657526,-0.12550325435131932,0.8681457999926101,4.596635631242211,-0.11948441015133826,0.37854908243042873,3.2,0.0,casci,vtz,18,0.01
-80.63967938740358,17,0.9943428883226809,0.9825500175999797,0.9943427020126951,0.9943429574045175,0.9825500182314018,0.9943426341051006,1.6591235175161012,-0.9675494294091351,5.942471217676376,8.997269669865382,7.888710045695063,5.304748699789386,1.3261674620709967,0.28604085217939046,-7.41152897160168,-0.3758838858080644,0.9974802859392732,0.23646123614767245,0.4017650338471168,0.29995846269070225,1.4564470683344939,-0.32242194265968904,3.2,0.0,casci,vtz,18,0.01
-80.63967898049395,18,0.9864808207836782,0.9982736290719056,0.9864820207849444,0.986481797434674,0.9982734199437153,0.9864810769791263,1.6591228922060481,-0.9675529452141521,5.942472764998044,8.99727653110643,7.888715242117446,5.304735480062078,1.326165984951469,0.28604037377399616,-7.411532658296428,-0.37588586146819636,0.9974839636130014,0.23646151686596417,0.4017686836597197,0.2999644930949768,1.4564471963716068,-0.3224180627892308,3.2,0.0,casci,vtz,18,0.01
-79.81520604323939,19,0.9846798439314135,1.0009543902885127,0.9846825921334804,0.9846797063093737,1.0009543935630947,0.9846827280523763,0.9900744274411517,-0.5542343600828701,5.940633654278251,8.821998484187397,7.920027587211703,2.997891482550399,0.8355641792041896,0.15289848303645673,-7.818152553060338,-0.13667762309324588,0.5638220342097459,0.12778400816971025,0.03360775974003222,-0.10816710448100206,1.7035766554833196,0.5918828278492233,3.2,0.0,casci,vtz,18,0.01
-79.81520600615022,20,0.9955318569848978,0.9792563673309935,0.9955290018730407,0.995531858380193,0.9792564004078251,0.995528981810502,0.9900752648204334,-0.554236216679238,5.940634466787452,8.822000156341389,7.92002904445992,2.9978951696801044,0.8355670902415653,0.15289868436947582,-7.818154530715516,-0.1366776893139683,0.5638268026861933,0.12778387708530567,0.033612191935106214,-0.1081646196576659,1.7035772262724114,0.5918826693052375,3.2,0.0,casci,vtz,18,0.01
-79.53739484829639,21,1.0077919467148693,0.9360454517993816,1.007792872495969,1.0077924088182013,0.9360454941176317,1.007792336729736,5.025044802661224,-0.15035307833446382,5.903260510675789,6.874550355603279,8.208676961082533,15.256907865457537,4.7488170234402,1.2012984265773903,-2.213337728217089,1.4530945268897268,2.4325727999762896,-0.13798998947062607,5.151457692556274,0.8095217017377123,-0.6119687247922754,0.44457030636284606,3.2,0.0,casci,vtz,18,0.01
-79.53739375439977,22,0.9599606905081332,1.0317087111632848,0.9599603835446995,0.9599608078640552,1.0317086955461487,0.9599602982758098,5.025050817136949,-0.150351837165841,5.903259586902131,6.874549803720914,8.208676254339146,15.256884671158863,4.748828670385476,1.201297986115145,-2.2133395474865036,1.4530963045737504,2.432565335345385,-0.1379900143800835,5.151471960055542,0.8095295662419835,-0.6119676771869766,0.44457081836073836,3.2,0.0,casci,vtz,18,0.01
-78.96958859945005,23,1.0083501944612692,0.9355504166603485,1.0083506554048798,1.0083501116035345,0.93555042327335,1.0083507309464799,4.003523019044938,-0.6406402612544397,5.904502532349862,7.343782274154001,8.01162413993725,12.56882363862758,3.6881986494770955,1.0928880924039732,-4.480481009309234,1.070581952415615,1.6729802386558241,-0.1486490800598017,1.1443656538696563,1.806504593101826,0.404294936116117,0.4434084396611431,3.2,0.0,casci,vtz,18,0.01
-78.96958815941905,24,0.9598179986368318,1.0326158534242176,0.9598174755438895,0.9598180376694005,1.032615865809267,0.9598174199204945,4.003524147357983,-0.6406356949413219,5.904502651004101,7.34378032745529,8.011626175126787,12.568830528991299,3.688202297394448,1.0928878356115201,-4.480478392757798,1.0705805996827833,1.6729825173840709,-0.14865054295389774,1.1443573653876333,1.806509035252677,0.404294114515076,0.4434101169999919,3.2,0.0,casci,vtz,18,0.01
-78.8643012619934,25,0.9825859252991602,0.9825835917744805,0.9825859958342369,0.9825859527805917,0.9825835830870269,0.9825859341530719,3.9339170599936146,0.018019494802642904,5.895510982928568,6.467004597447609,8.792373344445615,11.57301105676977,3.849339052520893,1.0310452326060167,-1.3900382829336335,2.218828634246961,-1.24263535284363,0.04357631973522515,-2.173385994965562,4.912028775458204,-0.9217320078950855,0.7218914656647886,3.2,0.0,casci,vtz,18,0.01
-78.4875218985038,26,0.9897608216309667,0.9897609145113346,0.9897607960317159,0.9897607958153928,0.9897609136101804,0.9897608235279469,0.007270332636747636,0.04046253264293295,5.938565065127538,8.229260612082232,8.228941435077559,0.019147056426988756,4.986397375726537e-10,3.3681780801937025e-10,-8.229260610928067,6.758418434257721e-11,-0.05535056889159348,4.687000223691943e-11,0.00016822952521444742,6.563055127747376e-05,2.0573151524434765,2.057235358022905,3.2,0.0,casci,vtz,18,0.01
-78.14384664556106,27,0.9867883807893232,0.9867851265602452,0.986788222356521,0.9867882207950704,0.9867851276696882,0.9867883759576798,3.6211572012303437,0.02143231202117661,5.920723454128527,6.2028343432513005,8.929606148400522,10.69665242341958,3.6151233815259167,1.194144728279327,-1.3842886782127644,2.406785853427201,-2.9791256670345376,-0.6111360857585381,-4.812249572092341,6.248261986008753,-0.8585642467064428,0.9134361295375304,3.2,0.0,casci,vtz,18,0.01
-77.78465920860272,28,1.059705287532548,0.8323468371976883,1.0597031832182031,1.0597053284538214,0.8323468510076597,1.0597031335194866,3.584945667894513,-1.5881815710076932,5.903510620929407,7.1602196972251075,7.534651361263038,11.411458810379727,2.812459643085008,1.2275727443485311,-4.2142338530301044,0.18515284068588453,2.919515103781542,-0.2001196237165636,1.8340198071333593,1.1679793462180121,0.3170620022087756,0.11251440914121758,3.2,0.0,casci,vtz,18,0.01
-77.78465636649089,29,0.9081317135165662,1.1354895962338984,0.9081334608807923,0.9081313250211781,1.1354895983302276,0.9081338335457927,3.584945757256739,-1.5881823438876883,5.903509527528454,7.160220195943984,7.534648643644333,11.411445273068228,2.8124636374467564,1.2275724083058202,-4.214237921980894,0.18515609629095353,2.9195267413733594,-0.20012156353182214,1.8340232353523644,1.167973746081722,0.31706391200445105,0.1125135663149539,3.2,0.0,casci,vtz,18,0.01
-77.7347265980566,30,0.9785653039873264,0.9928275447220909,0.9785638328164207,0.9785660386624697,0.9928275507540758,0.9785630929762753,3.101604458532392,-1.9327943804067598,5.8999133639186585,7.289313383970061,7.8473610468624715,10.599506458753746,2.3369517605897716,1.0559096255554816,-3.92757687311668,0.9026805573651935,1.031898726870595,-0.14488083737487167,-0.6460307357940519,2.12602555964659,0.14146009056582465,0.5576618919004886,3.2,0.0,casci,vtz,18,0.01
-77.73472656948505,31,0.9880722690256799,0.9738105893526936,0.988074732555098,0.988072459951362,0.9738105766877545,0.9880743871088629,3.101605611917236,-1.9327980852635156,5.899915014681451,7.289317108823473,7.847361348178879,10.599516865584395,2.3369535654722924,1.0559116165857443,-3.927578553661304,0.9026811481266457,1.0318915102019761,-0.14488312980050871,-0.6460398945927222,2.1260397569695733,0.1414599996247834,0.5576626550930681,3.2,0.0,casci,vtz,18,0.01
-77.22895537675556,32,1.017923736784247,0.8951659346651721,1.017926383411115,1.0179236690704623,0.8951658944728662,1.0179264310425729,3.7135870589042534,-0.034161793484037986,5.8620320494464355,6.898803292026699,8.02273672652877,10.475908368962168,4.0447449855621205,1.0588868072277313,-3.327501634332325,1.057262029185014,0.828079502605026,0.08665403302492397,0.8897097765617479,1.1136457441649255,-0.0609500058405123,0.6619016464044244,3.2,0.0,casci,vtz,18,0.01
-77.22895317200481,33,0.9360887699950606,1.058841397519875,0.9360856135436516,0.9360883816546879,1.0588413955486111,0.936085993174713,3.7135893056695335,-0.03416293498299442,5.8620315514365995,6.898805053689971,8.02273286312887,10.47590998100163,4.044742556191375,1.0588854322611239,-3.3275043334477576,1.057260365541885,0.8280925013707274,0.08665442787832686,0.8897239615220489,1.1136476073595918,-0.060949096698613814,0.6618982586012825,3.2,0.0,casci,vtz,18,0.01
-76.90713614434084,34,1.008598127175527,0.8981669001499322,1.0085971314384805,1.0085972374289611,0.8981668993317622,1.0085980378736177,3.827917210651652,0.2648211066391591,5.8307243333982814,6.720735741676708,7.966922739141085,12.042527428902137,3.270051783094189,1.1634199391283069,-2.8368591703235198,0.2175949292269927,1.147577647799682,0.5134611024735275,-0.4701233010888569,-0.057964056440601666,-0.26175435025741717,0.3723054102165253,3.2,0.0,casci,vtz,18,0.01
-76.90713387875934,35,0.9349768642751206,1.0454080806200157,0.9349768545767421,0.9349767375149968,1.0454081116029321,0.9349769914792811,3.8279145316308822,0.26481611059423416,5.830723640069088,6.72073045563952,7.966916051875129,12.042539636932045,3.2700347274290493,1.1634202591375196,-2.8368499746918614,0.21759702213046866,1.1475837235442454,0.5134654165880954,-0.47012567922442505,-0.057952797125819876,-0.2617576265639491,0.3723043975435376,3.2,0.0,casci,vtz,18,0.01
-76.83545045548507,36,0.9768760106962839,0.9768689223007583,0.976875345695407,0.9768753248188595,0.9768690213171353,0.9768760607088285,3.274397345572448,-1.0421627412988366,5.861240685537273,7.375102169862698,7.541066560841495,11.80432594662804,2.232368121568265,1.0990090081883692,-4.204511283504562,0.18653720961141562,2.0805285759989367,0.09677867951026432,0.8799621889505418,-0.9811846129654089,0.2584800992866067,0.5810130875199494,3.2,0.0,casci,vtz,18,0.01
-76.62203276319532,37,0.9804622448997276,0.980460884581773,0.9804617130689347,0.980461711209577,0.980460881828495,0.9804622554675275,2.6882548042496373,-2.309309282734568,5.882769691056035,7.98057750892111,7.212652818381407,9.774140735501032,1.362923891519814,1.074114442338125,-5.756964239807392,0.1421495439425714,2.704522879209653,-0.16956549520772352,0.44842761138692744,-0.5350952383739582,0.8833377426734188,0.022980573450204433,3.2,0.0,casci,vtz,18,0.01
-76.49339967275645,38,0.9787567558750934,0.9787562108211834,0.9787562649359667,0.9787562806047534,0.9787562366143785,0.9787568186428396,3.175518901747017,-0.497832273841909,5.872538567494216,7.38198237520497,8.311585522443847,9.153931359745537,2.632333449253367,1.0704353443981984,-4.337620303116717,0.19352249188041581,2.243176404586933,-0.2376046384114614,2.4836360647654585,1.2231038066196054,0.3233145577571158,0.42917946398503415,3.2,0.0,casci,vtz,18,0.01
-76.18846403245432,39,1.0209552976691842,0.9022669662190463,1.0209553294402085,1.0209556652591836,0.9022669841309565,1.0209549528767259,3.5754109816238153,0.871137559631541,5.888355195595305,6.679488487752821,8.50143294462978,10.093312679732719,2.9568772417711546,1.1128631817183765,-2.770906631295036,0.9878081074228143,-0.5450428652017172,-0.445205765146488,1.9673215359594063,0.43716055363980094,-0.2844188062906876,0.9678556759743697,3.2,0.0,casci,vtz,18,0.01
-76.18846331542089,40,0.9418284207976146,1.0605176203569555,0.9418298597091759,0.9418294708731905,1.0605176702756125,0.9418287935700524,3.5754133651302524,0.8711390868565126,5.888351835582602,6.679487309992474,8.50141638543027,10.09330419094313,2.9568723418178475,1.1128596287914148,-2.7709048031943317,0.9878029460376025,-0.5450353726911492,-0.4452002996912927,1.9673205771090898,0.4371803231518707,-0.28441942590095265,0.9678543656150171,3.2,0.0,casci,vtz,18,0.01
-75.9970196182964,41,0.9765413823990862,0.9178080283591158,0.9765394810035779,0.9765405618451781,0.9178080144229877,0.9765403035540783,3.098477393712937,-1.16152082525078,5.741777771584024,6.592536017510633,7.588129079389852,8.842728410069853,2.3146883490424246,0.9939763743805696,-3.631659448574526,0.2266000436223638,1.8537107736289054,0.2583622466013823,0.7593606509239159,-0.06069358700195465,0.16769571990960447,0.45995846971413346,3.2,0.0,casci,vtz,18,0.01
-75.99701863891116,42,0.937385798521821,0.9961148605296596,0.9373880582835618,0.937386965252516,0.996114927049308,0.9373868738280318,3.098473491954746,-1.1615250578445169,5.741777483464898,6.592534278026599,7.588131017502288,8.842713743779083,2.314683215715716,0.993975171061293,-3.6316558235574012,0.2265970735872347,1.8537137390273448,0.25836195770889514,0.7593534117647344,-0.060711213454881896,0.16769434227205088,0.4599589645522382,3.2,0.0,casci,vtz,18,0.01
-75.90409684522068,43,0.9844327054741108,0.9706765266062964,0.9844360777791561,0.9844352809343478,0.9706764836403396,0.9844335131364612,2.6192535071270355,0.7115809958334937,5.879090587570712,7.763321824230966,7.64333122799981,7.218904653319138,2.5291358553263716,0.8833519650742623,-6.112000674634363,0.3311065392306063,-0.6595980054473418,-0.3157996061706466,0.9746945651009704,0.45913507718590985,1.1151698812594397,1.11411942575427,3.2,0.0,casci,vtz,18,0.01
-75.90409664088395,44,0.9752628560874059,0.9890206822582146,0.9752621141871352,0.9752628812894313,0.9890206822657517,0.9752620602684177,2.619256199483653,0.7115737965019944,5.879091276356356,7.7633264663029795,7.643332345082422,7.218913759307827,2.529137196259767,0.8833521551813315,-6.112001713150797,0.3311035535745075,-0.6595910262728287,-0.3157969819586013,0.9746937755474441,0.4591360732326007,1.1151692399996533,1.1141202962290377,3.2,0.0,casci,vtz,18,0.01
-75.77004770037749,45,0.9908946355891016,0.9752333931234543,0.9908936658017462,0.9908934944076716,0.9752333887723688,0.9908948072826542,3.132274026431794,-1.0395270784642583,5.914043384976996,6.766509760790047,8.064361244027419,9.699889191386255,3.2177408329791115,1.2074818362774247,-2.917747119267089,0.49983374883595966,1.7564757581686505,-0.5501785298705522,2.6735569226179576,-0.7689036287082902,-0.23275388056396723,-0.03317566391242799,3.2,0.0,casci,vtz,18,0.01
-75.7700459252396,46,0.9804530470145287,0.99611757396007,0.9804517935024957,0.9804519725862924,0.9961176114104164,0.9804528447264151,3.132271573715947,-1.0395279353090698,5.914044843200219,6.766508883610653,8.064368113162978,9.699877925968263,3.217736860162324,1.2074827636412366,-2.9177418542771827,0.49983286910960806,1.7564843463473239,-0.55018278185365,2.6735686180582885,-0.7689115968641381,-0.23275629376407175,-0.03317382367682198,3.2,0.0,casci,vtz,18,0.01
-75.49499958738349,47,0.9913202937225647,0.9196651355313172,0.9913213479787459,0.9913205856316266,0.919665202151544,0.9913210662385044,2.9974700638034877,0.5556081588813526,5.804613631254303,6.6430825596615914,7.855987055726702,8.488980621558795,3.2830785774762976,1.0254524111813623,-3.5196617279825197,0.9949313781914533,-0.13428261107058417,-0.029234051246784933,-0.0965874282865102,1.4942635341442054,0.09906022407586224,0.4235619464521573,3.2,0.0,casci,vtz,18,0.01
-75.49499776814947,48,0.9435524429333597,1.0152035694909507,0.9435514740658101,0.9435522357223898,1.015203565474331,0.943551712101258,2.9974726559244393,0.555632707533227,5.804614999788099,6.643076464450925,7.855994939717191,8.488990430100102,3.283086666724125,1.025454354493019,-3.5196545973959106,0.9949239626533248,-0.13431130457980459,-0.02923597964865048,-0.09660562905001562,1.4942877973186661,0.09905818258522398,0.42356273504973674,3.2,0.0,casci,vtz,18,0.01
-75.38345973948063,49,0.9514050088061382,0.8945186026185324,0.9514087321436455,0.951405987492121,0.8945185870323777,0.9514077864240693,3.647476205229075,-0.5927693342819456,5.594664704516884,5.831075527198508,7.74840466350345,10.208041199626809,3.4958507300152886,0.8989310559943777,-1.1313360355671742,1.0615353358769237,2.044169244585916,0.6070816632200782,-0.09460133287192177,0.4069683517472025,-0.8921008640160402,0.6468406758935701,3.2,0.0,casci,vtz,18,0.01
-75.38345896608864,50,0.9134835869887934,0.9703676608840754,0.9134815630141652,0.9134843205717349,0.9703676719499961,0.9134808258318541,3.6474755867200535,-0.5927758745356031,5.594665629240619,5.831081596729021,7.748402257173703,10.208042241390602,3.4958549696301398,0.8989310965246138,-1.1313391648596482,1.0615346063397442,2.044169820462265,0.6070809320964927,-0.09459782055537813,0.40697439797294294,-0.8921008167524309,0.6468393499967484,3.2,0.0,casci,vtz,18,0.01
-75.2404735947254,51,0.9734056558649165,0.9734033788433782,0.9734047574827478,0.973404747197736,0.9734033943240274,0.9734056783105772,2.156085170807555,-0.0935665141907878,5.840427612023383,7.918130440989668,7.802509141047775,6.275822202853082,1.968471630981024,0.7202279116026049,-5.704564419723116,0.05612418136254909,-1.151308895798607,0.0026335722882041865,0.41033353323925814,1.29754656852108,0.8727495996141412,1.4209348635458128,3.2,0.0,casci,vtz,18,0.01
-75.04927288536732,52,0.9807563654631376,0.980756069034895,0.9807565652207216,0.9807565609108326,0.9807560713235508,0.9807563666310052,3.3253256867553063,-0.1277749012632025,5.884537998584143,6.670391763589448,9.080938102540426,9.865215220942176,3.2228026832759227,1.252302359431606,-3.82810918074569,-0.692022165550379,2.9752946144167645,-0.2881032067003393,0.8446998387975011,2.354213179322398,0.24645664947548296,0.31790803390667566,3.2,0.0,casci,vtz,18,0.01
-74.88354212882564,53,0.999984968294528,0.9085368916034136,0.9999874379738998,0.999985004995317,0.9085368431399542,0.9999873694300059,2.3044293720724904,-2.0244177788352005,5.817018515437119,7.455433271356146,7.4059670591919495,6.524892225824088,1.5074433761948522,1.011489431086043,-4.805049463070805,-0.6077324844761173,1.945739003300884,0.09666555909940461,1.8508910746170666,0.30152893172885564,0.5386664136963667,-0.39766653776580296,3.2,0.0,casci,vtz,18,0.01
-74.88354104566254,54,0.9390222841403416,1.0304652952114757,0.939020543228068,0.9390228290360433,1.0304653215956212,0.9390198565145536,2.3044245488523227,-2.024405333510528,5.817016129726103,7.455432251495119,7.405959831070913,6.524888266034331,1.5074217353062398,1.0114841814428541,-4.805057412439517,-0.6077179733897973,1.9457235182472061,0.0966673346149687,1.8508766644327785,0.3015017572569235,0.5386706433459788,-0.3976652159721723,3.2,0.0,casci,vtz,18,0.01
-74.838315320406,55,0.9750762249898618,0.9750787821800677,0.9750763993158676,0.9750764085527094,0.9750788844494314,0.9750762653234359,2.580987216304842,-0.028263844905996687,5.850462964811374,6.35072741218454,8.528221260580775,7.457039988862798,2.5133779958295244,1.1254989107695148,-2.250976473348322,-0.9520144348437036,-0.7496550115243321,1.0076867955925393,2.162616857401682,2.572997150225401,-0.4621936163719737,0.695881606155972,3.2,0.0,casci,vtz,18,0.01
-74.66207890275555,56,0.9755203101470533,0.9755217594021994,0.975520816151789,0.9755208497691017,0.9755218081127212,0.9755203403470873,2.6393032107668297,-0.3327991176371425,5.853125883929952,7.484418933101262,7.5538559813566195,8.816550602839492,1.3127767410353717,1.0128901076887802,-4.425414565928617,0.1662545041907183,0.603909650047503,-0.34598925902204725,1.910225266365025,-0.9984486452689736,0.3416025496889926,0.4342015888998853,3.2,0.0,casci,vtz,18,0.01
-74.60991282717693,57,0.9754936930606424,0.9754962951962833,0.9754941321381743,0.9754941519063642,0.9754962191186831,0.9754937748194866,2.504726444140034,0.18640943491877743,5.852968266239634,6.172488504382711,8.63824661549489,4.503226349610022,3.0730557511073657,1.1224323289708598,-3.5408715276633647,-0.747086873514474,0.6056404989052209,0.583866237325358,-0.6737650249276586,1.138603693363962,0.22731363773600463,0.5782934116306787,3.2,0.0,casci,vtz,18,0.01
-74.45724895384541,58,0.9130636489726849,0.8737124548878809,0.9130638096709014,0.9130652846507616,0.873712436639503,0.9130620698764126,4.146157712934361,-0.1316499956995098,5.399679704698144,5.456785647295724,6.885713891384286,9.531915245419757,3.376332084532065,0.7850714864614479,-2.0849800428504155,0.32800437792415693,3.1641893905051797,0.19590126478857667,3.587583899948974,1.576787852245182,-0.32170639039872323,0.493347319252907,3.2,0.0,casci,vtz,18,0.01
-74.4572479075218,59,0.8868286381051342,0.9261813171356288,0.8868309645770732,0.8868294325903909,0.9261813156582244,0.8868302385941537,4.14615106775445,-0.13167400109300503,5.399681906660605,5.456778451798448,6.88572863551577,9.531870115580944,3.3763349797122775,0.7850741865271806,-2.08496994267718,0.3279981342016895,3.1641931949009567,0.19590097104693416,3.5875879683653675,1.5767735190673844,-0.3217096416110224,0.49334178047568544,3.2,0.0,casci,vtz,18,0.01
-74.41110379421698,60,0.9713584442829362,0.9713587166377254,0.9713547875261315,0.9713548122906388,0.9713592336677462,0.9713584619524782,2.054806825940391,0.07544349725198324,5.828144456357656,7.453765497893718,7.3450989936388,5.3685589858862475,2.14386977702706,0.9415738264420734,-5.07438610723586,0.24096571543540052,-0.18283934892677084,0.07204492345949803,-0.3918559684938566,-0.5725748825673671,0.6737516791445002,0.1370684282439581,3.2,0.0,casci,vtz,18,0.01
-74.40699899788237,61,0.9854366358807324,0.9854359112654971,0.9854364459246701,0.9854361170642276,0.9854359765313453,0.9854365940000279,1.8023643872781172,0.040852247674675726,5.9126176806665,7.317250136890637,7.9288743997296365,5.331895978850042,1.7731772472857843,0.9624832314000438,-6.047153621761282,1.3189467218507847,-1.5199337512581663,-0.6623328811683178,0.8792732201912223,1.803167264651644,1.1942642766579823,1.1687059951451435,3.2,0.0,casci,vtz,18,0.01
-74.30762731099313,62,0.9751650805704397,0.9455195293589418,0.9751641994851692,0.9751654753862581,0.9455196124204437,0.9751638234447857,2.9377173219165913,0.052039246525525135,5.791697720666038,7.108797254166523,7.647413189563842,7.56624359928459,2.764841343337626,1.000246206319023,-2.7911407575720615,0.18659433063554406,-1.583270341768125,0.287751762388624,2.2562339437532968,0.8511739199387289,-0.38162893475560006,0.39666652618421344,3.2,0.0,casci,vtz,18,0.01
-74.30762653705712,63,0.9554020842361312,0.9850438787088154,0.9554028364668096,0.9554016078970778,0.9850439008439575,0.9554033004791218,2.937713657903931,0.05203766209672782,5.791697608631914,7.108799160636138,7.647408219378687,7.5662304272879055,2.7648394435846715,1.0002453503483864,-2.7911524947652424,0.18659285305474624,-1.5832725025819552,0.2877557866956354,2.2562361423730075,0.8511953503839171,-0.3816235427764134,0.39666035080375206,3.2,0.0,casci,vtz,18,0.01
-74.23923762279976,64,0.9459476427564089,0.9459515277379891,0.9459444088609728,0.9459444184725365,0.9459515866562442,0.9459476377126145,2.555706120029387,-0.07610143818469339,5.675687222196767,6.185283314937067,7.912515629382033,7.276012481390195,1.6482490578838696,1.0152875130695276,-3.870013263487007,-1.2374975776961152,1.0440265861117082,0.7668672586889818,0.8798843629088849,2.322316636875149,0.38868580300923694,-0.15844427076491463,3.2,0.0,casci,vtz,18,0.01
-74.11103269206468,65,0.8412254155512169,0.8412263133304213,0.8412352939475223,0.8412352874199309,0.8412262821802617,0.8412254090081732,4.9967569029710495,-0.4951752637032343,5.047374001437527,4.825717360305266,6.254760330114458,12.941467838713203,3.4860729642391517,0.4821547076366842,-1.5073666376808723,0.8475143867556459,3.9265457539545316,0.3312858168256124,4.613645321693877,2.6421659560676223,-0.45274602123588026,0.5482049082686797,3.2,0.0,casci,vtz,18,0.01
-74.08881453638753,66,0.9575194500324339,0.907026531146589,0.9575321479144439,0.9575199570422535,0.9070266203623694,0.9575317200462059,2.953027850865441,-0.7478130356711505,5.644156426544296,6.263941742602061,7.532011392011809,9.02974354134161,1.7247246515049102,0.9853641768370871,-3.7911332478443573,-0.7079267882908367,2.7817594674306116,0.03895688794663123,1.479173049059515,1.1141123087268126,0.3295811882716635,0.33439449033248864,3.2,0.0,casci,vtz,18,0.01
-74.08881425174698,67,0.9238696000706696,0.9743532294639798,0.9238502307719567,0.9238624950467,0.9743536296532465,0.9238573633187491,2.9530501672081755,-0.7477319372286437,5.644146548325302,6.263954875946624,7.531944590874328,9.029853233424086,1.7246834069982344,0.9853490229158737,-3.791127566701787,-0.7078835310561248,2.781744307804277,0.03895194700169863,1.479204246671296,1.1140724237914408,0.3295750643642378,0.33438546485266607,3.2,0.0,casci,vtz,18,0.01
-74.01067886376555,68,0.97734197316286,0.9773512835398286,0.9773414249897561,0.9773413999883445,0.9773513950121788,0.9773419954904295,2.0617097425423654,-0.48042554217276173,5.864069472183397,7.270943665496132,8.28559066484529,6.315622832779207,2.603741484279685,0.9555692343507662,-4.560094570764986,0.503990099532015,0.694565451136099,-0.043920179339942474,-0.13679282669636023,-0.3556544723676376,0.46231136900845987,0.6313574653681782,3.2,0.0,casci,vtz,18,0.01
-73.78966178194622,69,0.8953831524733538,0.9015543499843046,0.8953835967503312,0.8953835313150379,0.9015544304411349,0.8953832273493281,4.197976304525849,-0.5876615062957622,5.384642288313491,5.431268371207915,7.152775036071084,10.971700213236568,3.54614668829636,0.7927392108659245,-1.4771072858813539,1.2703532288578046,2.7309470126426802,0.13750964899640675,1.6904241186688933,1.9231371449285635,-0.6192634498613019,0.4198326838512463,3.2,0.0,casci,vtz,18,0.01
-73.78966051022633,70,0.899498315893861,0.8933246599522797,0.8994980339732425,0.899498098376055,0.893324821516389,0.8994982645576164,4.197982607947985,-0.587665706611133,5.384642194269444,5.431256466575075,7.1527848963848975,10.9717190767641,3.5461554584247397,0.7927409406765,-1.477092278147298,1.2703579821147595,2.730943857658312,0.13751277309284426,1.6904445992753043,1.9231367579098004,-0.6192679775701199,0.4198434738302317,3.2,0.0,casci,vtz,18,0.01
-73.7111516643909,71,0.927871424065984,1.056660504573006,0.9278619105813894,0.9278736045066147,1.0566605380675957,0.9278596900111229,1.376380609581728,-1.5053203173677503,5.824787671805712,7.469828212554748,7.573079610059588,4.758485314945518,-0.4092063697872689,0.9067770701091751,-5.940008027419977,-0.33906424610767344,2.126612891232507,-0.3729984038171532,-0.09819554231766053,-0.6268075585182333,1.1025469605713014,1.1061389026111956,3.2,0.0,casci,vtz,18,0.01
-73.71115130045723,72,1.0137224308754784,0.8849392895340075,1.0137344317279782,1.0137225943484531,0.8849391800739217,1.0137339581469678,1.376372375995724,-1.5052944367281276,5.824791884706807,7.4698251622526755,7.573095251022638,4.758455169554041,-0.4091939502600692,0.9067802030303036,-5.94001330137263,-0.33907485031269025,2.12659168612167,-0.3730051122603029,-0.09819574974240444,-0.62681232539571,1.1025503601231468,1.1061421851725535,3.2,0.0,casci,vtz,18,0.01
-73.6125055758002,73,0.8970836380953375,0.8893304395104207,0.8970991399936221,0.8970836715145358,0.8893304306944912,0.8970993806744727,3.5163520608976,0.025914537715239137,5.36702670048288,5.700344062367341,6.636723680810119,8.265066167157208,2.266026917971516,0.6747889487529346,-2.7096548463295584,0.11130919481842858,1.6275087692999062,0.5112450881745303,2.0035229599025417,1.5760023554549898,-0.07025859242705607,0.24730671852293262,3.2,0.0,casci,vtz,18,0.01
-73.61250546324464,74,0.8919277666876655,0.8996744926141931,0.8919104926893914,0.8919262375982185,0.8996744823668388,0.8919120755456265,3.5163673595173908,0.025894037533667598,5.3670255475019335,5.700345439554152,6.636721974965401,8.26512067889032,2.266038806120984,0.6747914179113554,-2.7096719380189587,0.11131548995438911,1.6275762708578467,0.5112432320809814,2.0035421119148147,1.575998137026248,-0.07025039087905832,0.24731669752750968,3.2,0.0,casci,vtz,18,0.01
-73.52199232197707,75,0.9022792741638659,0.9022791927688368,0.9022763231050657,0.9022766081546384,0.9022790058439512,0.9022788859087005,3.737383192416015,0.30759507986161005,5.413669289945059,5.539242430496058,7.024530632565773,9.353832337834575,2.8822305727698634,0.7340249946935689,-2.1583242395484676,0.5227345544283868,2.2960290082005255,0.3090023575952946,1.9884977011622154,1.10529503134879,-0.3056484878497808,0.376298045332845,3.2,0.0,casci,vtz,18,0.01
-73.36443696975424,76,1.0033029307870414,0.917486432324496,1.003302236907977,1.0033023758350321,0.9174864952102059,1.0033025142797563,2.4158322816448177,1.1462538307733343,5.848182985344509,6.806490606969994,8.099884180523844,7.3426182207190624,2.3450054787139827,1.010452501367694,-3.469024268273378,-0.3366092725826957,-1.0928501630638279,-0.3034714079307752,1.1062191767880794,-0.7621646670196166,0.032889482394190706,0.7364401941830314,3.2,0.0,casci,vtz,18,0.01
-73.36443502660372,77,0.9460938674200968,1.0319018319736202,0.946091596475416,0.946091539381971,1.0319021572745806,0.9460945858149625,2.415837237615763,1.146292249162448,5.848175578340648,6.806457887625249,8.09987309550326,7.342710400655029,2.3449348322424375,1.0104475191773,-3.4690098859144793,-0.33661709404375306,-1.0928148063724814,-0.30348400175893,1.1062346952982534,-0.762147821480473,0.03289047105092763,0.7364379913556409,3.2,0.0,casci,vtz,18,0.01
-73.21434302486453,78,0.8849134608571649,0.8849079409342195,0.8849178350538434,0.8849177014599385,0.8849079401680979,0.8849137652599466,4.006250445882865,-1.21760964598935,5.309478643733211,5.432300857515511,6.919551572686267,10.907805021023243,3.215695027990652,0.7888448294545225,-2.325464574567426,0.03194454914992559,3.513938376277427,0.5201939548581614,2.972187064217089,2.3293771422940748,-0.19534292709516476,0.2070128548130014,3.2,0.0,casci,vtz,18,0.01
-73.19405218733081,79,0.9595423858791959,0.8355898952473506,0.9595390830387254,0.9595396635587903,0.8355899062949517,0.959541919065663,3.972246083337093,0.3674286435673819,5.509342853084677,6.1090596755218645,6.909379006972681,10.004879647905543,3.6966332293853883,0.9031015714093422,-2.2546875223724556,0.9856866147438553,1.842181230955123,0.23152560985363202,2.3148934748334784,0.6016149506480865,-0.39992115769423825,0.09142178712278404,3.2,0.0,casci,vtz,18,0.01
-73.19404877092191,80,0.8769089908894274,1.0008598628712568,0.8769101950957592,0.876909863882769,1.000859973220848,0.8769093343722671,3.9722089799128724,0.3674060299925801,5.509358220332328,6.109107515957788,6.909418715016786,10.004830166797134,3.696635889713406,0.9031164316559442,-2.2547245627669747,0.9856745585766502,1.8421460524492035,0.23152581991392576,2.314824782118825,0.6015733825619534,-0.3999145976059599,0.09141198126844402,3.2,0.0,casci,vtz,18,0.01
-73.118215940176,81,0.8279717468786345,0.827971252469804,0.8279713168164287,0.8279715261252953,0.827971449843685,0.8279716624675546,5.495633938614777,0.5922795485604974,4.967828954601402,4.4864225689094885,5.859589113676667,12.84230798840166,3.859736804778314,0.4226894848730427,-0.6875793486203077,1.2839717436289069,3.6689556345603336,0.33176781455115234,4.493093467432981,3.062198436598875,-0.7778159679172184,0.24079431145361951,3.2,0.0,casci,vtz,18,0.01
-73.035911514922,82,0.9558376898895493,0.9558024645639374,0.9558375787877238,0.9558372675946316,0.9558025235121331,0.9558374881798133,2.1251835437478386,-0.4075554043420931,5.734955012527788,7.381885325239262,6.970700227992912,6.916074527982511,1.490814933317183,0.8907159689613856,-4.555387723838489,-0.08992754008250943,0.2634424013008828,0.3609887604428038,1.370850638612946,0.8111522987875972,0.43222253060942933,0.048060682095039,3.2,0.0,casci,vtz,18,0.01
-73.03566323897375,83,0.9730111125772393,0.894661054961813,0.9730341865907979,0.9730119609012697,0.8946609756999344,0.9730336062993785,1.7133831930738255,-0.8924642923751474,5.681412897030433,6.960746842499377,7.312557822967834,5.068104121562213,1.4138003529359775,0.7771923488492627,-3.8860704878858066,0.8201356490623626,0.5122648206365886,0.2928025389021923,-1.2270198273110444,0.7346173315884659,0.20284853331805883,0.3286657164569869,3.2,0.0,casci,vtz,18,0.01
-73.03566126427084,84,0.9207795279848952,0.9991789019626051,0.9207580346552813,0.9207792284093463,0.9991788625754626,0.9207583377992121,1.7133212035665655,-0.8925402789192964,5.681432893386802,6.9607851485895775,7.312625496792903,5.067945812778655,1.4137946443090916,0.77721117976692,-3.8860732831465272,0.820135366783403,0.5122625831253111,0.2927974626568033,-1.2271432333742653,0.7345972718419183,0.20284035442586928,0.328675380330754,3.2,0.0,casci,vtz,18,0.01
-72.95083619907986,85,1.0141341120879999,0.8715109494144875,1.014106197865039,1.0141338828481499,0.8715114922801604,1.0141065349706715,2.5932264210456952,0.04899142080223298,5.799503169466508,7.249167976601511,7.338710532451119,8.111255710879057,2.8784821227315227,1.1087287712835774,-4.359408446934216,-0.10450440304904088,0.21509114369951682,0.2818228739987133,0.6649744621671005,-0.10843944313072196,0.36741222931673057,-0.15933494795265857,3.2,0.0,casci,vtz,18,0.01
-72.95083295552934,86,0.9190289484639436,1.0616608858920928,0.9190630768035977,0.9190360619658875,1.0616596749645868,0.9190572864285331,2.5932310133952146,0.04895224509539956,5.799505934518642,7.249244158071974,7.338677932290818,8.111368846844726,2.8785485320142072,1.1087321726226715,-4.3594848364648,-0.10449181510911341,0.21511681505332378,0.28182921955107654,0.6650466405977389,-0.10843670649817579,0.36743137871440645,-0.15933293707424456,3.2,0.0,casci,vtz,18,0.01
-72.84867938093188,87,0.9524565021862653,0.9524718724158414,0.9524517877711693,0.9524514176560788,0.9524720960455577,0.9524558423697754,1.3604082578109957,-1.724063845901998,5.714759518444687,7.370749331803247,6.87828595067973,3.7583060097142043,0.9985100429970837,0.754798923651698,-3.9886896498336415,0.5383872611659144,-0.14652217314597565,0.3232442269710093,-0.116307643948839,0.9390200352172051,0.1516574919660088,-0.5257887571771079,3.2,0.0,casci,vtz,18,0.01
-72.83663952609919,88,0.9295997971863932,0.8561005198011522,0.9296772337011749,0.9296004729391225,0.8561008857933241,0.9296758403396919,3.171126967114069,-0.4207147449341174,5.430754749760859,5.97990574905825,6.921510245508187,7.873330312859851,1.9797973928884538,0.7168771903987594,-3.128861094989463,-0.06634891486833128,1.544180938394434,0.43623068632358786,2.2862679574810936,1.5876810606106777,0.06945411023016917,0.3401190438221338,3.2,0.0,casci,vtz,18,0.01
-72.8366385047613,89,0.8806553505278465,0.9541366843976631,0.8805780730346328,0.880655714980948,0.9541367055062252,0.8805776137218113,3.1711639383143186,-0.4207183801293145,5.430740142169126,5.979885308789838,6.921469712400808,7.873429380459501,1.9798105658273053,0.7168664317151416,-3.128817883515125,-0.06633467493643119,1.5441255004586902,0.43626722328197587,2.2861931865914453,1.5877211158925233,0.06943761456010317,0.34013693017725083,3.2,0.0,casci,vtz,18,0.01
-72.75541950976793,90,0.9210974767897593,0.9211081603246847,0.9210994384720418,0.9210997266720233,0.9211084543434669,0.9210978872364568,2.141839655499739,-0.12868429140793158,5.526611143838433,6.021044597068789,7.697533581474866,4.906397446406323,1.5786457789650887,0.6343410181529103,-2.273579375487632,0.7214432301341174,-0.16020279180217345,0.3247156006635687,-0.22937634722291111,1.3208539360345992,-0.3684714615233816,0.9199704937487568,3.2,0.0,casci,vtz,18,0.01
-72.72708347545002,91,0.9421832319304628,0.9421851749505581,0.9421790369814204,0.9421784830562239,0.9421852912582415,0.9421837062302983,2.3625172911226135,-0.31535856826299413,5.653094924407205,5.941021998480269,8.244784925916555,6.577847372814297,1.7325062110001168,0.9333689344291152,-3.7301523017139373,-0.5035910089933613,2.040413520249033,-0.3893805896530492,-0.013186738718292151,1.7977607322178055,0.37982065123690123,0.5535239867265516,3.2,0.0,casci,vtz,18,0.01
-72.68530519368012,92,0.8696082571730297,0.8695706689798579,0.8696084550086134,0.8696084882925371,0.8695729274009456,0.8696092177974768,4.640476024493686,-0.20851811157284975,5.21757801465246,5.014636368665659,6.333285412957338,10.933629767262438,3.871355565265588,0.6449460791358961,-1.4070015062924763,0.9429915794226549,3.8675053597939737,0.350411013329499,3.5151466162205875,1.9327051220983824,-0.5501583390201766,0.3786416161160255,3.2,0.0,casci,vtz,18,0.01
-72.6743231844873,93,0.9722196141617714,0.9720143106764213,0.9722194047021095,0.9722202517516354,0.9720137915705536,0.9722212070062732,2.952935663719436,-0.37576780319025926,5.832908579868764,7.003844321407584,6.987106469090138,7.734226708366106,3.196177713291477,1.2791182958352414,-3.2161542998357295,0.6254217117345591,2.7787365943624196,0.29278084758026457,0.28618879234047,-2.392309867738719,-0.14288393043403103,-0.13813792419707582,3.2,0.0,casci,vtz,18,0.01
-72.59254765092476,94,0.8820847901627602,0.7477198105330012,0.8823270786176054,0.8821021598934785,0.7477215677882478,0.8823120610374633,3.879850006759535,0.27620245207619243,5.024267468032557,4.886246516298521,6.030965012846014,9.389850639503674,2.383527850193762,0.32222959238831517,-2.4963406126226464,0.5894119872147228,1.7907202781587594,0.22624462287471014,1.4700788058829142,1.3896435269090914,0.02660867723669308,0.8575635941138913,3.2,0.0,casci,vtz,18,0.01
-72.59254462092123,95,0.7926513334518315,0.927046658229953,0.7924299099464711,0.7926534291134315,0.9270437749679223,0.7924231078347397,3.879910096290601,0.27619157242254844,5.024248213544349,4.88609332171451,6.0310334012667655,9.389985461416721,2.3835687836221515,0.3222141136507952,-2.496095314895169,0.589432028939574,1.7907225969222134,0.22623680544842706,1.4700323006739628,1.389739568637646,0.0265243270189571,0.8576470923250161,3.2,0.0,casci,vtz,18,0.01
-72.44805954718852,96,0.9507553497905654,0.8793790274476794,0.9507690652570404,0.9507639212458944,0.8793796458566099,0.9507621286873693,2.901480967666986,-0.8224214375081451,5.561809138285159,6.494000488679211,7.0155103890443336,7.571673825272578,2.3137323275423274,0.8391453580208024,-3.4695521317825175,0.3444486868208796,1.4621416337886735,0.05961386112268409,1.540228366564115,0.3568408241100054,0.11127594372145624,0.35867959524881604,3.2,0.0,casci,vtz,18,0.01
-72.44805493344312,97,0.9031898957900644,0.9746110070095371,0.9031859362372894,0.9031902670222088,0.9746101662405875,0.903184837696556,2.9010491206999403,-0.8223455201003584,5.561972109996242,6.494406597147689,7.015793436422969,7.570491905590277,2.313625402961762,0.8392806066778462,-3.469771546456071,0.34441305697548075,1.4614097499673955,0.05957182663812722,1.539664026364778,0.35625056733707583,0.11128412394111362,0.35874959492298464,3.2,0.0,casci,vtz,18,0.01
-72.24938203152142,98,0.9233735880955343,0.9233770609350892,0.9233736265876098,0.923370824572997,0.9233770851742344,0.9233761042682992,2.5688150012272053,0.3859719776906604,5.540248289633764,6.454532980580631,7.0163319051263695,6.944678508547124,1.8197999774563294,0.7341380756810927,-3.928822281669812,0.021079935093304438,0.9568171519604451,0.19010554516032108,0.6773451674927646,0.1161739425570223,0.3507778956897484,0.23689921313715773,3.2,0.0,casci,vtz,18,0.01
-72.21421691745257,99,0.9297268026055211,0.9267074307196047,0.9297012202633738,0.9297068261680541,0.9273661377719498,0.9297188553710183,2.8038539548738584,-0.25931154401456685,5.572927272899522,6.4003050001109445,6.880201719248239,7.970760841958138,1.8245562082024345,0.8906668392914139,-3.206565981669775,0.11908529500646531,1.4599109872878455,-0.20401250938658344,1.6896518729315668,0.5445011310759551,0.003206740807151609,-0.26597278948696196,3.2,0.0,casci,vtz,18,0.01
-84.49861099377857,0,0.9896016099499814,0.990750389554925,0.9895999610700437,0.9896015851693318,0.9907503914012361,0.9895999801874775,5.73296603204872,-0.013790003937950235,5.9399039173329955,6.652111652485749,9.315122771970586,17.074538075267775,5.735828116016705,0.5581854526452943,0.14161869113258463,1.0889974291790385,4.086314722596564,0.46787902161404304,6.230932804092294,3.9619090768141048,-1.733837258687729,1.5943210640495802,3.6,0.0,casci,vtz,18,0.01
-83.50591237064847,1,0.9884838527786763,0.9894020959713326,0.988482436541605,0.9884838633369681,0.9894020884087709,0.9884824513319558,4.383844573455987,-0.006001798787120184,5.932736788369309,6.24729928518383,10.31970469742746,12.997448403135628,4.379217325455056,0.39299149213142026,-0.26487718423620654,0.699982146068393,1.709274529238342,0.364172998874095,1.4572636142867035,2.0856876188387563,-1.4293862291778543,1.91685418435794,3.6,0.0,casci,vtz,18,0.01
-82.99463790902982,2,0.988455176826096,0.9892266840873016,0.9884544163466535,0.988455178618615,0.989226677780731,0.988454360266063,3.8962821787907,-0.24554620712020542,5.93227249392546,7.442559450951464,7.971390696432541,11.64738858020823,3.8337629844344017,0.3686030239849844,-2.204626592535024,0.2692110374870722,1.2272863464367132,0.3430978285178363,2.7603194764307144,2.9827968307850736,-0.7583265664703538,-0.6998838666335906,3.6,0.0,casci,vtz,18,0.01
-82.89108908305226,3,0.9867610650942894,0.9919271978133615,0.986750352299993,0.9867610992142106,0.9919272903536375,0.9867503206819965,3.8621134462506346,-0.19620367761217644,5.930877325457488,7.6956992440751035,7.927130406256056,11.499285569466572,3.8135759015101494,0.38489975527747744,-3.0604330979258867,0.4237148307793556,2.3798666859548248,0.33030564692855446,1.8905058553005345,1.0486882793922376,-0.39370826205583237,0.15284968507584046,3.6,0.0,casci,vtz,18,0.01
-82.8894260145758,4,0.9895657030219873,0.986331470092811,0.989573910055762,0.9895656887972013,0.9863314852314018,0.9895739152642883,3.8605982644819283,-0.1972824711204983,5.9309421724634515,7.6924578232412095,7.9275437245710965,11.49074526327865,3.812148121270809,0.38456720612184964,-3.0570200420288076,0.42363992695751057,2.377530020101037,0.3300238754113366,1.8943488130838269,1.0528476529702258,-0.3946044347958985,0.15006956848096265,3.6,0.0,casci,vtz,18,0.01
-82.44785659846319,5,0.9922106598336625,0.979907402047463,0.9922688785759259,0.9922106948381489,0.9799073720913466,0.992268914850327,3.263657026137463,-0.41956581303791096,5.928773922236874,7.519537266042949,7.928608316556845,9.891818699659044,3.2023364608457157,0.31465503045267706,-3.321382875544629,0.395661411522551,1.8532815515703112,0.27790553198563106,1.5501275980608082,1.057751128651717,-0.21919287873842264,0.44064513899690577,3.6,0.0,casci,vtz,18,0.01
-82.44540110354032,6,0.9836247786033436,0.997240166072217,0.9835649329963941,0.983624786908784,0.9972401552517092,0.9835649247946247,3.262583354974053,-0.4226450762172817,5.928859744627072,7.5199362260735985,7.929521147992074,9.89377547701535,3.201175446436793,0.31449817851245254,-3.3217291942020317,0.39611826734076083,1.8573358079668365,0.27751365436495823,1.5486073301619134,1.054943147901941,-0.2191194594173841,0.44136109864678813,3.6,0.0,casci,vtz,18,0.01
-82.01331002788162,7,0.9860322329449713,0.9912062700131478,0.9860176893356585,0.9860322240656519,0.9912062712439302,0.9860176800122378,2.816790495731663,-0.4787394366010739,5.926512367615597,8.144285563917798,7.87690556461814,8.541466374218244,2.727471146763886,0.28359277489850426,-4.596803578462044,0.10243985369702671,1.288620845447417,0.2535027649204378,0.29394680250849337,0.058676621218803855,0.26233039825157234,-0.7801895166788175,3.6,0.0,casci,vtz,18,0.01
-82.00167168997736,8,0.9891070219915543,0.9852506107535658,0.9891201561721554,0.9891070272864457,0.9852506134853367,0.9891201356643865,2.812866822752566,-0.477561243061175,5.926955565353445,8.146313146360832,7.877681896066961,8.527927016132022,2.723518114512354,0.28268965385295924,-4.597031221786409,0.10211897530318641,1.2896270461619834,0.25246077316833904,0.29464749346808405,0.058765427286412625,0.2619373243029964,-0.780797438659079,3.6,0.0,casci,vtz,18,0.01
-81.94024233213561,9,0.9872408642860301,0.9878642555735105,0.9872398521618291,0.9872408697020327,0.9878642523287755,0.9872398722693465,2.6839017510594454,0.01930137890029437,5.924689966321525,7.1278769335561005,9.356670354723262,7.937457326700532,2.6711915911090864,0.2592320054245398,-3.9368563708932265,0.43236936709891605,1.5323464027310154,0.21593720821334034,-0.06874003038512072,0.4039589884713012,0.1864589520575879,2.1003717633259127,3.6,0.0,casci,vtz,18,0.01
-81.41959418509595,10,0.9779425721812007,1.0058819973765558,0.9778534340575081,0.9779425661241623,1.0058820082075206,0.9778534283251329,2.0637626006532086,-0.5912660275472047,5.923356006272081,7.630406556357442,7.89796118047204,6.285834873820772,1.9651784071652991,0.21010058195336642,-5.080571483115341,0.18155574867935864,1.354930376145819,0.17840353713592594,0.1512909204962525,-0.07194889128714374,0.6326841024683096,0.6248185871086596,3.6,0.0,casci,vtz,18,0.01
-81.40924376510208,11,0.9962823586487999,0.9692236213383435,0.9963705491497552,0.9962824151396066,0.9692236272397986,0.9963704549118282,2.059785564248106,-0.5838179159273196,5.923753026428132,7.631887522767279,7.898578854199231,6.270249416932324,1.9619850570025212,0.20897518980986501,-5.079514017276585,0.18068264935157646,1.3466052213280766,0.17777598285889018,0.15037978417473433,-0.07168444143004363,0.6317851279464728,0.6240232600686233,3.6,0.0,casci,vtz,18,0.01
-81.27076173679347,12,0.9871052607613356,0.9874228629864348,0.9871052726733112,0.9871052635934011,0.9874228467722417,0.987105255748925,1.9689405111277334,-0.44621384839508593,5.92326676253565,8.630710466712731,8.221612932506456,6.064600594912832,1.8863258617294674,0.198653761938818,-6.123524763756612,0.020505475890352405,0.8075408326264467,0.1805798301072103,0.19590113711230392,0.03709213769518158,0.9040847652001236,-0.3181074153266251,3.6,0.0,casci,vtz,18,0.01
-80.98922956036576,13,0.987130157335227,0.987540907669931,0.9871299294640272,0.9871301845930631,0.9875409166545773,0.9871299491194068,1.6703208117879829,-0.6499265032025312,5.923602044836232,7.60649052134428,7.971159783792483,5.18704758020811,1.4997027390871198,0.19384505656649043,-5.628961816419415,-0.19026915840842937,0.5425907533722385,0.17137835536759924,0.08832721642403094,0.7118482605127866,0.9128582778736376,-0.664982935708192,3.6,0.0,casci,vtz,18,0.01
-80.64130251050825,14,0.9869173270036062,0.9873216177103548,0.9869171480869698,0.9869174187941621,0.9873216337795807,0.9869170612122918,1.2799009370870826,-0.6346387508504148,5.922312206586966,8.991716746098732,7.9589032173132,4.011849253510187,1.0918912079673848,0.15835853448491005,-7.48114532029239,-0.2693811044312918,0.4921989476493486,0.1433575457997362,0.10023887781758459,0.32957388456588427,1.4926434736215117,-0.6650834711811799,3.6,0.0,casci,vtz,18,0.01
-80.62104855615071,15,0.9854567694047115,0.9898566821689833,0.9854433947546375,0.9854568513079636,0.9898567504538303,0.9854434660661695,1.2359303289000392,-0.5595879361441807,5.921513914156296,9.193352309961785,7.814575861542594,3.8230595332572315,1.0804796471638316,0.14561320790116647,-7.703951818919806,-0.20107420506282858,0.5476963405675379,0.1311625113335972,0.27087169844519904,0.19333216382766794,1.5536378319694564,-0.42130491631181755,3.6,0.0,casci,vtz,18,0.01
-80.61859289841699,16,0.9881527547778792,0.9844818783601008,0.9881654296047773,0.9881527566132255,0.9844818632431599,0.9881654240603726,1.2344889936645216,-0.5584935575384837,5.921600106659515,9.198479650379062,7.814402442940826,3.817297613830971,1.0795007538923405,0.14523087202003285,-7.708921623955108,-0.20030887929264551,0.5480918994276639,0.1308171245451023,0.2671972981921659,0.19118584050856924,1.5548408993827887,-0.41794996215236724,3.6,0.0,casci,vtz,18,0.01
-80.2600486376915,17,0.9878084577528805,0.9836585367344217,0.987826804751645,0.9878084629954689,0.9836584977265852,0.9878267792985147,0.80325552847564,-0.30992894015156913,5.918587539259516,8.889764282157294,7.832764101639812,2.4023098726496133,0.7154826581942959,0.08763835312875745,-7.905203249737794,-0.08037247590311425,0.34273409509366803,0.0796896348920659,0.041384839487481076,-0.056917722767314924,1.7301605543295735,0.5440874323838572,3.6,0.0,casci,vtz,18,0.01
-80.25683598801473,18,0.9849651623539488,0.989439669094492,0.9849467953895028,0.9849652369144344,0.9894396818724132,0.9849467148405998,0.8011970005506319,-0.31162435831130386,5.91870326046539,8.890990336820781,7.832804435914788,2.3951731232929667,0.7134862813673662,0.08723398580714542,-7.906367110329057,-0.07996346471911311,0.34396078417839304,0.07919813322961909,0.04096593777103251,-0.056681033315454925,1.7304359709593333,0.5438289139108112,3.6,0.0,casci,vtz,18,0.01
-79.58839619540844,19,0.9857889464106514,0.9857909081514835,0.985788939616014,0.9857889259703421,0.9857909222737826,0.9857889165451128,0.0275496198552848,0.031666076459103965,5.914737558967387,8.163203966210109,8.163114352951585,0.07451982668774745,9.384656454125012e-11,1.547507139657996e-10,-8.163203965757223,-8.443317086499201e-12,-0.042642474568176596,3.8989787176206604e-12,0.00048707170145735005,0.00015987245520729024,2.0408009913260843,2.0407785879941627,3.6,0.0,casci,vtz,18,0.01
-78.74150300743521,20,0.9840680088352809,0.989331792106824,0.9840583499782432,0.9840678192406649,0.98933173505126,0.984058611470719,5.323432453110187,-0.024614453016304022,5.914916316682992,6.460419565715347,8.289306975790183,15.780994890453556,5.278447350751804,1.2404516841120963,-2.9361458847224524,2.0838926402250566,2.522078921738986,-0.25827523046126255,3.8553789870806616,5.554857495775602,-0.1470319490676107,0.8228521688230138,3.6,0.0,casci,vtz,18,0.01
-78.04468585266261,21,0.9850417623412224,0.9880830284530915,0.985040186433606,0.985041736273533,0.9880830325511757,0.9850402002338703,4.949432306563599,-0.3303079912298336,5.916329946286499,6.574902968641728,8.90367060799471,15.182515212196705,4.52124262199826,1.2927529701249103,-3.1868407635814235,1.0903990554792569,3.551526359748838,-0.23308564379207844,0.6356339742483785,4.265737054397015,-0.05030536036972033,0.22860318700347426,3.6,0.0,casci,vtz,18,0.01
-77.23950416117069,22,0.9533428975386116,1.044081637260644,0.9530261697165532,0.9533428432907789,1.0440816088929772,0.9530262044823254,4.6800265105671315,-0.16597993864558158,5.900901361181891,6.875206376967346,8.23496664541802,14.23018869086987,4.4240985587705115,1.144402400928517,-2.0868646258224093,1.3488322871782468,2.1388010950151166,-0.23315679255104962,4.753886011300915,0.4480545737858117,-0.6753692813306318,0.48729021137753936,3.6,0.0,casci,vtz,18,0.01
-77.2283033504161,23,1.0113247444590634,0.9277583068332034,1.0116175189997052,1.011316466980334,0.9277582505010028,1.0116258531071836,4.682660930013114,-0.1628022610783497,5.901401140880492,6.876950252113043,8.236686505193878,14.256360425170378,4.428664849782748,1.144841916837474,-2.0894725149175524,1.3489025556604988,2.1361705634949937,-0.23433854395076087,4.7620939316156505,0.4536862064649684,-0.6745013055694848,0.48754828719359306,3.6,0.0,casci,vtz,18,0.01
-77.190572001302,24,0.9780318340236238,0.9843335715977468,0.9780273650382844,0.9780400380712126,0.9843335563801106,0.9780191618363399,4.201029795340411,0.006297107352320024,5.880785526947318,6.566011752100227,8.567824753568955,12.412985558108806,4.098682205027323,1.0663762826702878,-1.6649383831815157,2.247786704859972,0.5546496645283028,0.15426811405676744,0.07949365751406928,4.788618426882409,-0.8090337464342989,0.5813816298730454,3.6,0.0,casci,vtz,18,0.01
-77.02964109569035,25,0.9556094231392487,1.0373347069196381,0.9557474759604545,0.9556094894643271,1.0373346821198617,0.9557474386085592,3.901548741819642,-0.8620275716010009,5.89738321621209,7.414046386767657,7.9351133841803545,12.261728651391119,3.610495585458054,1.0797274504600698,-4.6371945508762415,1.1014615478551621,2.0425559755109894,-0.23415540382151978,1.2943710717509123,1.7407485446827187,0.46508567874620665,0.3930337461259344,3.6,0.0,casci,vtz,18,0.01
-77.02761936591502,26,1.0082085956019542,0.9324583022819222,1.00806187062443,1.008208732914473,0.9324582733168929,1.0080617831815255,3.9018482780096995,-0.8662636266377108,5.897457557921198,7.416378372101509,7.932494617998491,12.265698925041187,3.6130528431121647,1.0794072725636157,-4.63986651646448,1.1020379487857217,2.045830848451789,-0.23459929067325724,1.2952968627798889,1.742663649541662,0.4658386652068627,0.3909610861189461,3.6,0.0,casci,vtz,18,0.01
-76.56325967092079,27,0.9805493495533033,0.9903135348632606,0.9805328487326963,0.9805494394095118,0.9903134117087028,0.9805329162869909,3.437410774671704,0.04139965159791098,5.902791500554466,6.235944632816754,8.838700543279431,10.108691149722368,3.4319704802097837,1.139722290180483,-1.3212202287446213,2.291269087612377,-2.7840665462778187,-0.641756150240459,-4.599606896053054,5.840095787971092,-0.8983760438318777,0.9401182976116939,3.6,0.0,casci,vtz,18,0.01
-76.20562920084089,28,0.9818217567085183,0.9790232214163634,0.9818741004839937,0.9818216449569421,0.9790231839326388,0.9818742893889029,3.2448198692470203,-1.5405597997671086,5.885438196887359,7.378209408733169,7.795132794574433,10.72319129309152,2.55376320446477,1.0562358833711718,-4.107419798004299,0.9164301281663016,1.57356662887394,-0.08444377428162074,0.1833500580729348,2.070222312126746,0.20915754681885723,0.5542446622719427,3.6,0.0,casci,vtz,18,0.01
-76.20462014107707,29,0.9767513569845035,0.9893286724637479,0.9766805769987199,0.9767510928486054,0.9893286018983942,0.9766809984505783,3.2424799448580575,-1.5467527546016657,5.885521299644549,7.375536182476626,7.803840343470709,10.728286038229008,2.5504311698680997,1.0557103666504941,-4.104922503735139,0.914555718281801,1.5741624287702543,-0.08609413437908481,0.15176203678024602,2.0617279998658438,0.2085772062484132,0.5548533956240853,3.6,0.0,casci,vtz,18,0.01
-75.98332178028885,30,0.8969065542874447,1.1523758577351184,0.8965112269090889,0.8969063768148648,1.1523758564597022,0.8965113985462896,3.3388338673985367,-1.6891829260948312,5.891587270752508,7.374945423437135,7.561141229255442,10.73732817323079,2.4974736712341086,1.1471821731757852,-4.455481582550914,0.19996273516749058,2.9165197692172597,-0.23162852384475097,1.6152831705421353,1.0071689934792833,0.384004435416173,0.06363413598486145,3.6,0.0,casci,vtz,18,0.01
-75.95873945622523,31,1.066623607887596,0.8126693891482142,1.0670155580826615,1.066623584770714,0.8126693711289475,1.0670155441763214,3.34365507439843,-1.6797598253771713,5.892617055194455,7.368853852625516,7.568121377277393,10.74423484575286,2.508277235373358,1.1485978404638322,-4.441652400201521,0.1952866710554959,2.9298463122682192,-0.23555073388060593,1.6326249654339464,1.0028128530191571,0.3786127369443818,0.0692724467170105,3.6,0.0,casci,vtz,18,0.01
-75.75911342749771,32,0.9154590621518057,1.103762982137988,0.9132818704424405,0.9154589552704143,1.1037629747213866,0.9132819779484004,3.4641074112206534,-0.24584645256676574,5.865007822672435,6.783492142360268,8.163698386484082,10.108909614061856,3.8064510407540193,1.034177031523095,-3.1038314261615785,1.0070637821961714,0.9931058877644356,0.09329199743938868,0.9797013625527455,0.7638526894971469,-0.143957322509278,0.7324963322947239,3.6,0.0,casci,vtz,18,0.01
-75.75641271512731,33,1.0328853799073054,0.8644231097706265,1.0350253056536873,1.032885567332831,0.8644230245162524,1.0350252443844894,3.490089675337398,-0.19960386144497844,5.864667631565192,6.80247492732617,8.137793016132207,10.15241817441856,3.8251641130821135,1.0344465945752646,-3.1272315033035087,1.0069609380081819,0.9754755613643123,0.10282593959766857,1.0348958584703012,0.7978915349498807,-0.1370029801797878,0.7203943637617201,3.6,0.0,casci,vtz,18,0.01
-75.38994369151938,34,0.9416715656874459,1.043567248366828,0.9412539046073323,0.9416713961703433,1.0435673565641892,0.9412536765569506,3.4014313068297,0.10609627681806663,5.852985147953089,6.815042234595028,8.00919148788422,10.733176792595131,2.972351490259087,1.1131622590676375,-2.8481044739873433,0.12474108088940312,0.9993618564661764,0.45972436344113454,-0.794938564890525,-0.35166733058067645,-0.2797083216550851,0.3310531510723098,3.6,0.0,casci,vtz,18,0.01
-75.38323985207607,35,1.0093819966602655,0.9074563176061318,1.0098004761670176,1.009381939137033,0.9074563218022227,1.0098005289456882,3.4127472082899386,0.11137761489191572,5.853277580318359,6.812453052230626,8.010776336566245,10.749425172098803,2.9819141580650435,1.1150479904296475,-2.8470103544414487,0.12338275990525599,1.0252038081569457,0.4560912363176196,-0.7609507205671547,-0.3435534211439134,-0.279608085836932,0.33645847415689323,3.6,0.0,casci,vtz,18,0.01
-75.35755651623127,36,0.9751501706514852,0.9874906568933517,0.9751360282048214,0.9751504969586802,0.9874905103926511,0.9751360080917091,2.952115372725866,-1.1748230584073232,5.8755538711926985,7.378048279952406,7.626838281711272,10.72024504401515,2.04307049197664,1.06427898136997,-4.179543331891452,0.06446904031031278,1.8790421536452309,-0.0063467072268705346,0.9383221872015959,-1.1212195273832954,0.2452595959576242,0.5546110841515445,3.6,0.0,casci,vtz,18,0.01
-75.16735604168531,37,0.9802904802058441,0.979853537484356,0.9802961300644087,0.980290529707565,0.9798535012853551,0.9802960318786103,2.5087789494287747,-2.0962220145405603,5.880880210626139,8.013326374413804,7.255033874063664,9.090366338276226,1.2407202715258152,1.0388370579678523,-5.836430975946418,0.13967040319169732,2.438828491032391,-0.2455069145063053,0.389102489378371,-0.3696682564347399,0.9148838943697581,0.017993707399243664,3.6,0.0,casci,vtz,18,0.01
-75.14805154708851,38,0.9796569070228803,0.9786456543872682,0.9796544445072333,0.9796567935945455,0.978645631024516,0.9796545963144011,2.8552002125061744,-0.6441605479565806,5.875914026850845,7.462412665167426,8.160174481663635,8.28014698533062,2.324462099489116,1.0370148591688209,-4.42918760205639,0.13876113437384288,2.071317602798474,-0.3002497450667801,2.0872667539067757,0.9168296279156923,0.3489906347363386,0.36026189664728925,3.6,0.0,casci,vtz,18,0.01
-75.13433686071986,39,0.9534488641982599,1.0305668803829473,0.9531616015487072,0.9534488374905472,1.0305668679760613,0.9531616346522876,2.52983938520916,0.0030615581237568544,5.874354686248811,7.653600400237208,7.674843800407101,7.17322525945215,2.341626130694266,0.9204734415193478,-6.111444432327529,0.3996659599229896,-0.03187180217295166,-0.37724824240434923,0.9573195930330727,0.39125243076744054,1.142322116104463,1.136592356329772,3.6,0.0,casci,vtz,18,0.01
-75.12363212365162,40,1.0027025590079375,0.9317727252944636,1.0029802635795892,1.0027030124850493,0.9317727123629851,1.0029798871257436,2.5346378195652686,0.010091888368742235,5.874911159855769,7.652682152302028,7.676810225103397,7.195686041069132,2.3500318543553784,0.9219619677980415,-6.113199160890058,0.4017500345070565,-0.03739204030676638,-0.3800067364040055,0.9565167029801365,0.39096797348169177,1.143429042369522,1.1375372013288303,3.6,0.0,casci,vtz,18,0.01
-75.05148559823763,41,0.9314522343838829,1.0787247028777789,0.9313014172675432,0.9314523169604556,1.078724397626047,0.9313017847418806,3.2366661043531324,0.820398444615585,5.882956853857589,6.5987163742723975,8.544929068087672,9.167199975270112,2.591810007655533,1.0607404745589752,-2.6003909420821163,0.9358269779009336,-0.7392319516218638,-0.49037096896387145,1.7500295725729549,0.10619060012769987,-0.34948362252704146,0.9884428152145981,3.6,0.0,casci,vtz,18,0.01
-75.03861713310492,42,1.034712020071131,0.8716113674988779,1.034893412270379,1.0347123613839169,0.8716113835329815,1.0348931221996227,3.2533554915985494,0.8602305384062308,5.88243366695691,6.614263395582607,8.52291908416451,9.186478713233457,2.5952769319341327,1.0596565727113538,-2.616638877716735,0.935231862082815,-0.7542701633637269,-0.4791119136366657,1.7884822633816344,0.132658171002503,-0.34524641003728435,0.9788503193612677,3.6,0.0,casci,vtz,18,0.01
-74.98506619713875,43,0.9436535681165954,1.052221821645257,0.9437525757612475,0.9436532331208591,1.052221526485945,0.9437529457828788,2.5064568003069763,-0.0055858878671278455,5.879255670912782,7.388516636083328,7.673377102854879,7.254413476391811,2.543299518725197,0.9973978259916009,-4.773306181169596,1.165019455582637,-0.5257860022388627,-0.32403609617321405,-0.1338959404682927,1.003338039281506,0.5395239315639657,0.14915440055480955,3.6,0.0,casci,vtz,18,0.01
-74.98228533550304,44,1.0114850174590426,0.9170593638983063,1.0113460459428842,1.0114851206039344,0.9170593592097939,1.011345962742128,2.506417834958543,0.00940385644315537,5.87978086985609,7.391034845944725,7.672769892980623,7.255718126895086,2.5531421624463455,0.997869467955165,-4.775610284232753,1.17935474132018,-0.5490201693847427,-0.33234407677437616,-0.12391551051774745,1.0275049213044176,0.5400464306301951,0.14740056739875756,3.6,0.0,casci,vtz,18,0.01
-74.74523177168984,45,0.9716572519541602,0.9768443311018407,0.9716459139648774,0.9716568146982567,0.976844304226392,0.9716464239911031,2.3663526173860543,-0.0956338577692595,5.840295039936629,7.921008229146693,7.633233858143514,6.930275876140696,2.185382124004461,0.8043812906092389,-5.9146701079513395,0.17061379351003447,-0.5282857064288451,0.05965329758044694,0.659885014051908,1.4904948963928832,0.9770829966889965,1.3158576580608998,3.6,0.0,casci,vtz,18,0.01
-74.6947028655036,46,0.9828675126239805,0.9819652488441337,0.9828619901528624,0.9828680796189775,0.9819649599290109,0.9828616437088789,2.853344416282074,-0.9253018203508487,5.895389434877844,6.702240440188232,8.077116032341765,8.745187395629667,2.94727192629618,1.129910687055978,-2.689094263586685,0.3659526879975485,1.6665515945723401,-0.6187835462387553,2.8560832258403694,-1.186382630977243,-0.3310129782537158,0.0007472794929821447,3.6,0.0,casci,vtz,18,0.01
-74.68961158410772,47,0.9818774333042313,0.9841388407063263,0.9818901175735592,0.9818769103252749,0.9841389097445756,0.9818904382919756,2.847407211421242,-0.937059589228707,5.895812649945944,6.705478819980122,8.078179035852283,8.736582526530277,2.9525591873479975,1.129279808203414,-2.6906928382728372,0.36830797768161117,1.6611580733096512,-0.6195327974837852,2.8507415687096223,-1.1816067767511176,-0.3310232858586116,-0.0003732913403491356,3.6,0.0,casci,vtz,18,0.01
-74.56974904168499,48,1.0363318788673193,0.8403386758946096,1.037223070930833,1.0363315990322706,0.8403386285303387,1.0372230427051758,2.6206419614527445,-0.6868680889875696,5.827786895960546,6.143687169178879,8.363397556077462,7.802887739540653,2.4044142409379683,1.0811846232607607,-2.6047265852996193,-0.37895189568967624,1.1739177530973803,0.5024329843440958,-0.5095470372595485,-0.41515623168329596,-0.2335584996449102,0.8887102670904543,3.6,0.0,casci,vtz,18,0.01
-74.5602181237818,49,0.9057798224731355,1.1033814070573196,0.9048900602209122,0.905779734227517,1.1033814603611165,0.9048900616795827,2.6195669539438216,-0.7044128480639263,5.828102546019583,6.139865033774946,8.36437802039392,7.757357746449077,2.404597912091001,1.0809007406829134,-2.59567101551103,-0.3881867575148409,1.20352407341165,0.5041709764689786,-0.4613208865017677,-0.441687968443901,-0.23713075068822143,0.8935617552428408,3.6,0.0,casci,vtz,18,0.01
-74.33441161552228,50,0.9733536307841406,0.9438064386609013,0.9736266230546367,0.9733534269786261,0.9438064492535967,0.9736268560017332,2.7921084619683527,-0.9459958722443995,5.781573424733635,6.3894772034514205,8.185957039506146,8.700101282687324,3.037720450341035,0.9772226243527702,-1.3756194611288195,0.9955843388434544,1.3520409490999543,0.6372494378404902,-1.4094914575405353,-0.484969426058125,-0.9095595702984456,0.7582092497346258,3.6,0.0,casci,vtz,18,0.01
-74.32951839742394,51,0.9488798842455974,0.9930683911743521,0.9485760977364982,0.9488803341330931,0.9930686247935705,0.9485753905909291,2.7929767685190563,-0.9319547358827917,5.781048722674041,6.392380284118654,8.179571887215026,8.689738342331516,3.0261404892016968,0.9763123913169691,-1.3850060515605644,0.9890678588495958,1.3309838530472948,0.6371413515181623,-1.3831502539028788,-0.4568731686018167,-0.9055920452493813,0.7578083038894148,3.6,0.0,casci,vtz,18,0.01
-74.30034272587847,52,0.9797882475625528,0.987968699784717,0.9797727367664972,0.9797881939313661,0.987968520313458,0.9797729099337132,1.7383230681653983,0.039100228083788525,5.895059308292305,7.218584354146012,7.934912420778468,5.139802668106716,1.7004411536999986,0.9575278243799046,-5.988493855511183,1.368991756101524,-1.5437329551246446,-0.6922822515772824,0.9180007566967685,1.7294770223643363,1.1896008392190884,1.1597984247373354,3.6,0.0,casci,vtz,18,0.01
-74.11833729693073,53,0.9718915316474847,0.9810605011156055,0.971865303394218,0.9718914215364796,0.981060509579299,0.9718653077771944,2.365495457076892,0.07942058261506385,5.849634575050281,6.2462123457963115,8.717121508183832,6.975954068101371,2.212583988004396,1.091464040336361,-1.880360420611337,-1.1894662608456255,-1.2045080501334464,1.0043302466865833,2.4892771119238795,3.0166944274757057,-0.6213728761434094,0.87539896418249,3.6,0.0,casci,vtz,18,0.01
-74.10416145082061,54,0.9751043512588755,0.9889239638968901,0.9750701983220126,0.9751042600424723,0.9889242015652757,0.9750698627817371,3.0571211111455483,-0.01311528133468029,5.878196837867264,6.605151740520705,8.996506135351144,9.192596770511646,2.735085001361858,1.1913546547829172,-3.4139078657762045,-0.8076476033224238,3.03170005346583,-0.43824016279733646,0.3026646598810554,2.4271267792367164,0.05566599775792541,0.44685542186314603,3.6,0.0,casci,vtz,18,0.01
-74.02892167622336,55,1.0327754530934472,0.8579606000034272,1.0338197872907577,1.0327756107033979,0.8579605999506223,1.0338196089435086,1.8533221147656573,-1.9822590781051779,5.8491116599851605,7.491227009030253,7.521755158008542,5.505535483929057,1.107604579694657,1.0016022521760617,-5.020488771450665,-0.7126017986351305,1.8551548926066403,0.10280327996384155,0.9676028097722604,-0.29504732509717646,0.6374376334677696,-0.6010150544104439,3.6,0.0,casci,vtz,18,0.01
-74.02490684892047,56,0.9747203597451078,0.970780101424287,0.9747399672866657,0.9747200191366268,0.9707803259872221,0.9747400542086293,1.9246028195663953,-0.05408715550885532,5.840480827788539,7.4540507918222385,7.367190614027118,5.032315614075094,2.0418774434430667,0.9467498403179369,-5.0337033104975015,0.1712589075521521,-0.05567370068907146,0.13016792862515802,-0.42389458445368505,-1.0107199118906702,0.6533389572931912,0.08801691222683783,3.6,0.0,casci,vtz,18,0.01
-74.02468080258541,57,0.9260631197572249,1.0735524426913936,0.925092977423564,0.9260631073005434,1.0735522893083487,0.92509311657617,1.8454234654087096,-1.9896912121105716,5.849417053057245,7.486591022059661,7.521732007697514,5.47442732387225,1.1070218568234387,1.0014226658129348,-5.012298886315517,-0.7163900306008295,1.8538017458068572,0.1014345243801035,0.962695814157704,-0.31250863945882745,0.6345016876428435,-0.6061326660878693,3.6,0.0,casci,vtz,18,0.01
-73.95101105973819,58,0.9795454671034555,0.9766189923797138,0.9795593902223598,0.9795453744673892,0.9766189930337223,0.979559610276598,2.0924137528592732,-0.3183199778183449,5.871447827483239,7.1829512061304275,7.455973130459592,7.568990430193189,1.31704438826542,0.9990443463299555,-4.168796474000299,0.06992478270612487,0.6022603808956084,-0.5702966225027752,1.334823243036959,-2.3090431506156786,0.2886604354675426,0.1700786513194703,3.6,0.0,casci,vtz,18,0.01
-73.93523670723594,59,0.9767058845660376,0.9749371471614849,0.9767062107126511,0.9767060834015904,0.9749369063443594,0.9767062731699481,2.28055138374754,0.25570245738757097,5.856698505356071,6.098317520923771,8.8931419595948,4.775704798135834,2.388411995123124,1.1059237242634663,-3.367189899851079,-1.0602775101346975,0.14939298566417186,0.6494397905755082,-0.5084999610324654,1.7216212418765973,0.15901556969459646,0.7671931574496196,3.6,0.0,casci,vtz,18,0.01
-73.64778853116148,60,0.9721531408934088,0.9801080374526698,0.9721727080860465,0.9721531693326986,0.9801079426092911,0.9721728722558544,2.197472070360905,-0.463709176182928,5.848867870629969,7.6400748288767675,8.177966870552416,6.27667200005874,2.2788784752850346,0.9317684771565173,-5.099301253957544,0.5186581577552694,0.5749970866969716,0.18452188917008377,1.0409355406618066,0.7302869171926096,0.6396319197595806,0.6728163259384976,3.6,0.0,casci,vtz,18,0.01
-73.60483215705422,61,0.9429953426367695,1.022109077819675,0.9427541759849276,0.9429946228855108,1.0221089834946024,0.9427545489432909,2.523807699973842,0.5258107902591638,5.815716751764777,7.061423212181261,7.805368353109241,6.430060301759459,2.5970000222441882,0.9781511156961098,-2.992611924590536,-0.115208670009733,-1.7372265188059806,0.42525695224265114,1.8105995921054856,0.7829685027160396,-0.2690498407500469,0.4696416699650233,3.6,0.0,casci,vtz,18,0.01
-73.59057109021649,62,0.9687134407056622,0.9896229257819559,0.9686225037137723,0.9687127626053558,0.9896231260626964,0.9686225455444153,1.7571192762892174,-1.21268009400782,5.853917304413859,7.0479558173704095,7.7573231641270235,5.696020063852533,0.7414096958793426,1.0822607386247545,-4.900265099856785,-1.3120948563123935,2.595914315724248,-0.03625925644143883,0.6957724447354494,0.33867089504044845,0.6881435955857899,0.15014772135684357,3.6,0.0,casci,vtz,18,0.01
-73.59006340508157,63,0.9965947168475977,0.9146510319770318,0.9968500811393193,0.9965951355723738,0.9146510611961919,0.9968496593730078,2.5376082595034974,0.5293461500959342,5.8161916861055225,7.059423281846757,7.806820264072419,6.468127971797579,2.6022383587344793,0.9795463581483139,-2.970411043485189,-0.11780913545782276,-1.7487944021509163,0.42302983274018435,1.7995102604128188,0.7648767751809005,-0.27965029871909464,0.4739191539589643,3.6,0.0,casci,vtz,18,0.01
-73.58906934768142,64,0.9842996673464071,0.9583870264823615,0.9843529465887778,0.9842997749059419,0.958386925465133,0.984352805692303,1.765396205216888,-1.2287892756919154,5.854079146480924,7.042356159373117,7.751187642813363,5.690085050590541,0.7683088168514463,1.084372057002645,-4.875473447980365,-1.3163051480957817,2.631599899937813,-0.0425132366919516,0.7527026084452901,0.3458608563270495,0.6771476841469031,0.14730604572193617,3.6,0.0,casci,vtz,18,0.01
-73.52218881127122,65,0.9720937642748503,0.9705121016025424,0.9720811629514648,0.9720934548781894,0.9705120131208561,0.9720815376151832,1.8297705566415856,-0.18769128783220448,5.829374034443086,6.702837034843032,8.00592719710141,6.030153621139021,0.9770374700255269,1.1083201824169755,-4.374240153897258,-1.7991690621314909,0.1284859559165351,0.899464020789182,0.47794537014019967,2.280708864967531,0.5114108182378712,-0.39954737413699737,3.6,0.0,casci,vtz,18,0.01
-73.2622213425112,66,0.9270122358898634,1.0747184180562548,0.9273272755327302,0.9270120445921746,1.0747184384505601,0.9273275368564917,1.0651035916263372,-1.6164171880513065,5.858115949378075,7.3684355163887085,7.761701095695949,4.069938231035115,-0.5850219935677812,0.9349951167043916,-5.993501746021673,-0.4943155460556453,2.254619938444212,-0.5199475817776618,-0.36925460669857296,-0.7311800527338607,1.1546419939136592,1.1270160850365023,3.6,0.0,casci,vtz,18,0.01
-73.25691774103053,67,1.0267014922482383,0.8761988556707597,1.0263924533994588,1.0267012985098,0.876199036090618,1.0263920225100074,1.0702797267686963,-1.6089815096827986,5.858585158428882,7.370313329316442,7.761689555833824,4.0766086641714505,-0.5742382436889142,0.9355091934965948,-5.9942457924057155,-0.493879329217242,2.242596393673902,-0.5207892792105178,-0.3611602682115008,-0.7323694642043164,1.1545445638737477,1.1274020726891174,3.6,0.0,casci,vtz,18,0.01
-73.17961958442005,68,0.9695594724555616,0.9588971980521411,0.9696061235234461,0.9695594964372334,0.9588970514468669,0.969605969660832,1.8218550477578506,-0.11765966731338683,5.7961253115760805,6.610766101548996,7.883792177003088,5.695340777982049,1.8894208549089988,0.9590422020647419,-3.706122084255391,-0.2570143839836042,1.0368712570296257,0.35024459512844097,-0.9304322273819383,-1.0069208530768146,0.2003695167404463,0.42038017915176096,3.6,0.0,casci,vtz,18,0.01
-73.15257508567723,69,0.9431904185314931,1.0393986375933721,0.9428360440344188,0.9431900288889337,1.0393980835661987,0.9428369843524642,2.172487347737536,1.086079721689974,5.8508501969668805,6.517067024630919,8.406111814961214,6.578137282211374,2.0031513617432535,1.0030638675401515,-3.1815185774001815,-0.4498801748980703,-0.7300518906034783,-0.40179082860177207,1.2977475473011741,-1.2022895162224443,-0.03850746745763914,0.8638049331495334,3.6,0.0,casci,vtz,18,0.01
-73.14378492432753,70,1.0045426498762193,0.9157099998982077,1.0048885118764983,1.0045428352585564,0.9157099637066435,1.0048883303196137,2.1693200592822164,1.101359228905562,5.850282290935739,6.527628583418562,8.402027289922625,6.618924012256723,1.9773848970293952,1.001414662907532,-3.214301812558999,-0.44903635032558553,-0.7612395158138014,-0.390949933885813,1.226717222797731,-1.1939233759527093,-0.02475623957514106,0.8607171235487696,3.6,0.0,casci,vtz,18,0.01
-73.13124976710345,71,0.974514572812351,0.95467429016978,0.9744497221959669,0.974514663975546,0.9546743717157038,0.9744500693700269,1.3157618637949073,-0.4878385454985561,5.807277690239374,6.832868463931886,7.6967205891820125,3.7175967136719015,0.7757217631508431,0.9577605429687358,-4.486640526845355,-0.9885016851841539,-0.11921004819118716,0.7508621332786395,-0.7908931666676412,-0.003528151983529959,0.5351031474397061,0.13048938301359686,3.6,0.0,casci,vtz,18,0.01
-73.12733459364232,72,0.9513878151132649,1.0020200526959955,0.9513587515566402,0.9513880265307688,1.002020142871745,0.9513582531475109,1.310137719902492,-0.5234696403812149,5.809533041915925,6.884980771877736,7.687219888154184,3.744493053481013,0.7474107711899005,0.9604334365405642,-4.59400633316713,-1.0594880200707815,-0.11738372763713004,0.7354928463765991,-0.6537337778469787,-0.002319927986204909,0.5757579736141314,0.12540542800347693,3.6,0.0,casci,vtz,18,0.01
-72.99476190849744,73,0.910142591306651,1.0759114688436826,0.9097306455107107,0.9101434789801696,1.0759113597350598,0.9097296961932545,1.2152239563756375,-0.7328305626449672,5.791569240569528,7.567519899900388,7.283846019737399,3.990760785566778,0.971577553896019,0.8300219405060252,-4.828644104084053,0.7212753799663478,0.012601821320475326,0.31905737735430667,-0.628641078412533,0.7389625952033203,0.5224420770669296,0.17625641309225165,3.6,0.0,casci,vtz,18,0.01
-72.9827892391257,74,1.022114524806498,0.8520763683991552,1.0225818721361721,1.0221145428648648,0.852076414323113,1.0225817654365725,1.1980635701665545,-0.7690786497741755,5.793545487966376,7.6290293978105215,7.26079419901423,3.9476954763777856,0.9144520827584259,0.830853851817589,-4.948482502285021,0.6432952776596055,-0.03475681476600967,0.3194256166455471,-0.49036456699628883,0.7651042026843329,0.5669839016898803,0.165215522078069,3.6,0.0,casci,vtz,18,0.01
-72.90329784061512,75,0.9676909936205365,0.9726380203057696,0.9676579410384334,0.967690760000123,0.9726376660688049,0.9676577803314117,1.6885595089884635,-0.3101957746349737,5.815973161365079,7.669149847826987,7.1771242509428,5.386653135357157,1.4890529495269749,0.9357751896369361,-4.903581959527318,-0.06409678400982113,-0.12532304082102452,0.45006650213359517,0.793406236029903,0.39300845590812106,0.534503517806912,0.0646879689204955,3.6,0.0,casci,vtz,18,0.01
-72.87877867681713,76,0.9594789511992994,0.9670132997473735,0.9595005759154174,0.9594796345499275,0.967013514932701,0.9595011433033559,1.1072957581455534,-1.1880741517734497,5.771987119648074,7.4517864083631125,7.123150688436782,3.265182487815378,0.8691553514077667,0.7876702857963541,-4.2019327449676025,0.8297554373712622,-0.4466507131440885,0.39824416506137283,-0.24209403082858572,1.4152431079445038,0.2380197703930232,-0.5831130393699853,3.6,0.0,casci,vtz,18,0.01
-72.80446191471566,77,0.9585145640227994,0.9442472454425809,0.9585367481696679,0.958514842616619,0.944246854068904,0.9585367479481318,1.4590898177080558,-0.06607241246168145,5.722597002268703,6.290053089968547,8.345356207371328,3.348534228642798,1.1778000386792056,0.7777589542239243,-2.1272713315027594,0.9822783206335026,-0.6760890365277699,0.4505713634317296,-1.0008380268278563,1.9963494325643918,-0.5088776067407567,0.986260430315101,3.6,0.0,casci,vtz,18,0.01
-72.74570326802713,78,0.9549414845069228,1.0118840980100092,0.9547650271579784,0.95494208007134,1.0118840849185313,0.954764446830308,1.903920412060562,0.6604127511596984,5.84318122149509,7.415525018593215,7.551866453916837,6.007637489905539,1.9810320911174317,1.0360557393778735,-4.818108854321786,-0.24007289142451668,-0.6898028910249023,-0.019806206622057114,0.2486189774764686,0.0037019750558632894,0.5551731725125892,-0.370975024141594,3.6,0.0,casci,vtz,18,0.01
-72.73573180683955,79,0.9954811303050951,0.9302526362594905,0.9956384022700219,0.9954809284593664,0.9302526927775899,0.9956387034222571,1.9201587023592053,0.6399834259015045,5.8427444934938215,7.409525723136259,7.551804490387212,6.051823382555683,2.0024988875960306,1.0384759306406481,-4.794458909201889,-0.22490334089183353,-0.6722110347063808,-0.014373388838561917,0.2468604322636374,0.019361127996030382,0.54484802381688,-0.3590573304375032,3.6,0.0,casci,vtz,18,0.01
-72.71832757398634,80,0.9786745639338152,0.9699979062766596,0.9786776719336214,0.9786746646766118,0.9699979301012114,0.9786773819988641,1.4116769181598734,0.6303289664834892,5.854700118920784,6.570323252487507,8.59679971195147,4.554732303020103,0.8226655870723025,1.0218398533683644,-4.478833209122983,-0.8638937712981168,0.3331395294664723,-0.5667180676305474,-1.0828469722887113,1.3404181922099825,0.596835791439615,0.6630710446700099,3.6,0.0,casci,vtz,18,0.01
-72.36448869639773,81,1.0048581561344319,0.8964067845473218,1.0052003588620433,1.004858732000513,0.8964065500736088,1.0051998708613838,0.8802425514517049,0.08000712470022678,5.812930452479303,7.270805371152434,7.692397860436673,2.3713010778328645,0.964280721737962,0.8439925075417205,-6.0001942217167805,-0.4798583610966898,-0.9469219122127733,0.4355263458623074,1.1675644148216122,-0.6302190142921704,1.1823957680702817,1.0746703854346582,3.6,0.0,casci,vtz,18,0.01
-72.3563337912882,82,0.9251020698433026,1.0545989787892829,0.9249865636339689,0.9251016635544349,1.0545989259243123,0.9249869287380179,1.330014367686728,0.4352963602237612,5.809375130483319,7.153203079120935,7.665107320317982,3.657996295552506,1.2129971313400778,0.9577850981204227,-4.996385230884693,-1.0079373615985339,-0.9183939869928653,0.25338836696254774,0.6446543835019585,0.544731764695355,0.709891845662113,0.10663143601690206,3.6,0.0,casci,vtz,18,0.01
-72.35402995063407,83,0.9353253241361884,1.0364945920680126,0.9349957273693743,0.9353241006039074,1.0364947794145074,0.9349970650296877,0.8919089524309975,0.07664662667435551,5.8136315886216785,7.277960442774788,7.6913092043181805,2.3914692022583406,0.9829791443593974,0.8451579845558748,-6.002270038320897,-0.47670305269450197,-0.9453715940490809,0.4337496854913041,1.1789348919824327,-0.6308145799772401,1.1816449084667515,1.0754610389137804,3.6,0.0,casci,vtz,18,0.01
-72.35106529662814,84,1.0115875803723056,0.8808802261475812,1.0116998591129267,1.0115874206415554,0.8808802949061569,1.0116992614505271,1.3329736776356325,0.4410471004891669,5.808334642631053,7.154181214029355,7.664293778705989,3.658574491886884,1.217223684809243,0.9565228601349356,-5.00127389649777,-1.0032962150381866,-0.9192726570682993,0.2514694067448635,0.6522282793307974,0.5502163799565412,0.7120916447415462,0.10759571667298162,3.6,0.0,casci,vtz,18,0.01
-72.26152340865755,85,0.936883190867569,1.0302315712403352,0.9364579210914599,0.9368844468520658,1.0302319937991506,0.9364558656753112,2.8345049827714868,0.2540389170807412,5.8071449895258915,7.0787683325617845,7.715213321795231,7.954061062387124,3.052001035966824,1.0981712208069074,-2.7933883691265495,0.7948242971778965,0.7581195881340818,0.1339375703179158,0.46237079167806006,-1.2467725065466921,-0.3729978985771712,-0.0032810283704778342,3.6,0.0,casci,vtz,18,0.01
-72.25672885061296,86,0.9977248556068998,0.9075234983874682,0.9981469937562878,0.9977229881366192,0.9075237343599937,0.9981482306845564,2.8322606077858916,0.2646937396259187,5.806790300931826,7.076128913062837,7.718626179913652,7.9360750841382295,3.0548571332093464,1.0976962802384165,-2.8029408899769743,0.7887268419598463,0.7551923239266538,0.13557196698059754,0.45190056994607236,-1.231378583028727,-0.36756178327722183,-0.00656945462985592,3.6,0.0,casci,vtz,18,0.01
-72.23334070124179,87,0.9317844116813765,1.0626508335272566,0.9316841436554941,0.9317859555049376,1.062649868349375,0.9316851485372241,1.2270844094475182,-0.0012559206595879609,5.852240361255664,7.262964069241253,7.774804596801818,4.228760963821999,0.6689368174089196,1.0252922461589429,-5.290156347534299,-1.1444805296984604,1.4987471922992959,-0.6078575743841932,-0.13118875432263957,0.1349707815697004,0.8293371564568365,0.09834768753400136,3.6,0.0,casci,vtz,18,0.01
-72.22542355662519,88,1.0223199744106695,0.8811667491219308,1.022440118169752,1.0223200861125072,0.8811668549051397,1.0224400091691743,1.228578367735012,-0.0022309304974468267,5.851853791889173,7.26286511736574,7.774620775635466,4.218816759506494,0.6701684720763248,1.0245246577575036,-5.287050951373632,-1.1358252402107327,1.496228766600861,-0.6026059079416968,-0.14322005461362944,0.14516990561243326,0.827809196345381,0.09873673194294058,3.6,0.0,casci,vtz,18,0.01
-72.21262153048819,89,0.8670418397486213,1.1583979684117076,0.8671851568897218,0.8670419961952176,1.1583982417511467,0.8671834066817112,0.5401374113406783,0.23227539620739845,5.785248609678126,7.1661260816567225,7.505631512289435,2.019260852045724,-0.10537644088119039,0.7805650789744834,-5.759790450896135,-0.022080981423249407,-1.1336870285375737,0.39025875279958894,-0.10536439450844767,0.47831780162986104,1.088363705033887,1.0491900799875566,3.6,0.0,casci,vtz,18,0.01
-72.19937291529341,90,1.0186692143614107,0.8558980052050278,1.0177077313128118,1.0186686838256147,0.8558979917730206,1.0177081018267613,0.5754846095443468,0.2865484175534354,5.784549728304647,7.310563010372933,7.37617931120089,2.113098762342519,0.0060172434873597795,0.7547665293598125,-5.80927523465799,0.3998149264371588,-1.046816505819343,0.2653333430145005,0.12949622674784234,0.3321813200364466,1.076996864735762,1.0502391351448972,3.6,0.0,casci,vtz,18,0.01
-72.18036787406015,91,1.0068648852217783,0.8797172967211841,1.007682645050186,1.0068648158473583,0.8797163950049474,1.0076840248548804,0.464262942672595,0.1536590446552617,5.788530062700335,6.783790883826713,7.85100398998173,1.812773087966287,-0.33798736413515296,0.8493848446944544,-5.630721219713523,-1.11369343097333,-1.4086685875219431,0.7120217797687236,-0.7050607070521129,0.8582157017862293,1.1194128889000836,1.0470151111869148,3.6,0.0,casci,vtz,18,0.01
-72.14728149534797,92,0.9749090148430049,0.9777811371956748,0.9748997435910015,0.9749088316996537,0.9777809207235544,0.9748998142342786,1.1602287568911294,-0.08443020108389795,5.855179462287167,6.96242221963664,7.693052868784719,3.757777337196019,0.8615373988704165,1.0594661806939714,-4.71026166061847,-1.8486295424937793,1.2339744649378752,-0.787683034132145,0.22111151153691194,1.7504683770971567,0.6145252754000754,-0.705666508917921,3.6,0.0,casci,vtz,18,0.01
-71.94232567059755,93,0.8969634019144311,1.087097962731462,0.8971878376190334,0.8969623971549427,1.087098041952121,0.8971887748735531,2.315255099923073,0.2513197516251747,5.762498416245544,6.76972886054557,7.4085234183341235,6.3023520423057935,1.988530896791965,1.0282479797591884,-2.496309461405083,0.6148037966376345,0.001805929794735782,-0.2445436070716157,0.3839400754392695,-0.22075836050389616,-0.44427748443385073,0.054776580112085305,3.6,0.0,casci,vtz,18,0.01
-71.93363799228564,94,0.963120366177727,0.945633773630636,0.9621456612350368,0.9631222048768024,0.9456336476081659,0.9621436587161036,2.2547334145668825,0.361244284188793,5.7417993122444715,6.648503378229417,7.513468741960947,6.360663689358573,1.7595199016701373,0.9860333277181044,-2.281362601841301,0.6210613275743924,-0.6019473713816795,-0.33091631784786274,0.4905240018790744,0.2737867900004024,-0.5214445436367039,0.10461763310094174,3.6,0.0,casci,vtz,18,0.01
-71.92881944844612,95,1.0282513246667047,0.8536709066597752,1.0290105724880645,1.028250983260827,0.8536708216928489,1.0290109362789162,2.5640287156602626,-0.08673028627974178,5.821865545047137,7.160278683658415,7.040584451906811,6.313039964730225,2.781310921949856,1.1559841585809265,-3.1935196212983046,0.5797637584104616,1.9916270700010248,0.07679316195281854,0.08824806000270438,-1.8788323533750744,-0.19330986026545172,-0.10924426234723383,3.6,0.0,casci,vtz,18,0.01
-71.89707777990861,96,0.955934928633333,0.9413216782958216,0.9559607201492815,0.9559345444363683,0.9413220705696808,0.9559612147676122,2.568215077532384,-0.19095940369871117,5.706435156852098,6.761233808748542,7.195333391710301,6.809175385977362,2.655006314346463,0.9478643189410555,-2.9934068778272467,0.34794289272533796,0.9349844060641559,0.05533754549168102,0.8977570599794393,-0.7647992068085478,-0.19360501327351243,0.48209044047579364,3.6,0.0,casci,vtz,18,0.01
-71.89116719118589,97,0.9441146238883298,0.966174716313754,0.9440720930734781,0.9441149587474352,0.9661744754671584,0.94407172252129,2.5595976631991526,-0.20600447079529066,5.708722590011446,6.77000537925361,7.197074526534844,6.80134925468812,2.662631049367108,0.9493495172405506,-3.00227064851695,0.3487439343628902,0.9390002253357561,0.05491754383435164,0.8784124773601363,-0.7764521323937461,-0.1913660205549274,0.48215256495946884,3.6,0.0,casci,vtz,18,0.01
-71.6289184766487,98,0.9428296882264134,0.9443269883119441,0.9428291281503477,0.942829256030151,0.9443270711171785,0.9428291474129027,2.3842494897352386,-1.7636585392231607,5.659971279248937,6.513079971438868,7.495006130896105,7.843378461676916,2.2761757230958706,1.0383138017664244,-2.8697062576069663,0.0778116673980766,2.986697253811304,0.47730163331052167,0.951124759002222,0.2419830600311021,-0.19341686405623393,0.2833129447063596,3.6,0.0,casci,vtz,18,0.01
-71.52245748012812,99,0.9771720445294227,0.9805352834197854,0.9771623340892093,0.9771716543486308,0.9805351201509185,0.9771624448621958,1.1801233758101621,-0.38093410875621503,5.8697388814001625,7.618683901588817,8.215471264957184,4.047905352851642,1.2320651858030063,1.1011628235739326,-5.2780350339871775,0.40463684765103897,-1.0029579876331458,-0.3146641618967742,-1.6581069184570028,0.8627837063316246,0.7343465415963848,-0.25077570595934096,3.6,0.0,casci,vtz,18,0.01
-82.59546654066784,0,0.987271468859229,0.986827721645236,0.9872716569033024,0.9872716569005457,0.9868277216439514,0.9872714688638397,4.615607522112029,0.006508419448731323,5.9227416948161045,6.7355306675769455,9.380086561923505,13.680423247637115,4.620065193742333,0.34558459503901245,0.6392149044710165,0.667033527234894,2.6073274179485058,0.3092023505917211,3.987796153534557,2.6512386304113758,-2.0034901191297445,1.8061189611316038,4.0,0.0,casci,vtz,18,0.01
-82.11053456897987,1,0.9863301053652433,0.9859081894205732,0.9863302689742962,0.9863302689708195,0.9859081894207614,0.9863301053689058,3.673993061023772,0.006706927921075932,5.917137127520599,6.22922978708363,10.457995679823988,10.854307349063587,3.6705497110382392,0.26219674360046263,0.07728347126402457,0.4742636711071039,1.2770478815829645,0.24765946288322274,1.1094727201589225,1.4203007651231436,-1.5959491824029197,2.045788308597146,4.0,0.0,casci,vtz,18,0.01
-81.79128298123528,2,0.9859954568607315,0.9857259427811393,0.985995719023121,0.9859957190201394,0.9857259427816852,0.9859954568639565,3.18131313338382,-0.19109439349052815,5.915434237330773,7.539541574599557,7.8660992800162415,9.444872915794313,3.143298725934639,0.2340578658858236,-2.127117392077561,0.19466924665303725,0.9779441177812084,0.22181018954714346,1.8352403657243492,1.90798543712859,-0.8213266976111089,-0.8078422872534237,4.0,0.0,casci,vtz,18,0.01
-81.6916464759111,3,0.9862769986144042,0.9849552918260189,0.986277282965895,0.9862772829584672,0.984955291827434,0.9862769986230642,3.05034834591023,-0.1461645599670427,5.9150191468152835,7.799820946645919,7.844540516395705,9.042228589581043,3.0219642305439036,0.2303173569022395,-2.883167572062873,0.2684831366013444,1.4934312523550797,0.21029285583032548,1.107938280787236,0.6553458973673822,-0.5083714506300434,0.10242026723063385,4.0,0.0,casci,vtz,18,0.01
-81.69081766507928,4,0.9855896045370167,0.9863417647807109,0.9855896485273714,0.9855896485300162,0.9863417647804675,0.9855896045326102,3.0493492408040463,-0.14696478395445783,5.915042035688193,7.796015272640141,7.843943448876755,9.037502791227086,3.02094610432513,0.2301730174984886,-2.879610153826196,0.26836819006475965,1.4925129220547189,0.21014951151815278,1.111649372352136,0.6590039067228155,-0.5091987412469372,0.0982017645654229,4.0,0.0,casci,vtz,18,0.01
-81.48159716972818,5,0.9843763505434486,0.9879034506610995,0.9843767485179932,0.9843767485295556,0.9879034506593602,0.9843763505365642,2.6537102149459155,-0.20069162893451842,5.913313099448022,7.583672130231527,7.844457219710275,7.916652260612226,2.6227339154138916,0.1963196761311044,-3.1636774736785895,0.2564120874278841,1.1860535496043028,0.18222812146598594,1.004614300215894,0.6951346718968554,-0.3140792957185871,0.4526026936420907,4.0,0.0,casci,vtz,18,0.01
-81.47958755702075,6,0.9869028426239488,0.9828842576914611,0.9869028405434761,0.9869028405295032,0.9828842576918457,0.9869028426384371,2.652088167036856,-0.20172100510930024,5.913379881718672,7.584059397805804,7.845157102525518,7.913870432026817,2.621144891224233,0.1960750320387727,-3.164034692553379,0.2567182715090275,1.1876065414280554,0.18194550524962882,1.0026279794242203,0.6923927833187176,-0.3139975031747613,0.4531291392747716,4.0,0.0,casci,vtz,18,0.01
-81.21850310331162,7,0.9868414633286882,0.9819014518296134,0.9868418706197951,0.9868418706109163,0.9819014518312874,0.9868414633661244,2.2290525802261434,-0.29674889217110156,5.911169571586425,8.221001147904722,7.813003017902697,6.685650308321344,2.1787811094232055,0.16958015001843096,-4.561285146871699,0.06909656107415348,0.8252962887746388,0.15867395466020762,0.14525824793049108,0.008143501620098768,0.22539228645966886,-0.8593789565237189,4.0,0.0,casci,vtz,18,0.01
-81.210333478512,8,0.9837323325405135,0.9882620071252296,0.9837324208447218,0.9837324208630713,0.9882620071258499,0.9837323325221614,2.223256246151438,-0.2957300114426094,5.9114535210215475,8.222649988773535,7.813476660989836,6.66722406882923,2.1731438327318378,0.16862639438863186,-4.561328055383999,0.06875353718781685,0.8238766686283916,0.15775399142796157,0.14470511983472317,0.008028993708789806,0.2250015304986162,-0.8600228045060665,4.0,0.0,casci,vtz,18,0.01
-81.18218851304411,9,0.9851921601257041,0.9849469627873186,0.9851922615525279,0.985192261549058,0.9849469627844318,0.985192160127029,2.1479440481673033,0.033265827770441486,5.91066276892607,7.0830771441559275,9.479321806905356,6.33040313292937,2.1374683770495224,0.1585248610727448,-3.6399930556794526,0.28516241474991644,0.9634505146210427,0.14343121854200014,-0.08518737363767387,0.2345475642691132,0.04922724180074456,2.220068476162098,4.0,0.0,casci,vtz,18,0.01
-80.89383482829649,10,0.988353885365532,0.9777334579704933,0.9883539781027855,0.9883539780564154,0.9777334579703578,0.9883538854124787,1.6522018130890244,-0.2751890908047091,5.908882642878062,7.647840817002271,7.827734877745891,4.955778041162462,1.604308738844522,0.12567388444506716,-4.96564639589692,0.11475179104560151,0.7867886245246198,0.11512532719759097,0.0965838065079252,-0.05580044276680722,0.5708629936978924,0.5658704411717324,4.0,0.0,casci,vtz,18,0.01
-80.8875028711705,11,0.9814153158177865,0.9917210838244512,0.981415462215083,0.9814154622566085,0.9917210838237733,0.9814153157761902,1.647838537480224,-0.272019264029492,5.909103723713892,7.648895430592491,7.827913420959161,4.940947985607828,1.6002692510883159,0.12490994799622013,-4.964978322683145,0.11407066220154698,0.7824031553626125,0.1144919678996246,0.0960222756325024,-0.055463616180362996,0.57026530369345,0.5653449633001801,4.0,0.0,casci,vtz,18,0.01
-80.82078760180163,12,0.9847732527673754,0.9846814467815406,0.9847734389214013,0.9847734389207383,0.9846814467842164,0.9847732527657795,1.5590551636798708,-0.26667176983540897,5.908456276941052,8.694244912259872,8.195413772598851,4.718555396182779,1.5098263555049645,0.11876958664108758,-6.12871553758543,0.012318374234304773,0.5118774512531025,0.11191966488319866,0.11246286498693839,0.022365680743303952,0.8907965407277466,-0.38023845963043323,4.0,0.0,casci,vtz,18,0.01
-80.62300942774358,13,0.9846449816894134,0.9845529229908899,0.984645166952069,0.9846451669505276,0.9845529229907187,0.9846449816902438,1.2292216890701801,-0.3765997061758683,5.907686143263862,7.657330162373746,7.8474015998006035,3.7436089100648218,1.1495163061215843,0.10037728016257794,-5.707338884169558,-0.09815204127371432,0.3107279542861286,0.09359830346726256,0.07251635705332188,0.3945705407811586,0.9393369014913424,-0.8047344893527117,4.0,0.0,casci,vtz,18,0.01
-80.43470049505414,14,0.9848003444586738,0.9834546257168961,0.984800533745002,0.9848005337379803,0.9834546257206799,0.9848003444631724,0.9055367399688753,-0.3062665712143076,5.906111007842404,9.279758414569894,7.764185387352633,2.7397221032251915,0.8332968901475074,0.07428518059144727,-7.84128651927136,-0.10686095588162792,0.2862503480392089,0.07013957761846565,0.16354657969996678,0.11341347453789155,1.6007036559932066,-0.47437121932299253,4.0,0.0,casci,vtz,18,0.01
-80.43326512476149,15,0.9839654886010012,0.9851471753558647,0.9839656871621976,0.9839656871672147,0.9851471753568459,0.9839654885968057,0.904276427273927,-0.30561627126427704,5.9061567022399295,9.28498290302053,7.7639835242111666,2.735530685946496,0.8322052279070726,0.07406861767641493,-7.846492064098893,-0.10639983764857462,0.28660751711212723,0.06993024353555316,0.161148066856322,0.11204061845825011,1.6020003062943138,-0.4703002756647756,4.0,0.0,casci,vtz,18,0.01
-80.43211239449286,16,0.9844244356313852,0.9843441918955007,0.984424757095997,0.9844247570909259,0.9843441918966929,0.984424435628541,0.905517252700288,-0.3495667376803657,5.906386769239043,9.094847666971575,7.913874058054704,2.7597899654542615,0.8233341231682492,0.0761888671099733,-7.669575678945618,-0.13630054724617624,0.2498000734327006,0.07197682503997398,0.06055677150429858,0.17172142541291346,1.5610759227299158,-0.6783940060467435,4.0,0.0,casci,vtz,18,0.01
-80.26639565685517,17,0.9836885272626713,0.9848211090893999,0.9836888301629012,0.983688830165705,0.9848211090894123,0.9836885272597629,0.6135492271230563,-0.1612447688469494,5.904396933029853,8.93129570787855,7.775445409375907,1.8187867035412384,0.5655164551606162,0.04809528959575339,-7.957502825584511,-0.045411210654398335,0.1866459077864469,0.04554925834922735,0.02982517754579367,-0.030765992516142267,1.745927485822618,0.515667398614081,4.0,0.0,casci,vtz,18,0.01
-80.26423907557853,18,0.9844804933611886,0.9832716859038737,0.9844806556334067,0.984480655628298,0.9832716859025323,0.9844804933655773,0.6115924224130747,-0.16178450818456025,5.9044656697948765,8.932186043592617,7.775407029042725,1.8125377665243165,0.5636305933692143,0.047788586750171405,-7.958411624018209,-0.04511128388878079,0.18706016430248323,0.04523014802457216,0.029602079720272078,-0.030580670931880986,1.7461593011109504,0.515443787048408,4.0,0.0,casci,vtz,18,0.01
-79.92182034420111,19,0.9835948188789643,0.9835936507512768,0.9835950302883949,0.9835950302889384,0.9835936507511704,0.9835948188794441,0.024318099390965194,0.038224756612390845,5.901566999838188,8.12704127581437,8.126762913628028,0.06525576941739968,1.3598957804244635e-10,1.5469073871183892e-10,-8.127041275160254,2.9823245370678566e-11,-0.05133679702860096,-4.041368436728944e-11,0.0005162420728119098,-0.00010394611578283822,2.0317603186265347,2.0316907280569385,4.0,0.0,casci,vtz,18,0.01
-76.37128505164765,20,0.9857163816286966,0.9808190539090379,0.9857162909797283,0.9857162909369803,0.9808190539090123,0.9857163816713344,4.958688452419636,-0.014830764598292513,5.90450345303479,6.4753709909556765,8.386132534352239,14.685471987057653,4.918826399276325,1.1617331489036742,-2.7985503077820764,1.93666665758435,2.2729734605109133,-0.3441341926372463,3.3758920417475204,5.162756137320741,-0.21956759384788088,0.8639929373740609,4.0,0.0,casci,vtz,18,0.01
-75.83537945541418,21,0.9846091035155513,0.9821359105974317,0.9846091551327112,0.9846091551166651,0.9821359105921306,0.9846091035445845,4.488760714766398,-0.3164976698304289,5.902708338499074,6.930538069413308,8.450013050112076,13.661749307435176,4.154399339856416,1.172051497026524,-3.5515862812086785,1.102688607976257,3.1279167686645897,-0.3468553747305514,0.3575466234738963,3.8911671829061323,0.04315862325101205,0.04200657897171789,4.0,0.0,casci,vtz,18,0.01
-75.4807763667062,22,0.9800715777700378,0.9747936310239185,0.9800748536143103,0.9800748535793111,0.9747936310251692,0.9800715778070609,4.438062510164867,-0.003822801910050558,5.869880124819808,6.684714797392266,8.352116097339106,13.179977034397886,4.321201214272473,1.0776441438774593,-1.864617599368649,2.1741511257525934,2.3767932247787034,0.2641511601602569,2.395127293604466,4.8337518906449075,-0.7388698996637421,0.48194877646733914,4.0,0.0,casci,vtz,18,0.01
-75.32604500700127,23,1.0191790197514847,0.908657202768802,1.0191766362703376,1.0191766358475145,0.9086572027692705,1.019179020172688,4.257681339319336,-0.19112941749897625,5.894025717580098,6.841904492440495,8.27147704506633,12.949591148685778,4.021594168916026,1.0891091954547951,-1.925692615773496,1.2319580620877606,1.8588586743909399,-0.33432138138420264,4.334483087741246,0.06469272347629693,-0.7476298152233758,0.5636945280830192,4.0,0.0,casci,vtz,18,0.01
-75.31377339828667,24,0.9481139091169899,1.051021506131312,0.9481126800144992,0.9481126803757087,1.0510215061347659,0.9481139087669799,4.26159815245416,-0.1862029595494305,5.894496190540256,6.844463658205047,8.27201629060086,12.973975729458274,4.02837083916027,1.089443182717012,-1.92929431411756,1.232089915026869,1.8553070869399293,-0.33611225992028226,4.344899201418035,0.07219589072001295,-0.7464687574924818,0.5632025567337394,4.0,0.0,casci,vtz,18,0.01
-75.26907465982575,25,0.9608521361127084,1.0235814790579116,0.9608526269525008,0.9608524867541428,1.023581479055903,0.9608522763198788,3.6648709283264207,-0.8842868303210895,5.890572484253045,7.474736788820319,7.832751221937055,11.433205418026446,3.4303874630291684,1.044705319755085,-4.765185826283107,1.1250029731358766,2.020912797728346,-0.3314557280533501,1.2223736538487642,1.6834117810337355,0.5139087159364732,0.3220973507790989,4.0,0.0,casci,vtz,18,0.01
-75.26906778724751,26,1.004933914803065,0.935422019696571,1.004934307525526,1.004934447673034,0.9354220196972094,1.0049337746553415,3.6650656963580204,-0.8848840180066557,5.890580484050746,7.474254882397649,7.834486982192842,11.433798559375388,3.4289043828452943,1.0448040180883573,-4.762779221988554,1.1246047409062125,2.0217492760826663,-0.3302798292133705,1.229252804055063,1.6813414335911805,0.5128258903948643,0.32430383526855355,4.0,0.0,casci,vtz,18,0.01
-75.08420956541282,27,0.9839243766265158,0.9759541456608991,0.9839250697890813,0.9839250697311913,0.9759541456590947,0.9839243766885527,3.202419366100461,0.06273434976781318,5.8876071841553355,6.271751938484,8.763668682433732,9.385287290173457,3.1979603386980218,1.0871705288647293,-1.2547062556427335,2.1662042634706777,-2.602296832117441,-0.6792613418464679,-4.408142038889243,5.473905192023829,-0.9405848567996329,0.9702202249019765,4.0,0.0,casci,vtz,18,0.01
-74.67112094940767,28,0.9779447830697185,0.9818625966354397,0.9779439656456062,0.9779439656088351,0.9818625966385972,0.977944783105791,3.228060670175011,-1.194001831020883,5.875502690703987,7.458881682785074,7.752036163400481,10.427751892153392,2.6240608674197294,1.0323320554187383,-4.258794812840799,0.92647884235985,1.884878528437273,-0.05722171571055701,0.6751321099172971,1.9924548271721303,0.26467698572413095,0.5056098463537883,4.0,0.0,casci,vtz,18,0.01
-74.67021671993281,29,0.9839832993996529,0.9698212234567533,0.9839831514560428,0.9839831514241055,0.9698212234589432,0.9839832994301914,3.2244855269798918,-1.1986554916381056,5.875575348625689,7.455244621252637,7.756521591074733,10.42469559297598,2.6193096524650725,1.0319738589620906,-4.257386451499649,0.9270031043919104,1.8797431960130928,-0.05942644627809675,0.6377065797585435,1.987400929068659,0.2648820704366651,0.5048647505879995,4.0,0.0,casci,vtz,18,0.01
-74.42310599266199,30,1.0650124321854717,0.8010124734488853,1.0650138653513885,1.0650138645317622,0.8010124734503477,1.0650124330018862,3.088376056629462,-0.5953322977423745,5.862077541969741,6.57445386690549,8.399973054337256,9.322458501207896,3.4213874154401416,1.0089330170378834,-2.797762520058371,0.949809579275938,1.2268725586461167,0.05687864846000358,0.9030630736190212,0.31647691907507247,-0.24473220669718682,0.8602098837684276,4.0,0.0,casci,vtz,18,0.01
-74.40973472110761,31,0.8923212590357938,1.1464869351145692,0.89232057319402,0.8923205739022624,1.1464869351238103,0.8923212582921669,3.1142200278067538,-0.5659103024385739,5.862257534662623,6.590525287183554,8.379637514123807,9.38731611028253,3.447849371403885,1.0093966951215927,-2.816020370341127,0.9495971258979481,1.2266817952882176,0.06794086107011402,0.9510523247990061,0.3476297937538717,-0.2396211366253249,0.8496427574239498,4.0,0.0,casci,vtz,18,0.01
-74.36531322194493,32,1.0686413621491218,0.8036669916030434,1.068642514709198,1.0686425121561824,0.803666991602239,1.0686413647068227,2.983043044758671,-1.5333451782141272,5.881901736926607,7.5324396373259805,7.5867792116289126,9.656314167146974,2.159261208967627,1.0665727811594183,-4.697007575886639,0.24594195758509796,2.5273708546771623,-0.2770658315737598,1.275024699452079,0.8402959751802122,0.4653938786118244,-0.04742506857348672,4.0,0.0,casci,vtz,18,0.01
-74.35271107465141,33,0.8938549490027174,1.1534488899098818,0.893853766750025,0.8938537692705819,1.1534488899128696,0.8938549464818957,2.9813395014624007,-1.527192362500291,5.882315211327972,7.525475196622503,7.593522343590825,9.648497247069944,2.162449314150626,1.06696912637294,-4.68255638743002,0.24050245203130738,2.5340852685696964,-0.2812788313382839,1.2844365280599095,0.8339485306756138,0.45990939455938384,-0.04199908393609264,4.0,0.0,casci,vtz,18,0.01
-74.1053476941666,34,1.0208724271469984,0.8939810100838039,1.0208759782507157,1.0208759777704635,0.8939810100819523,1.0208724276433934,2.3474873490189365,-0.4574364792143246,5.8714588309773275,7.500237732375677,7.743076236548873,6.790792301492869,2.1255395228515157,0.9351662814536625,-6.0662156363347055,0.4849153826177096,0.33920001207115136,-0.44084655286599495,0.8576890124576995,0.26015940491606365,1.1580483850734333,1.1427897032717396,4.0,0.0,casci,vtz,18,0.01
-74.10018703982834,35,1.0292259612336276,0.8685335655458049,1.0292257594496927,1.0292257588573874,0.8685335655259357,1.029225961815894,2.8630017317747436,-0.09506782704209633,5.853970572428342,6.927550936351052,7.958302924143442,8.8822336771083,2.6360764639265732,1.0395886795750273,-3.0432319101479095,0.18040867045643816,0.7859759736625245,0.3672599230332666,-1.016062781635409,-0.6233897997455778,-0.2102717790138081,0.15746414917792828,4.0,0.0,casci,vtz,18,0.01
-74.09257186543158,36,0.938528558344267,1.058944237096592,0.9385282084294624,0.9385282088555593,1.058944237096649,0.938528557912502,2.3527156139738037,-0.44046096850953975,5.872002007735032,7.500502871197808,7.744542958511885,6.812542344938488,2.1350170455153554,0.9360102981492362,-6.067521996802915,0.4859935552582733,0.3224228421998495,-0.4442207354641349,0.8566133043356647,0.26062364398675897,1.1586352806020055,1.1433363171154576,4.0,0.0,casci,vtz,18,0.01
-74.08742344638407,37,0.9229033410698049,1.081371913314006,0.9229037620888737,0.9229037626656986,1.0813719133183757,0.9229033405101361,2.878936367037486,-0.08915627014144227,5.854358032966895,6.924706522499058,7.962937922206068,8.920109137384705,2.647889744024404,1.0415605021797807,-3.0362823684698226,0.1728548291711371,0.807755681926015,0.3684640752469509,-1.0011055213845905,-0.6144024417487038,-0.21303544638985333,0.1681188835892975,4.0,0.0,casci,vtz,18,0.01
-74.06312447523592,38,0.9585368891391419,1.0183419707026609,0.9585362595564348,0.9585362580543628,1.0183419706999262,0.9585368906413303,2.3948551651415286,0.31994177049542083,5.870830238793857,7.374671159322892,7.624040607466776,6.913090052794692,2.588248685349552,0.9846686242470154,-4.704007766845283,1.2937245203795467,-0.7825721251778621,-0.3816734413062966,-0.06162684973860322,1.4703902392556234,0.5083360935919183,0.14432651970741334,4.0,0.0,casci,vtz,18,0.01
-74.06252296536805,39,1.004214951617377,0.9269960096419725,1.00422477706265,1.0042247784449598,0.9269960096363697,1.0042149502166482,2.3947333969445594,0.32184024724862953,5.870871476619978,7.374223095210773,7.624502855131638,6.907659255155256,2.587457929339436,0.9846890170201041,-4.70357222900377,1.2932189808150865,-0.7846006803878129,-0.38134418867497594,-0.07020142728059424,1.4694506547109707,0.5082303406991915,0.14473128068110896,4.0,0.0,casci,vtz,18,0.01
-74.0436702514327,40,0.9863765245390246,0.963743083953359,0.9863682438397375,0.9863682436373897,0.9637430839578978,0.9863765247277357,2.5553298951478842,-1.3835758150155066,5.872975704655144,7.343840218529282,7.631064260626602,9.232955980526985,1.819097532530196,1.017719275038556,-4.169835249830843,-0.0028528800133212906,1.8089824329871966,-0.12979867238410775,1.13805165949779,-1.3501269118229433,0.24895757028310134,0.46518177150644874,4.0,0.0,casci,vtz,18,0.01
-73.93112175160445,41,0.9847195895175247,0.9652631001363483,0.9847165293344767,0.9847165292512439,0.965263100138736,0.9847195894655166,2.464454257766973,-0.8160797358515492,5.869398437843847,7.502110427011983,7.956713341101143,7.166143939965362,1.9595768560571,1.0010857658549936,-4.533719608334808,0.09195015294402357,1.8672156350435678,-0.35391579164886844,1.6342700542352329,0.5358298995668249,0.39133219741440783,0.2684894304872751,4.0,0.0,casci,vtz,18,0.01
-73.90121667360663,42,1.0495718782374783,0.8369354815441779,1.049576380883075,1.0495763781332128,0.8369354815109541,1.04957188097268,2.975846773096862,0.9634786172706333,5.872167481281578,6.582548186016668,8.504627307236474,8.364534179335156,2.3236336763847767,1.0137614677083067,-2.5347927705911353,0.8773772244874151,-0.8978146273350394,-0.44539227969869477,1.710713335061663,-0.0895763569746537,-0.3782406612085995,0.9671983055760784,4.0,0.0,casci,vtz,18,0.01
-73.89401694057997,43,0.8952540984381454,1.1453879096458177,0.895248805853091,0.8952488087476335,1.1453879096455166,0.8952540955452946,2.9946914998694583,1.0076631235650089,5.871781627875498,6.582003065757187,8.49581312317508,8.406744348751001,2.337021336618229,1.013323577310464,-2.5218894952378865,0.8859780060564756,-0.9292289610563317,-0.4337250792199333,1.728867333521782,-0.08385108624880117,-0.3845560188203533,0.9686506203886165,4.0,0.0,casci,vtz,18,0.01
-73.83815147740403,44,0.9753050284289395,0.9692272238789141,0.9753020672273891,0.9753020672283311,0.9692272240163382,0.9753050285118963,2.463911592282405,-0.10250581944697013,5.8396686392918085,7.825272392682054,7.5715671956635235,7.268098940583499,2.2895146525781933,0.8539127688442991,-6.007050193555887,0.34466791108485706,0.09858807335978714,0.15269073429239022,0.7568000210889441,1.5887200004563664,1.0472069986074302,1.250185559796796,4.0,0.0,casci,vtz,18,0.01
-73.83214668260837,45,0.9797850437584503,0.9786948520020889,0.9797844832076901,0.9797844831756408,0.978694852003377,0.9797850437800437,2.2141441603336247,-1.7564310583536296,5.876528757927291,7.97779919570499,7.319509999615929,8.02933341258059,1.0598664563428153,1.0066141128841286,-5.900550792787454,0.1232148423705747,2.07842203038104,-0.3872451639692141,0.3208923917366693,-0.11777522857053348,0.9558255974674794,0.03256798176833897,4.0,0.0,casci,vtz,18,0.01
-73.69149214923158,46,0.9836790300822722,0.975567978680649,0.9836793297421418,0.9836793296838501,0.975567978677462,0.9836790301478318,1.6349945063173248,0.04635963422977942,5.885852677014207,7.138416337964802,7.967836695372831,4.84476910808891,1.606850564822098,0.9525944413409909,-5.949220396197365,1.4233418987988578,-1.5916809781956744,-0.7252987361510148,0.9417835107110287,1.6435988803461408,1.1900061136074818,1.1536021320197516,4.0,0.0,casci,vtz,18,0.01
-73.67002473400353,47,0.9489374740022462,1.0400145352931642,0.9489315212466337,0.9489315211550458,1.0400145352847603,0.9489374740656917,2.503104635389299,-1.0408244394960855,5.875767061047542,6.581709443977752,8.163327036134909,7.539500606432951,2.57210257202187,1.0649383765438847,-2.249869325581119,0.10072051797585416,1.6405508256364016,-0.5358263144854571,2.720998247064824,-1.509533722283587,-0.5204926982038787,0.20096040463272746,4.0,0.0,casci,vtz,18,0.01
-73.66090380969577,48,1.0074332995051647,0.9233175306346857,1.007439213666622,1.007439213751241,0.9233175306390915,1.0074332994117792,2.4989167563214822,-1.0430565592209886,5.8763800876085845,6.587399756302071,8.159658397320843,7.534194091333562,2.577493880460044,1.0645786925679115,-2.261689955769227,0.10866748860158573,1.6413744131523869,-0.5458750586644399,2.74137867044546,-1.5075304678474364,-0.5160049611909044,0.19335705409781467,4.0,0.0,casci,vtz,18,0.01
-73.54433797190012,49,0.9057769829900161,1.1098835347968428,0.905780015240784,0.9057800156010767,1.1098835348519933,0.905776982578045,2.1529071052600193,-1.0944189307015213,5.842881066058758,6.110926409083788,8.664388318735782,6.455740798967106,1.8462204222509477,1.0320933095790594,-2.4714556022818823,-0.6630146964982492,1.2547180215637816,0.5199865146651531,-0.6521330549934485,-1.2015450848862588,-0.2920038011300061,1.0044519748458316,4.0,0.0,casci,vtz,18,0.01
-73.53215129960459,50,1.0449985510338697,0.8317725487681211,1.044995827844343,1.0449958274113147,0.8317725487699474,1.0449985514561486,2.153733404372623,-1.095465687188236,5.843533855283745,6.109232006804198,8.665308144893743,6.425922499262805,1.8522267125036502,1.032442404038565,-2.466303394881253,-0.6620293040275423,1.27115408318917,0.5133541761481234,-0.6049469445520597,-1.2039971344359917,-0.294156304260423,1.0063819727784749,4.0,0.0,casci,vtz,18,0.01
-73.45918386266239,51,0.9472362081390375,1.0077102451572526,0.9472387275063816,0.9472387275132192,1.0077102451652578,0.9472362081371712,2.5093714490610464,-0.7277761640868607,5.80437036161832,6.41174954514511,8.271779887946442,7.7811428500282105,2.7631058922857132,0.9670074217692235,-1.2866710094589173,0.9274135088647882,1.1137983385173067,0.6739723947684712,-1.5430834390406734,-0.8176497683255541,-0.9596018815568187,0.8067700217431844,4.0,0.0,casci,vtz,18,0.01
-73.447348912324,52,0.992078649203822,0.9179030012736095,0.99207308724382,0.9920730871232855,0.9179030012611398,0.9920786493385312,2.5150764859120027,-0.7313335054407771,5.804109475444208,6.4160314547518515,8.264400053930553,7.796446654135963,2.764972326872038,0.9662065491818097,-1.2909869547019086,0.9445944766309647,1.1284364937553732,0.6708792052945223,-1.576939189269126,-0.8377489713614936,-0.9585143863370085,0.8045622234720744,4.0,0.0,casci,vtz,18,0.01
-73.36623417390732,53,0.969049381204007,0.9816456605412183,0.9690595699464526,0.9690595700730477,0.9816456605890995,0.969049381115795,1.8178750341546897,-0.27490742602115315,5.839509223469619,7.384115518209967,7.371966554757905,4.7707343062135035,1.9285328869333132,0.9408059647188776,-4.860385462748287,0.11638730200032898,0.12685146788818347,0.2678903275849125,-0.503292140535996,-1.5468638977679596,0.5841638518216519,0.03794444295898902,4.0,0.0,casci,vtz,18,0.01
-73.29741657309417,54,0.9749371159744002,0.9729203821391783,0.9749390988310951,0.9749390988272035,0.9729203821349846,0.9749371159924368,2.09783548101789,0.11547633009235783,5.845593193899299,6.182309827691833,8.815885595215278,6.298673738004332,1.9065290865291704,1.0517428450723316,-1.5530396467330954,-1.3740166728083025,-1.4882977883467188,0.9895963574040894,2.7928506697592903,3.3319926001119344,-0.7690576335564109,1.0173183763480933,4.0,0.0,casci,vtz,18,0.01
-73.25535393892886,55,0.9740561577491108,0.9843818943115028,0.9740565928475986,0.9740565928341443,0.9843818943121356,0.9740561577648938,1.6096944046458606,-0.636512799447158,5.864989289819386,6.998733001644014,7.623374948646326,5.949196704762263,1.586097950840506,0.9684034693382921,-4.228852613480409,0.17542383768765746,0.9776934486344244,-0.5006755747601859,1.0300168711223385,-2.2991703184332315,0.3647430563292014,0.1195278841326774,4.0,0.0,casci,vtz,18,0.01
-73.20370045380051,56,0.9007733560213094,1.1242110361584583,0.9007724500859201,0.9007724497297962,1.1242110361562254,0.9007733563654978,1.478820634562147,-1.9595595117051006,5.851513684517207,7.471641819770573,7.516019080210094,4.606516875399468,0.8352242478594261,0.9704844997124329,-5.075523520703911,-0.7431161210592196,1.72256621059578,0.09863332922567841,0.725826663453385,-0.42400701871313384,0.6698513054093116,-0.7050660241156312,4.0,0.0,casci,vtz,18,0.01
-73.19672558882587,57,1.0591504993713279,0.8078062146278977,1.0591531264422511,1.0591531265440661,0.8078062145995808,1.0591504992000313,1.4833473591395037,-1.953720201179169,5.852219680785155,7.466554188579768,7.523011737311687,4.613541459603285,0.844953282702555,0.9719756200231684,-5.06801620328637,-0.7462184725123017,1.7489391873271731,0.08358739507332891,0.6959351461055061,-0.43768976061997544,0.667369554498243,-0.7059483244067144,4.0,0.0,casci,vtz,18,0.01
-73.1348762545082,58,0.9682424423558502,0.9975221256071356,0.9682410008141722,0.9682410008948732,0.997522125664381,0.9682424421339533,2.6225260583140297,0.0029189938967440123,5.868011137470366,6.5073966157896574,8.937827429044413,7.992751942560268,2.244252622174579,1.1229073968314807,-2.914701181007688,-0.9605457983430634,3.035919454640259,-0.5983398202571291,-0.46371822742633906,2.49776448106739,-0.16949856344357012,0.6289172090811017,4.0,0.0,casci,vtz,18,0.01
-73.12690794381092,59,0.9738878544347289,0.9769343818272742,0.9738888921188706,0.9738888921541372,0.9769343818310519,0.9738878543891243,1.940597914712602,0.17432260433137262,5.849422256755187,5.9880973328135,9.064304909623488,4.474958635254079,1.8065801429238086,1.0538020102793313,-3.0416024321970694,-1.26139419532337,-0.21835341020434973,0.7292332769368747,-0.055500111503147875,2.1386650970436616,0.023776882895159723,0.9594946511337133,4.0,0.0,casci,vtz,18,0.01
-72.9187966173882,60,1.0302625859857535,0.8508593571747385,1.0302633058936255,1.0302633050447478,0.8508593572634251,1.0302625868614963,2.2895555973600783,1.1068983915672277,5.822770498223787,6.918275707649182,7.983475031941147,6.181753666041511,2.340075062300747,0.9755828389836891,-2.949483468181617,-0.29770679374136866,-1.554486879184883,0.4042598761948159,1.5496681388945488,0.34540634133580594,-0.2548271928214874,0.557301282456536,4.0,0.0,casci,vtz,18,0.01
-72.90913049520715,61,0.9740918297506849,0.9737062215693261,0.9740920768703734,0.9740920768895598,0.9737062215646326,0.9740918300208463,2.1842442029760756,-0.020925731994133084,5.843780256665424,7.820550051041655,7.749327001263527,6.298123886789353,1.618232915255199,0.9253536881815936,-5.3138501322916,0.27469851576449666,-0.0379166313252369,0.20299496123974875,1.8143810754858976,0.5272202822500693,0.7017875533853863,0.4875303757121424,4.0,0.0,casci,vtz,18,0.01
-72.8986974017943,62,0.9091631581415658,1.0933042246323623,0.9091604954616007,0.9091604963164949,1.0933042246525102,0.9091631572733339,2.2988027471706234,1.1068353309974854,5.8232557564778675,6.916981325020025,7.986925156380116,6.201139444948664,2.3484537142948034,0.9756613910426857,-2.9259860677605594,-0.29864914169646783,-1.5813412876347153,0.40425515638566406,1.5304812198340805,0.3352247555554757,-0.26625229737472605,0.5657438268108685,4.0,0.0,casci,vtz,18,0.01
-72.85263403645219,63,0.9924934919320613,0.9402596341314924,0.9924946077418396,0.9924946076212513,0.9402596340577236,0.9924934921403149,1.3030604649556112,-1.3160745819401063,5.8504954676246825,7.107987074531775,7.7405638850550265,4.301752977021403,0.46673390966991557,1.0167462802274845,-4.9453939944298675,-1.375741436232611,2.0999785888997478,0.12081805887831706,0.6407481391633805,0.4952594423764484,0.69570022858199,0.1111979660159661,4.0,0.0,casci,vtz,18,0.01
-72.84987792147187,64,0.9624343457366833,1.0005513270516984,0.9624400208185018,0.9624400210147425,1.0005513270778348,0.9624343455643745,1.3109846560708425,-1.3348265426405046,5.850851387263835,7.100243907966819,7.730978584161049,4.261974646858798,0.5007460327966406,1.0183419655739985,-4.894974181927351,-1.3822958239807779,2.1326786601685686,0.11015415110823615,0.7407959694993834,0.4871883788312467,0.6724261139719708,0.10507450227107856,4.0,0.0,casci,vtz,18,0.01
-72.814089040714,65,0.9738333670588035,0.9727912352908039,0.973830738127965,0.9738307382416431,0.9727912352514169,0.9738333671259467,1.3590665607157009,-0.22285750246106173,5.840910681096579,6.976969020836901,7.778758787929735,4.688036570076477,0.634870372449969,1.0327648318158666,-4.653256189345699,-1.8076103020379557,-0.4273561305571494,0.9159591279140323,0.4637768416209955,1.9545924187805692,0.5823858394636243,-0.6349258480582104,4.0,0.0,casci,vtz,18,0.01
-72.73136580918555,66,0.9651044119729655,0.975136398272588,0.9651100016298867,0.9651100014359452,0.9751363982600464,0.9651044120892345,1.3108882396161263,-0.10679187599646535,5.810701623660666,6.784944426488824,7.631830939565895,3.846832887523994,1.1922665627305213,0.9202524067960591,-3.9081559596842332,0.04785235016458751,0.02631345165077087,0.6628426484448753,-1.0030643633174523,0.3605111931789207,0.2578418732199107,0.15945232415295196,4.0,0.0,casci,vtz,18,0.01
-72.71424741872795,67,0.9586538487169911,0.9867294231243815,0.9586571465350912,0.9586571470703223,0.9867294231285857,0.9586538481948458,1.2996330095222717,-0.14062823471903385,5.808080836770218,6.82139646401753,7.591146579405114,3.7938345208796176,1.1656356171187308,0.9109182926146686,-3.934403898082996,0.22679634494792222,0.023997687660353345,0.6718882586462249,-1.0129654345365262,0.6311991185043275,0.2618528330371153,0.13875521944328018,4.0,0.0,casci,vtz,18,0.01
-72.70455925816312,68,0.9858471315022184,0.9374807324366856,0.9858460545345122,0.9858460540570758,0.9374807324583314,0.9858471320078745,1.6039640729860802,0.20975800154755264,5.818347836996698,6.7565481702291486,7.785094010140686,5.041511260006867,1.7800657291115685,0.9485506637999119,-3.770568915797572,-0.11300220473886163,0.44945232642487626,0.4358195726918562,-0.9943266639691621,-1.2177860640407085,0.19614741534149893,0.34078906699552053,4.0,0.0,casci,vtz,18,0.01
-72.67646788302594,69,0.8960017290018419,1.1354356124773526,0.8959942347938463,0.8959942200597526,1.1354356125012095,0.8960017436917853,0.6936287631159499,-1.4702336482023441,5.8548631525257875,7.054289696672712,7.944395169668992,2.962392220843756,-0.4451829822000734,0.9329548970678694,-5.885117744198892,-0.6763432846926855,2.1555599717852374,-0.5805253679553113,-0.5662368365441334,-0.7082649267130023,1.1789864479312682,1.1170414975415084,4.0,0.0,casci,vtz,18,0.01
-72.6756091143462,70,1.053868766561032,0.8196808038005442,1.0538729899540342,1.0538730046688947,0.8196808037896721,1.0538687518557817,0.6939143952104223,-1.4764312949153764,5.8548451206299585,7.055776915766531,7.9434100907132965,2.96907083627541,-0.4530155040982349,0.9329258462491701,-5.885586916755508,-0.6753542932408947,2.1612739446450955,-0.5789097183717518,-0.5668826035248433,-0.7084309703191103,1.1788492294361212,1.1170644888108567,4.0,0.0,casci,vtz,18,0.01
-72.66287233212925,71,1.0351156157028858,0.8434077806422594,1.0351228226852185,1.0351228217674402,0.8434077806277364,1.0351156166424245,0.9284247819682392,-0.7137486853814005,5.827292438067964,7.712031664730351,7.369951938466279,3.1756807558789975,0.4300422946776411,0.9025777264164314,-5.743560037769254,-0.5606732128768808,-0.284379587638468,0.5081223260258392,0.22778443775302132,0.4095433853844709,0.9437721027020393,0.04510326674307463,4.0,0.0,casci,vtz,18,0.01
-72.65278120528917,72,1.033424630869685,0.8207201577206686,1.0334209245418084,1.0334209237315364,0.8207201576872672,1.0334246316608862,1.3942938389904862,0.017852164711914136,5.775131426211852,6.242636283384801,8.554445332434849,3.532025486218447,1.1535324738933008,0.8490933262090219,-2.1283052933970885,1.060712579790561,-0.39435625826578236,0.45763907193104725,-0.7570351812019438,2.155383845140192,-0.496506424147656,1.0332683568091228,4.0,0.0,casci,vtz,18,0.01
-72.64608964655767,73,0.9595234681710129,0.9753270553377715,0.9595259559723479,0.9595259559975899,0.975327055312403,0.9595234681169815,1.0891730169345575,-0.7012017198026883,5.788752958908106,7.428149087321495,7.2194208876657715,3.364692943036765,0.8910964512001839,0.8248479445554684,-4.421385486246526,1.058274933217159,-0.2997461665217583,0.48920753254482774,-0.040273310775461854,1.7497442755263333,0.353655471292889,-0.6555159039898626,4.0,0.0,casci,vtz,18,0.01
-72.64240175629882,74,0.9048792013980228,1.1034617887178872,0.904854275556336,0.9048542762627776,1.103461789146153,0.9048792003103335,0.9473623641786887,-0.7020182200197403,5.82639053139151,7.731797566649606,7.357335828714195,3.2359884235231418,0.467465174039274,0.8986273147521501,-5.739413534267751,-0.4583527600376823,-0.2587962748649675,0.4943852070985375,0.22138772273264562,0.4452967484657001,0.9367573754714736,0.05117379062137284,4.0,0.0,casci,vtz,18,0.01
-72.64113357047864,75,0.9459031752881141,1.0293822941645843,0.9458942242568265,0.9458942227136857,1.0293822941985153,0.9459031768389666,1.844534175675709,1.0218773055640558,5.842359387460693,6.336847951038907,8.60637351405343,5.582670101568462,1.6541501186370202,0.9714369856431271,-2.959757992629511,-0.3915171349284133,-0.7020249614392786,-0.33198270649245304,0.9182222719522923,-1.1778269259703413,-0.10433299144497149,0.9541094029537605,4.0,0.0,casci,vtz,18,0.01
-72.63100527276941,76,0.9256303977141731,1.0725607350164204,0.9256614796080938,0.9256614820196112,1.0725607350294142,0.9256303952565712,1.8811911174331442,1.1264820436762872,5.847705224644284,6.3629679907932015,8.60295590230795,5.842199475522007,1.6669097818604985,0.9807027928160104,-3.090375692541219,-0.5188110772909791,-0.7732220321767996,-0.37976927708095265,0.9547268979466246,-1.4442243330003566,-0.04555415142769087,0.944126148324572,4.0,0.0,casci,vtz,18,0.01
-72.50157141466947,77,0.9745680609211544,0.9616258646292011,0.9745663911134255,0.9745663910866792,0.9616258646209837,0.9745680609745796,1.4948678521020757,0.2798867193745483,5.821520633346023,7.704476109909157,7.244541217361322,4.566112954307713,1.3758253759189008,0.9206760989882798,-5.118448080700489,-0.02876382422610403,-0.6461040769192969,0.4755249032525767,0.6089222143601568,0.19808975223656022,0.6331050128729554,0.026817448126489618,4.0,0.0,casci,vtz,18,0.01
-72.39588293956544,78,0.9743076016200178,0.9780155995386567,0.9743097152276282,0.9743097152629563,0.9780155996124258,0.9743076014074793,1.2426713636924007,0.4875150553276606,5.853265832669164,6.361519278312626,8.826598624132108,4.028308024398029,0.7337408797618585,1.0090126743353682,-4.105128451492871,-1.047427398491601,0.7577156296337079,-0.6619552472128968,-1.334632172741719,1.7562141265519666,0.46218440616827905,0.8273646694804406,4.0,0.0,casci,vtz,18,0.01
-72.3153692256444,79,1.041583184297143,0.837398521868281,1.041586891444218,1.0415868904892123,0.8373985218180541,1.0415831852875783,1.4542198377184605,1.125367642172273,5.841137195204487,7.437589325010835,7.495032714989213,4.6600197553519855,1.389120997004601,0.9697514604949307,-5.075264742260972,-0.5854070034829092,-1.1230202926048383,-0.037093623031022274,0.3272719093131856,-0.32123338873231705,0.6782350398777772,-0.6346141885898227,4.0,0.0,casci,vtz,18,0.01
-72.2980210673393,80,0.9065010152142225,1.1076170117301096,0.90650162082723,0.906501622402941,1.1076170119369155,0.9065010139811409,1.4641247437618263,1.1173512020322829,5.84123929609256,7.439789540724204,7.493077133000579,4.695002060207531,1.3968602985965148,0.9703702453628873,-5.072055137079557,-0.5811317639980766,-1.1197288730399122,-0.025716684125059754,0.32758597986577553,-0.31531019811925415,0.6760801833587278,-0.6296006093646648,4.0,0.0,casci,vtz,18,0.01
-72.26312199325466,81,0.9810542361489385,0.9527994812322441,0.981052577205559,0.9810525771920475,0.9527994812692666,0.9810542361662511,0.9846436762712507,0.029715797315688082,5.829812589214307,7.262381710457152,7.748034766286573,2.723858226370636,0.7819541975616608,0.8863621517529513,-5.990352450186591,-0.5249776005708207,-0.9957950388881854,0.5373798959288685,1.3164595826848635,-0.6797077413316055,1.1795807974790073,1.1047635451515216,4.0,0.0,casci,vtz,18,0.01
-72.246702961839,82,0.9607178525497475,0.9937981692132216,0.9607222654789258,0.9607222654296093,0.9937981692226717,0.9607178523579893,0.9969091040681163,0.020892392021413964,5.830476574252165,7.2703137209355555,7.745237745381045,2.7523829315350743,0.7987353062413777,0.887064151804369,-5.992885257746181,-0.5207457825792685,-0.9856073829299998,0.5343552368294109,1.322532522056926,-0.681428887010834,1.1788641986392019,1.10537797760387,4.0,0.0,casci,vtz,18,0.01
-72.23883323171759,83,0.9244659224978153,1.0524370499249074,0.9244701747005658,0.92447017318022,1.0524370499443751,0.9244659240832873,0.6477014504215814,0.44699363241862133,5.802746294331171,7.185658442216548,7.557274759082187,2.2246416960115827,0.2892544846983875,0.816489054820541,-5.833120417757125,0.45328304621444987,-0.8359811279007823,0.4183663334521317,0.21855410658155774,0.1775362301838594,1.1201455983244255,1.0825377759744281,4.0,0.0,casci,vtz,18,0.01
-72.2331774650925,84,1.02820861732796,0.8447634603295121,1.0282010722840824,1.0282010735326144,0.8447634604718712,1.0282086158896955,0.6617699063400109,0.4324668699772232,5.802346299835736,7.200665934846469,7.541505213180191,2.26277328596917,0.29980348628854386,0.8147623072189359,-5.8378618358089485,0.4990971632017257,-0.7952192155065245,0.4084327600425742,0.24416188730170665,0.162775480698047,1.1187644341928569,1.08305307386297,4.0,0.0,casci,vtz,18,0.01
-72.1424962850957,85,0.9532363696949254,1.007015525735353,0.9532427335515395,0.9532427343341869,1.007015525794578,0.9532363689104995,0.26479254852076456,0.09807191749449806,5.826989258021083,6.7042760965873835,8.10757006899984,1.202293011589128,-0.3597368526958943,0.909321681495135,-5.7026349663301135,-1.6417888328719878,-1.6916869314952723,0.8760067359428028,-1.0315305609284686,1.053913306059826,1.1752484590182108,1.0819689364322476,4.0,0.0,casci,vtz,18,0.01
-72.13820658300247,86,1.0102789211234908,0.897369849864243,1.0102833024620723,1.0102832997510391,0.8973698498973691,1.010278923743003,1.0731669645027666,0.8352887190208358,5.835864146841217,7.203706152171948,7.658918536300913,3.3435398902131217,0.9403538795316286,0.9740180702957739,-5.130408878270445,-1.304943681137301,-0.7873671071339392,0.04623375257157354,0.43943411429316986,0.6534817744604271,0.7642779010922351,0.07375252700585533,4.0,0.0,casci,vtz,18,0.01
-72.13730441032529,87,0.9344672327447341,1.0490006976486912,0.9344676913396592,0.9344676940592925,1.0490006976289794,0.9344672301075938,1.0715130040018208,0.8346516557064285,5.83587124352895,7.207737626419775,7.658462002207197,3.3374962799734913,0.9379616731281628,0.9738887877047185,-5.13789384595454,-1.302829429070007,-0.7800453828575707,0.042831521063652775,0.43625955267867267,0.6491112832247453,0.7670125163723261,0.07368876513731787,4.0,0.0,casci,vtz,18,0.01
-72.00650218750363,88,1.0207640073311575,0.8819078731761146,1.0207686335389168,1.0207686315866749,0.8819078727654193,1.0207640094571517,0.9732882479992055,0.2550533373283877,5.846881027855435,7.286237366552186,7.6769650972904815,3.34862867133776,0.5842653594318855,0.9830285445334348,-5.302195093389329,-1.259535532290871,1.100675770642406,-0.641478492161111,0.002659601451553556,0.13486195565597275,0.829538205056618,0.05625772246326505,4.0,0.0,casci,vtz,18,0.01
-72.00370240279314,89,0.9229331385251927,1.0775224800542527,0.9229336783506868,0.9229336803980701,1.0775224800627758,0.9229331363475584,0.972228644885245,0.2551285671885516,5.846778593738537,7.287846712501736,7.676458010870179,3.333938278460725,0.5855350417062897,0.9825733345346193,-5.304461792413143,-1.2519998553841358,1.0969079785332005,-0.639317500051582,-0.001305206485598176,0.1371315417283497,0.8302692180811377,0.05615550871535174,4.0,0.0,casci,vtz,18,0.01
-71.9774268507692,90,0.9747704557740788,0.9737105133946543,0.9747709874415474,0.9747709872811581,0.9737105133686965,0.9747704559947666,0.9140309298731856,-0.08331602470728383,5.846503913254902,7.041986800383581,7.65967008955871,3.0407759111251744,0.6494228171847193,1.009347729731769,-4.799530976616403,-1.8029460278658327,1.4147612744496336,-0.8384327863281891,0.007985551287722714,1.603690188241658,0.6392687882123063,-0.7924324912103018,4.0,0.0,casci,vtz,18,0.01
-71.41281884850626,91,0.9858258267880021,0.9449723200903639,0.9856590291599737,0.9856590286448149,0.9449723194384372,0.9858258262803989,2.5485612822208945,0.20229337934157862,5.832914350401991,7.311881265186968,7.753098001433356,7.266995540840237,2.611945943905384,1.0583942777219,-2.72075378636605,0.7211570926200135,0.34638408265515064,0.07930998342761247,0.36311080563653214,-1.3622805749456723,-0.46759342311371704,-0.015576840565697525,4.0,0.0,casci,vtz,18,0.01
-71.40936509226104,92,0.9593828694349862,0.9975474639378854,0.959444481934485,0.9594444817438583,0.9975474639469959,0.9593828693786818,2.546965659014326,0.20892097449869312,5.832749630376893,7.309685253178659,7.755833793596816,7.253399132925928,2.611763785837931,1.058371423439383,-2.726069742012042,0.718866623786188,0.3531607138327427,0.08060419935611035,0.35273313284296726,-1.3589141226486314,-0.4643864422886436,-0.017759327835767835,4.0,0.0,casci,vtz,18,0.01
-71.39116565386132,93,0.9713396692729457,0.977713986037867,0.9713394253784302,0.9713394253041686,0.9777139879937052,0.9713396678439146,0.024520812811426866,-0.10422792370289902,5.840786161831032,6.693569060660958,8.181973068117207,0.6083560147721108,-0.39456331811386036,0.9276783169209817,-5.718486823087693,-1.7412632809544668,1.8282582147876258,-0.9113663158619068,1.0837840230024405,1.0838226958438504,1.1858511463786066,1.1005198575150226,4.0,0.0,casci,vtz,18,0.01
-71.36135580954792,94,0.9591978554242686,0.9980793721988916,0.9591489349779725,0.9591489364634814,0.9980793720191972,0.959197853854702,1.6354815695663356,0.15247749878106076,5.832852324938513,7.012137656230317,7.764413327808766,4.603914121392637,1.442341469790136,1.0226034410917706,-2.464491244693995,0.752697645243274,-0.8914955796167084,-0.37159413344292647,-0.5175540299662618,-0.11750476894610187,-0.5207887917105818,0.12215667138847941,4.0,0.0,casci,vtz,18,0.01
-71.3537107776539,95,0.9872452521537857,0.9419325471074296,0.9871835685176512,0.9871835735384262,0.9419325552902774,0.9872452556302043,1.6363102009219164,0.15143609161871924,5.832722752237774,7.011025440344717,7.764550641834284,4.611843154834471,1.4414525398103917,1.0225135112424524,-2.4645958777144443,0.7535642218803722,-0.8939027986372455,-0.3717786572244324,-0.5124421250496176,-0.11718294825579342,-0.5204584212289571,0.12193537982992197,4.0,0.0,casci,vtz,18,0.01
-71.21853572930202,96,0.9743040332380719,0.9786289438673945,0.9743078220826835,0.9743078182135019,0.9786289495286102,0.9743040331070572,1.1297472386158252,-0.03199922409602385,5.854481600037319,7.942895541536052,7.620041885709718,2.2668122992793416,0.8816898269007084,1.0049341382646697,-5.3347445634563115,0.6718506985425688,-1.0299891254963325,-0.2841015868352098,-1.6755794406378919,0.44957070125761045,0.681648396344143,-0.2905194960500761,4.0,0.0,casci,vtz,18,0.01
-71.17954236767612,97,1.0065864739052888,0.906757298552171,1.0066123953292783,1.006612367986957,0.906757266995569,1.0065864471341632,0.7834674527035397,-0.48890819973938937,5.839912249903427,7.658777859060269,7.729382464344619,1.877076045722792,0.49780368474454173,0.9644754546470582,-4.76329972665874,0.7421449421879558,-1.2266320508445294,-0.3164169874153058,-1.7535300027620249,1.0156463815709396,0.46695539856430224,0.33226699460096665,4.0,0.0,casci,vtz,18,0.01
-71.17407148696635,98,0.9413038228825725,1.0372206108844026,0.9413544493485828,0.9413544496950634,1.0372206110001847,0.941303822216573,0.7814631464756445,-0.4940699490548053,5.839757766027379,7.646802696670818,7.7367823955481425,1.8775655202724388,0.49481486491264126,0.9637363519702635,-4.739860612992092,0.7389632811841227,-1.2278213135879428,-0.3165508022461331,-1.7447297788893028,1.0193946686435307,0.45822963232834146,0.3402337410248524,4.0,0.0,casci,vtz,18,0.01
-71.16023059587008,99,0.9851463285319915,0.9470276720414855,0.9850587187555808,0.9850589605243739,0.9470276709583703,0.98514608632434,1.9674393152237428,-0.5739258627709318,5.834465437136142,7.26130437454734,7.353846319752062,5.435379770457392,2.196905213570007,1.01530921814449,-3.3990671928680842,0.40262066552749753,0.684579661884043,-0.05068882910421661,0.15755742575724413,-1.6081358148829592,-0.11579249720279255,0.4368497347699776,4.0,0.0,casci,vtz,18,0.01
-81.41752919276797,0,0.983846752964438,0.9836238502830363,0.9838464174719226,0.9838464602286134,0.9836238749337993,0.9838466568339987,3.5353024206670396,0.02445333071915553,5.902634012715808,6.7758579885244705,9.403473405836348,10.425812932976172,3.535376903249558,0.1966433549173241,0.9797745570927487,0.3771149615113336,1.4890350258700982,0.1844854013394005,2.2705765831587104,1.5943668085083136,-2.183851775677492,1.9439089583498657,4.4,0.0,casci,vtz,18,0.01
-81.17850799006736,1,0.9833072874796152,0.9830826343230739,0.9833072926204984,0.9833073121550447,0.9830826356338457,0.9833071651809551,2.9038009802905185,0.020771968361692178,5.899394327393033,6.209422555619938,10.545306347798412,8.548773305619495,2.899030463807497,0.1579863261260602,0.3442740177167109,0.28891136284063046,0.8538925928860628,0.15184969489816746,0.7390435743771523,0.8697778193772057,-1.7244926477633398,2.145579055996016,4.4,0.0,casci,vtz,18,0.01
-80.99370696218051,2,0.9830083382844388,0.9828652333483248,0.98300803286387,0.9830081346402133,0.9828652764854267,0.9830082763886596,2.4673026761488988,-0.12225435399045531,5.897763292010933,7.5928535935526815,7.779525084320665,7.2818932717925655,2.445079006309462,0.13628766918867308,-2.0486438535117975,0.12245958702042434,0.6754009133842453,0.1313665553898463,1.1094925536293845,1.121015552611808,-0.873891471632272,-0.8760662747707859,4.4,0.0,casci,vtz,18,0.01
-80.92736510637839,3,0.9830263104869006,0.9826756332553082,0.9830266510322779,0.9830268077805699,0.9826756814648858,0.9830261492722534,2.3172280317135723,-0.08207897532246396,5.8974572332921955,7.853912111562083,7.769160708559969,6.836831453039787,2.3002674751052004,0.12930126190518945,-2.759507009986331,0.15656054513786968,0.860681422842947,0.12283751054478834,0.6029859062414925,0.3761425179888401,-0.5837245228973551,0.07595469178493602,4.4,0.0,casci,vtz,18,0.01
-80.92697343201506,4,0.9828817471981319,0.9829697855096251,0.9828813624138422,0.9828813513231043,0.982969765942276,0.9828817450328465,2.316612898014036,-0.0825866298384561,5.897465757419826,7.850075390900969,7.768683778422545,6.833952996356283,2.299633711527699,0.1292358874479278,-2.755848445364997,0.15649390238240404,0.8603881587241134,0.12277075627991693,0.6052853419930275,0.37840236251577086,-0.584594625042744,0.07176895563406466,4.4,0.0,casci,vtz,18,0.01
-80.82538317398674,5,0.9824898328331675,0.983253394274991,0.9824900911115801,0.9824899144169001,0.9832534131169244,0.9824898113272682,2.054234739978191,-0.08351828752419763,5.896466457080832,7.616147222298061,7.769758340388431,6.071108848561293,2.037457478241329,0.11354325752680147,-3.0432329283141586,0.15149595387093281,0.7086855647627046,0.10855950812416326,0.59748870627961,0.4136355664412157,-0.38242034141743564,0.46284715735528614,4.4,0.0,casci,vtz,18,0.01
-80.82433587080169,6,0.9830892430963714,0.9820706139504405,0.9830885462367913,0.9830887913941269,0.9820706217695734,0.9830890108863507,2.052928588828208,-0.08398539172565003,5.896496827333655,7.616350586633166,7.770141041163203,6.068451015105229,2.0361676813211194,0.11339681551600134,-3.0434411288483503,0.15165526256077566,0.7093731115851447,0.10840494478655985,0.5961992902239093,0.4119396839975304,-0.38236708223411625,0.46314122042347977,4.4,0.0,casci,vtz,18,0.01
-80.67504650115704,7,0.9833947539370176,0.9806719662445887,0.9833946166434121,0.983395215670924,0.9806719771579587,0.9833941561908393,1.691077602079933,-0.164113114224681,5.89492268584474,8.257037674779351,7.751287109399077,5.026498195372937,1.6640200020455618,0.09491364871595312,-4.524674206929548,0.04123327543612336,0.4894248303947347,0.09127095625282121,0.07009343429410292,-0.008738913006894026,0.1980776847699366,-0.9052875146238097,4.4,0.0,casci,vtz,18,0.01
-80.67081323373496,8,0.9816683017449344,0.98418664397606,0.9816688258739099,0.9816682589197323,0.9841866627597619,0.9816687964975819,1.6862088318670811,-0.1634112491117517,5.89504748977198,8.257919098309262,7.751453866727982,5.011279243694297,1.6592427500501512,0.09434276449707746,-4.524626101293923,0.04099633957094537,0.488152237740395,0.09071943950713826,0.06976074178373422,-0.008727303699552734,0.19783327606964596,-0.9056488554281465,4.4,0.0,casci,vtz,18,0.01
-80.6592722612094,9,0.9825070270062,0.9823898456098947,0.982506841449194,0.9825068934668508,0.9823898254735894,0.9825069920902225,1.6478671640893203,0.04143249484127579,5.8948074250959515,7.052660101240205,9.52967380351209,4.841068664890488,1.6391351434965182,0.09064184923819972,-3.4441107577118704,0.17008995906820829,0.5536742044490985,0.08590619070375308,-0.06621603860502723,0.1272200732207052,-0.04110964645411619,2.295418711890592,4.4,0.0,casci,vtz,18,0.01
-80.50253660666422,10,0.9835165313835823,0.9796788517028217,0.9835155917018568,0.98351640505365,0.9796788765397008,0.9835157430669632,1.2610705993842517,-0.11162285003230635,5.8934219994485755,7.65236406226537,7.75999482668618,3.742901833519718,1.2375113167292278,0.0705042828562761,-4.886939114134618,0.06617999940480246,0.4269235290459503,0.06724197908046259,0.05696935141076841,-0.037802915941969016,0.5303785415009667,0.5272958793411611,4.4,0.0,casci,vtz,18,0.01
-80.49931967059246,11,0.981026084825569,0.9847068710616588,0.981026863941272,0.9810261159961555,0.9847068305653589,0.9810267903253711,1.2574639425162282,-0.11007039978257009,5.893519556715385,7.652937807941326,7.759995918569865,3.731051243351268,1.2340313865852262,0.07007068557425888,-4.886563870753674,0.06577352518854551,0.4245264163283806,0.06684600022485726,0.05664621716565551,-0.037584269018124394,0.5300474833915058,0.527002452163816,4.4,0.0,casci,vtz,18,0.01
-80.46494493805211,12,0.982200200802629,0.9821444600054716,0.9822001723299136,0.982200201070706,0.9821444862779242,0.982200129725154,1.1792882539260976,-0.14158631751422707,5.893089650211799,8.721449766510755,8.159549424126018,3.522691422500852,1.1523433225084845,0.06615186301519098,-6.120527788648614,0.006301668614011664,0.29459272973214357,0.063808439246277,0.06007183226875398,0.00990950434062539,0.8799014526966185,-0.42242880413254524,4.4,0.0,casci,vtz,18,0.01
-80.34753519003681,13,0.9820428269082029,0.9819996724036864,0.9820427869202472,0.9820429030520181,0.9819996912610938,0.9820428191102855,0.8917994203644058,-0.1931995882041546,5.892170699655534,7.664502722726947,7.763095321882764,2.6736470888095494,0.8550721335603066,0.051487907245418844,-5.7314493558000255,-0.0509472316069686,0.1581521808221638,0.049607757264457195,0.0467381375185089,0.21112670290398028,0.9495989972182763,-0.8786452874565864,4.4,0.0,casci,vtz,18,0.01
-80.25064157663398,14,0.9820205874018547,0.9815670864277184,0.9820205281896429,0.9820206571761454,0.9815670229559411,0.9820205442560911,0.6529539149688002,-0.15267051722908026,5.891216426407393,9.303585017408306,7.7194531737934415,1.9468003986624982,0.6190704730029362,0.03770317825367245,-7.894480747083855,-0.05618210387502647,0.13461873565411353,0.036561108910580446,0.09147956654205042,0.06168355678116395,1.621344119189851,-0.501533222465081,4.4,0.0,casci,vtz,18,0.01
-80.24994487692092,15,0.9817444927415739,0.982128282792647,0.9817447618208818,0.9817447148545322,0.9821282668185108,0.981744563199212,0.6520669553983922,-0.15233659553626605,5.891235082227358,9.308173972247417,7.719334909853293,1.943963975875295,0.6182421573440882,0.03759747080028096,-7.899070754189179,-0.05594745033459225,0.1347859492725707,0.03645682718116369,0.09026250712153362,0.06095923513356424,1.6224918840327351,-0.4975121389253039,4.4,0.0,casci,vtz,18,0.01
-80.24587466746665,16,0.9818897359197618,0.981856271286734,0.981889950731941,0.9818899491497988,0.9818562711472747,0.9818897283321448,0.6419769259905896,-0.17377156847835062,5.891271906567655,9.120817519275525,7.874339207672419,1.9211361909918905,0.6052499376904132,0.037466827487019974,-7.7402448415023954,-0.06972236059976877,0.11028580647166575,0.036358084895461135,0.034247875917561746,0.08802051507207602,1.5899180409323166,-0.6787573957550146,4.4,0.0,casci,vtz,18,0.01
-80.16883338414874,17,0.9816560899856939,0.9818561113333044,0.9816559437242238,0.9816559388374229,0.9818561155617425,0.9816561154819066,0.4510549230501642,-0.07102946763070496,5.890336314924294,8.938493184136831,7.725890940304902,1.3285013961532703,0.4256523930815169,0.025386652310892543,-7.9723277202236,-0.024751312202457392,0.08466377384291474,0.02461224572757267,0.01813894333524093,-0.01698550597405919,1.7515405640775916,0.498447087812862,4.4,0.0,casci,vtz,18,0.01
-80.16775925121873,18,0.9818077398463505,0.9815669096388335,0.9818076912553062,0.9818076803294984,0.9815668888268279,0.9818076925369433,0.44964974359784565,-0.07131671896953816,5.89036460243376,8.938943930214613,7.725843661401863,1.3240442066044538,0.42427355298241887,0.025226406409567755,-7.972804529956176,-0.024593402537082015,0.08488232471482644,0.024448628752559383,0.018024730758417564,-0.016884962231659025,1.751666282424435,0.4983239810279001,4.4,0.0,casci,vtz,18,0.01
-79.99195064416986,19,0.9814356331472762,0.9814349047808364,0.9814356551956521,0.9814356578637783,0.9814349000343159,0.9814356276005202,0.016445495304770387,0.04245839074710385,5.888612378622379,8.091606877522157,8.091057108937388,0.04359721269071542,2.3402372565637312e-11,2.4610085612609855e-10,-8.091606876577657,-4.447496315243745e-11,-0.056930870114941766,-3.219398092386934e-11,0.0004156785484072822,-0.0003726481560207579,2.0229017189082894,2.022764276733579,4.4,0.0,casci,vtz,18,0.01
-74.51329230295127,20,0.9838553040157387,0.9781845045903155,0.9838475563923532,0.9838497228291101,0.9781846055245996,0.9838529084069227,4.427169498303707,-0.004133989870776388,5.89177460175904,6.437035335131035,8.520915550596003,13.099329191741571,4.3948542264758395,1.086614948541595,-2.627189196925234,1.795468530306413,1.8500966888772634,-0.44837933579469935,2.674570967910533,4.69958160357902,-0.2956642353201418,0.9308808303931504,4.4,0.0,casci,vtz,18,0.01
-74.13326557163292,21,0.9827675775269076,0.9786367353761748,0.982758924139602,0.9827611441334583,0.9786366712819354,0.9827654673367971,3.894498187708666,-0.24948013887912082,5.888326519794875,7.175772639140509,8.072889045885958,11.73772895215523,3.6772461425119167,1.0738680874227802,-3.8937575701183142,1.1604660788206986,2.4253061825891873,-0.4702790427499326,0.05479093386481407,3.494031193964238,0.15293562527402993,-0.18122195207085945,4.4,0.0,casci,vtz,18,0.01
-73.96564441527026,22,0.9781993139952738,0.9719260391536908,0.9781471188336157,0.9781494575201881,0.971926305993001,0.9781967740985822,4.403089852481667,-0.0068169095905020426,5.8565450095943525,6.75068961403259,8.218317803656298,13.12909131934391,4.274151175241439,1.048449402201514,-1.8738481875422324,1.989810250658386,3.7409674049600437,0.36992246478346436,4.0924963932036444,4.775031074044232,-0.7507483097370313,0.48324379281833185,4.4,0.0,casci,vtz,18,0.01
-73.82712700996353,23,0.9660515648256265,1.008498137772929,0.9656811468525347,0.9660438151430883,1.0084981508692006,0.9656889159783855,3.275949664860797,-0.7631867522365646,5.880461731441764,7.479350073198761,7.723578541866684,10.099067041208848,3.1063806322110947,1.0075042713668738,-4.849279580349368,1.1685345144007169,1.6593372319525435,-0.4498235185766627,0.9995790108467512,1.6070622077659034,0.5548022718749932,0.2397256234171734,4.4,0.0,casci,vtz,18,0.01
-73.8270419961548,24,0.9977170088725009,0.9444542356938874,0.9980663069128766,0.9977077384216988,0.9444542812289567,0.9980755403574997,3.2767215788914172,-0.7674788677330505,5.88047511148742,7.479678685723627,7.724848480513847,10.102929671337726,3.105721501143137,1.0075349352312712,-4.846468650015929,1.1679759806779835,1.6641331106575827,-0.4479416162764709,1.015227336543194,1.6035436273228887,0.5533146535770573,0.24199981502299606,4.4,0.0,casci,vtz,18,0.01
-73.82337153937948,25,0.9819997003162291,0.9726048142439273,0.9819907695990955,0.9819963846060557,0.9726095764810694,0.9819980793595418,2.9050900117591136,0.08324989315567018,5.873199324605919,6.293811219853999,8.707720794443997,8.493241752845057,2.90252573942163,1.0403101481692112,-1.1863223183441263,2.0425214405199967,-2.429954957693756,-0.7222756028964383,-4.231780399556263,5.138895730839399,-0.9802916457914364,1.0062113388888396,4.4,0.0,casci,vtz,18,0.01
-73.82300082172195,26,1.0267090733640627,0.8875318255608098,1.0267329921260018,1.0267556835574556,0.887527045870379,1.02668230223088,3.7094761562877068,-0.25168896645422056,5.881938922709589,6.748897066133326,8.336422135762245,11.273830390464346,3.498246996374103,1.0384290515702284,-1.7119850376408197,1.1120976928919308,1.5616018682874406,-0.44282579957592555,3.851118964702982,-0.38059941124166785,-0.8312317477129217,0.6839029861907429,4.4,0.0,casci,vtz,18,0.01
-73.81183779749871,27,0.9374208706627151,1.066330677330492,0.9374403558805571,0.9374196799333226,1.0663305317238452,0.9374414200431516,3.7159680382686107,-0.24044229500967684,5.882383535574084,6.752006058638251,8.33610820947236,11.301397402783335,3.509461122060829,1.0387526931084206,-1.7163680804079462,1.1124368314411515,1.551405318695831,-0.44701040403626646,3.8703628423042495,-0.37178657608775184,-0.82981747445559,0.6826640835382296,4.4,0.0,casci,vtz,18,0.01
-73.37104067686855,28,0.9848699854057945,0.9639075082622539,0.9848568560440284,0.9848685562802442,0.9639074504946538,0.9848580580375743,2.82662803798073,-0.8246518673792511,5.867268414524549,7.417732486593241,7.690414594914303,8.974886544995563,2.317559471238941,0.9989761518626346,-4.350898517702333,1.0425231400320727,1.2903647251801804,-0.20937360513533554,0.27280481676452395,1.8704736826885653,0.321016137202856,0.36506586081555115,4.4,0.0,casci,vtz,18,0.01
-73.37085576025235,29,0.9761805968558845,0.9812694791723174,0.9761723287493668,0.9761670319682567,0.9812694697204465,0.9761860166626154,2.831319245036484,-0.8211006991055041,5.8672449231288875,7.425782879937593,7.688183270781765,8.980514404432984,2.322132772557283,0.9991270979693325,-4.35584831375668,1.0408234268537644,1.3017164816373037,-0.20598980110859916,0.32058538424698346,1.8670084932836661,0.3214784368939419,0.36671585251161815,4.4,0.0,casci,vtz,18,0.01
-73.31816630034183,30,1.0864496073485208,0.754402263532939,1.0863794890098477,1.0864527238104125,0.7544025666911134,1.0863760883974836,2.598886492597219,-0.9607070709559435,5.854462738790318,6.322521532664857,8.68262745473392,8.0517200404249,2.875359993020818,0.9842741195414761,-2.46342923422469,0.8980588349144077,1.3659115725234297,-0.035577528111705475,0.7609516834017542,-0.1855756788834455,-0.3489157660538693,1.0205062276387347,4.4,0.0,casci,vtz,18,0.01
-73.3019021691463,31,0.8656728566971518,1.1960611451434604,0.8657407405583782,0.8656707128072179,1.1960613217435925,0.8657428851423425,2.616629799889245,-0.9536278010941108,5.854949662092144,6.3305667703163975,8.673912578187727,8.113600792420957,2.8998550667212637,0.9849421481428985,-2.471376088582632,0.89714593063389,1.3747618404465083,-0.031819520267348564,0.8001259572555698,-0.16685935551632672,-0.3469536482877833,1.0153895173556715,4.4,0.0,casci,vtz,18,0.01
-73.17407701552006,32,0.9603423005921012,1.0060286018764963,0.9602154882483238,0.9603380189109296,1.0060283759181634,0.960220123426235,2.390099028372272,0.21425001438942667,5.853172908972249,7.395184080471692,7.569398042007267,7.022632980594313,2.5812694971332446,0.9633109212574396,-4.647946884197326,1.2071673253771444,0.05188686873144385,-0.18538996712981784,0.7149372181053075,1.537968100785318,0.47517742198073976,0.1860643258036651,4.4,0.0,casci,vtz,18,0.01
-73.1738217473257,33,0.998440481903087,0.9296183937452869,0.99855296457677,0.998437708979325,0.9296184672661185,0.9985556747342428,2.3899263149150944,0.2200326973523261,5.85322369120483,7.393009727864598,7.57058800575515,7.018444324416,2.5830446528688853,0.9635623071252906,-4.642280570792064,1.2077770419899325,0.0445723876097405,-0.1872160984836353,0.7123405657829375,1.5426791013772012,0.4728878534298824,0.18776632800148974,4.4,0.0,casci,vtz,18,0.01
-73.13192382168697,34,1.0345075888904223,0.8631252906304947,1.0344392077713378,1.0344702517750384,0.8631256620061638,1.0344745294568334,2.058453409500546,-0.7594832264150375,5.864142530530291,7.301057240685164,7.828689609586439,6.03320475448305,1.8463949695740633,0.9394373219820651,-5.98676621602043,0.5852436916371136,0.5274968851622367,-0.5127521376476314,0.6755662245001169,0.08657454726380209,1.168118797838924,1.1390778685185345,4.4,0.0,casci,vtz,18,0.01
-73.12001175525259,35,0.923469768377412,1.0854025863256451,0.9234940111776876,0.9234665834716449,1.085402620364122,0.9234970952995001,2.0654590945124065,-0.7275175585354804,5.864732665016011,7.302260466956252,7.829931780061639,6.059211874397546,1.8590543147276635,0.9400755377893759,-5.988215231557358,0.5857624533484972,0.4928749253056659,-0.5192210163260125,0.6738849729694618,0.0876391254995747,1.168542499039616,1.1395318726417871,4.4,0.0,casci,vtz,18,0.01
-73.11002684839256,36,0.9744820273254888,0.985195870795006,0.9744127487473784,0.9744762684441646,0.9851958701445571,0.9744183834523281,1.9998277540431633,-1.0238438811124526,5.868181168908923,7.276207169332765,7.64369110841072,6.384849892793598,1.5396148905856724,1.0058487698441483,-4.539058475240472,0.4197464360010168,0.9031926221162901,-0.49037728892982246,-0.011547999845108195,0.3032752966861695,0.45047744528704425,-0.37340139415902596,4.4,0.0,casci,vtz,18,0.01
-73.10788562679127,37,1.019552274453508,0.896757657573662,1.0195680701694436,1.0195449497868743,0.8967576337780874,1.0195751795378416,2.071955865448774,-1.1530893836141756,5.871755765299417,7.378001336513919,7.608497157281314,6.715716620611858,1.478754345231777,1.009156772599495,-4.782612289575891,0.40404553753044203,1.1284108224761211,-0.5651841704931362,0.3023178446950555,0.5525729913613822,0.5468058106594655,-0.36678430061242073,4.4,0.0,casci,vtz,18,0.01
-73.05438238903857,38,0.9768745828111176,0.9698588074021928,0.9768920007109748,0.9768736306959414,0.9698589893314256,0.9768928228948122,2.8535674892912857,-0.31694026079270116,5.847250833846465,7.3347678415200015,7.752329001068581,8.846839347178392,2.587428614277163,0.9780451806738554,-3.7760677856896305,0.30398323164339636,1.4982635015626382,0.3835725682440461,0.02177243783391583,-0.540011360821122,0.054341932464814946,-0.01486313764696734,4.4,0.0,casci,vtz,18,0.01
-73.04824218237319,39,0.939042280990469,1.0438491611032878,0.9390629317451726,0.9390453189681686,1.0438495835487194,0.9390580858698571,2.8035747864527254,-0.19258893753336032,5.843907362225675,7.240318351263109,7.787593852540503,8.576844729760023,2.663587220611638,0.9758092727865102,-3.541046634221223,0.315045137811811,1.2919587537868216,0.46800845663639334,-0.2972620589853008,-0.769538254895804,-0.03955627070516565,-0.012952357556761718,4.4,0.0,casci,vtz,18,0.01
-72.98605150451479,40,0.9894299553314356,0.9521374005049703,0.9894256468400126,0.9894429205504397,0.952134834082695,0.989415396791496,2.0802256169569473,-1.6098548702261788,5.861986154101049,7.238357963833238,7.616532590620132,7.477208861101165,1.5382054682139883,0.9803725145365407,-4.141193718236327,-0.03941804291354167,1.8136324775502093,-0.23425377593604435,1.305095649018298,-1.6101617468098763,0.26100736815985376,0.34032798563180516,4.4,0.0,casci,vtz,18,0.01
-72.98352272499588,41,0.9825782889485086,0.9721800003846846,0.9825725878664535,0.9825760768360612,0.9721800517901246,0.9825745673257225,1.5096767202328771,0.054810778808064675,5.874661573151555,7.050658791820346,7.997279139437741,4.4852996215484895,1.4932074922092324,0.9474105299751822,-5.9046695089512315,1.4781388386281795,-1.6401109055509258,-0.7591768787299442,0.9637627475469104,1.5531404316597135,1.1896700565205296,1.1453917713635788,4.4,0.0,casci,vtz,18,0.01
-72.93003938788219,42,0.9914901513851818,0.9459041309187725,0.9914904469863475,0.9914938348745522,0.9459040005313708,0.9914874347060008,1.9880099839844099,-1.0359834126845628,5.857769999402225,7.4907436920008275,7.763744553939009,5.764618630682826,1.555028054171392,0.9714081755764721,-4.661069510584803,0.050786791789010154,1.7100805083682729,-0.38186266792374546,1.093131642168486,0.08377415387134857,0.45784883229219486,0.17032308693125575,4.4,0.0,casci,vtz,18,0.01
-72.90593963217376,43,0.9752364539412492,0.9656312522059809,0.9752628441182201,0.9752663052769226,0.9656311750625776,0.9752326783885269,2.3940570348743786,-0.11275070078389376,5.832260708993477,7.621820313109096,7.585300498749165,7.114630829164756,2.223987732544404,0.8796971502187338,-5.9992025749542846,0.5882752164178684,0.6906493389890884,0.28515879736633665,0.6911042426783556,1.606454157685624,1.0941462091998686,1.2060795345615485,4.4,0.0,casci,vtz,18,0.01
-72.90580968322124,44,1.0668125333359693,0.7942103703698731,1.066575312923923,1.0668063918626562,0.794210476631322,1.0665810372096467,2.7103866734457642,1.1089004225088328,5.85519612233339,6.514387337085723,8.497526752462337,7.617783402857128,2.1390466365999456,0.9755635181441372,-2.443738981719488,0.8310686176580778,-0.8811897347722113,-0.2906560826032534,1.5555343426242638,-0.30913760378296734,-0.4067273434116868,0.9665936737646208,4.4,0.0,casci,vtz,18,0.01
-72.90003362587133,45,0.8642721753611584,1.1986710858872354,0.8645061309593111,0.8642644394997245,1.1986695788161719,0.8645175295170884,2.7208399437340027,1.1454401418614368,5.8549009400406895,6.496315630914944,8.508960132513437,7.655366581547623,2.1507106838647774,0.975360812127486,-2.402691266639427,0.8444687750828597,-0.9184377256205989,-0.2826100207949611,1.5536384025316445,-0.3297227540383461,-0.422733274409023,0.9805861144108665,4.4,0.0,casci,vtz,18,0.01
-72.80329429719585,46,0.9045716112127205,1.1174328677262417,0.904525057691634,0.9045543632567364,1.1174330870902653,0.9045420100037734,2.091235529745435,-1.3206407595749885,5.853058996981371,6.405496963941375,8.351438667290418,6.214096972918238,2.091024314493999,1.01335452773302,-1.6637664417458435,-0.30019545926060415,1.6281918251244658,-0.24487029387624493,1.9859028694086505,-1.6695980547719267,-0.7694910201124219,0.590858736035736,4.4,0.0,casci,vtz,18,0.01
-72.79654906106046,47,1.0427444576422134,0.8413998790324664,1.0427582335641516,1.0427271022975337,0.8413994963889978,1.0427760546330298,2.0935571203568726,-1.3175961089399888,5.853805223558393,6.410000196909573,8.345072704121371,6.223994351078592,2.1011286594147354,1.0137164352729142,-1.673934284055924,-0.287494601930914,1.6472276957944705,-0.2703951860438014,2.0459035739537414,-1.6804465377595,-0.7655329071994312,0.577913536996205,4.4,0.0,casci,vtz,18,0.01
-72.78506879406008,48,0.9767804902014039,0.9785958812110046,0.9767721447242265,0.9767731030809825,0.9785960037302655,0.9767789806672951,1.4981156286300608,-1.2337881038672087,5.864296603615178,7.746400817017529,7.470223855634254,5.159460880946501,0.8087466372513681,0.9754771739674084,-5.928897393378337,0.10543744082052567,1.5470973743679148,-0.6770598473662937,0.07035197561603047,0.31566639497427695,1.0278484924347864,0.1010357134580756,4.4,0.0,casci,vtz,18,0.01
-72.70007576358498,49,0.9357796011460432,1.0313094391031794,0.935796009613481,0.9357902791853434,1.031311850360162,0.9357837536028666,2.270874024543696,-0.4705367732051092,5.805770933011075,6.362590204401552,8.320173540212997,6.897160358249332,2.487153606964838,0.9497469211433577,-1.1534221400668772,0.8629075824292185,0.9479016604371553,0.7029012806130834,-1.5778752700898016,-1.1206295147133956,-1.0139364810669491,0.8518564418335355,4.4,0.0,casci,vtz,18,0.01
-72.69104642028293,50,0.9022679438680787,1.1155498990612287,0.9022767869873922,0.902274332066983,1.115550270442903,0.9022705522033121,1.7090467905974793,-1.211489422321021,5.840189784629898,6.018340867998692,8.89334214014918,5.1311774188670025,1.4746990807318923,0.9886897733000923,-2.313331601372986,-0.7594050342656796,1.150944577049827,0.4818367747463401,-0.829826994514133,-1.5713515329069185,-0.34791941631318013,1.0997883655484229,4.4,0.0,casci,vtz,18,0.01
-72.68756304339905,51,1.004394387360807,0.8939817472012286,1.004405973629734,1.0044141656065504,0.8939817632484662,1.0043861309602062,2.275265336993921,-0.4797784074326147,5.805564168006992,6.366390165432122,8.313927611657903,6.909710418613188,2.4874437656420314,0.9489099447862397,-1.1568914427603796,0.8839891716827433,0.9704548673109035,0.7019599987326898,-1.6331359937562335,-1.154736638927995,-1.0131518199778404,0.8507982325262862,4.4,0.0,casci,vtz,18,0.01
-72.68126974950353,52,1.0589550244622021,0.8024711271392784,1.0589439317450857,1.058960188133196,0.802470776515687,1.0589380886038167,1.7155801077586628,-1.208264522510436,5.840739136599266,6.031530513801358,8.877903210497792,5.12500245488919,1.4841591159824734,0.9890371695213955,-2.327752377281188,-0.7565225371194347,1.1677170959948098,0.4720396029902114,-0.7661160947174038,-1.5800087443996136,-0.34400643980974555,1.0898028631693109,4.4,0.0,casci,vtz,18,0.01
-72.64270182858017,53,0.9653501224877485,0.986193974167741,0.965353294809598,0.9653557989690271,0.9861917754215229,0.9653608409532513,2.0023332425427984,-0.46988856435406756,5.83380580680889,7.353136525156721,7.311772659970489,5.8686848615761305,1.8517558625450703,0.9358263865432729,-4.559495816486693,0.05373927713140257,0.2802522973308934,0.5654192902565731,-0.4823882870912177,-2.3105787066709045,0.44146377695416705,-0.037785805467760225,4.4,0.0,casci,vtz,18,0.01
-72.6130086070626,54,0.9649758702764728,0.995561928196045,0.9649762980791662,0.9649689802685578,0.9955618830016117,0.9649830904527789,1.3663517431024013,-0.9090911322698463,5.851028050274632,6.99966676979732,7.665402250628143,4.96343066971397,1.487843831670414,0.9498176124575268,-4.430187536303397,0.20700856301575887,1.250557595462098,-0.3575351599301838,1.1729650560355986,-1.9115610707996822,0.46517707570236877,0.1253769764586508,4.4,0.0,casci,vtz,18,0.01
-72.55404802502444,55,0.9712129599391509,0.9760691538224753,0.9712056932533668,0.9712054283731255,0.9760700789297159,0.9712140693402822,1.7915435857798805,0.10627463654676761,5.836977383658116,6.117518581894349,8.851332113273626,5.413453620630634,1.6242259701659585,1.0122564972128063,-1.209753833214986,-1.5086627972964402,-1.6531883681164108,0.9713528568726957,3.183465267579586,3.660123859255614,-0.9245027288660943,1.1214727852765147,4.4,0.0,casci,vtz,18,0.01
-72.48781945621316,56,0.8881376420542624,1.1454451658832738,0.8880706585244038,0.8881341071369344,1.145443945260261,0.888076703998052,1.1553168304702268,-1.8704320889915302,5.843308222857187,7.383386181474421,7.521432425224334,3.6940284793719105,0.6748626491574413,0.9507440223200858,-5.05572390254479,-0.761962413695497,1.6211475935744475,0.1294854319884831,0.5796451232281256,-0.4218847457574315,0.68201540590379,-0.7655428052143325,4.4,0.0,casci,vtz,18,0.01
-72.4811255075145,57,1.0749961452561152,0.7720750043524596,1.0750443146350805,1.0749961342781589,0.7720749759954881,1.0750448649957294,1.1537368145765523,-1.8841680144533286,5.844231439513031,7.3866353688287525,7.519503880694451,3.684641374105711,0.6751412110425757,0.9517720354191466,-5.068818141014343,-0.7729995341079923,1.6589829948379158,0.10438968597456669,0.5525813320941172,-0.465544545274449,0.6877502282999831,-0.7758020893486013,4.4,0.0,casci,vtz,18,0.01
-72.41054257180302,58,0.9715024455738457,0.9765850460918112,0.9714859806183371,0.97148477482539,0.9765862944906045,0.9715024322607377,1.5317639972797472,0.12236439206841429,5.839146973860727,5.862562456818881,9.196345155442758,3.685146760169755,1.3808002349011868,1.002340920138105,-2.6491129560783024,-1.4208677720613938,-0.6713346713199122,0.7887134642232232,0.5113530616151434,2.5096921750178405,-0.1410841361655691,1.1330748504535422,4.4,0.0,casci,vtz,18,0.01
-72.33045147388617,59,0.9695899351290624,0.9863599562967406,0.9696087484070601,0.969603539629587,0.9863606075757205,0.9695952737903524,2.0697127286080144,-0.03161253266645188,5.851118060828524,6.398517571619139,8.886191779865097,6.32395382346095,1.808036625840368,1.0533390629038752,-2.395271141262779,-1.1533961550360405,2.924767507870045,-0.7375941933786732,-1.3148626444056144,2.6195556919629985,-0.4019938222733952,0.8375078316820328,4.4,0.0,casci,vtz,18,0.01
-72.32375351888442,60,0.9610412959091018,0.9689874756279468,0.9610355799933337,0.9610381554332978,0.9689871353002975,0.9610377864106343,1.4067298607724317,-0.13945850151272982,5.782127428674611,6.303658911158529,8.512390071151057,3.926330196455288,1.2377549439864217,0.8724747942677009,-2.079251339363351,1.1572827304771294,-0.23405566263873273,0.643350487309013,-0.060966038356994656,2.8078179547411133,-0.5362890581079567,1.0452836096274956,4.4,0.0,casci,vtz,18,0.01
-72.29726967843378,61,0.9685493206925682,0.9641300649106597,0.9685539546542248,0.9685570281348194,0.9641302325933058,0.968546969213235,1.299385034516476,0.031013674197887902,5.802467570198813,6.995391220637883,7.418567127980729,3.8336659378938966,1.2012872890424164,0.8933172407671042,-4.174614842769686,0.8065852158013117,0.2920767565977126,0.640658943621713,-0.20625591796282858,1.107685304814202,0.3384596162253721,0.07561888931394617,4.4,0.0,casci,vtz,18,0.01
-72.29049273639383,62,1.0463055746831431,0.8186401154115777,1.0462607632494656,1.046311303934341,0.8186399421040086,1.0462549850647664,2.0178536602472086,1.3667468176399913,5.822412684447302,6.7412217252106,8.158142755384612,5.745864793012109,2.0176656450823467,0.9657875564554689,-2.663268156551629,-0.40481948275628754,-1.1796113638813859,0.24838996953612158,1.4906130480587283,-0.2869019837626887,-0.3536713530268356,0.6393182043862856,4.4,0.0,casci,vtz,18,0.01
-72.28640130149415,63,0.967116220922784,0.9661226705947163,0.9671257807011052,0.9671276945264473,0.966119684922881,0.9671194581001916,1.3157234396967485,0.032262957118143226,5.800731509768125,7.121756251169035,7.374429454972329,3.946993702908051,1.2162299810565658,0.8850216532394013,-4.378673006677386,1.0108819039020178,0.3701667934488488,0.6067571674268897,-0.12692370859273833,1.1266370511587858,0.40889744054643407,0.0721467121621373,4.4,0.0,casci,vtz,18,0.01
-72.2765040090213,64,0.9499148232281746,0.9962847942567892,0.9499310861562803,0.9499241577077712,0.9962867682811681,0.9499256075430094,1.1399538675696808,-0.3839067857681717,5.792267237173193,7.4020822054474396,7.246235402878295,3.5879808675914973,0.9466555411792974,0.856721233203064,-4.7010464814704065,1.23082454977106,0.15523155055577406,0.5811639667925874,0.11266757202501312,1.763363720919542,0.5000026893733436,-0.7397070927941403,4.4,0.0,casci,vtz,18,0.01
-72.27071486100989,65,0.8926299729581328,1.1259402722841303,0.8926799368298146,0.8926280319448763,1.125940704316145,0.8926827248354255,2.0243270812072387,1.3737248077771302,5.822501643168525,6.737990516467242,8.165329481736116,5.757884557569325,2.0249871921716807,0.9652924742821636,-2.6382499971376605,-0.4050468818063758,-1.2212199696157326,0.25599330479303495,1.450838824349235,-0.29078392108382206,-0.3653726305479806,0.6561824832734044,4.4,0.0,casci,vtz,18,0.01
-72.23756171862122,66,0.9840295209958756,0.9512983413800158,0.9840099432816596,0.9840114847912242,0.9512978643146437,0.9840283903696669,0.9842055816661572,-1.0064102001339927,5.838675545133086,7.111604714828347,7.6885029569650385,2.9144752439047306,0.5116370946993101,0.9643596024578536,-4.8120315632717885,-1.2912049610827356,0.948899106957309,0.33026564932659336,1.035951125876161,0.489371123390535,0.6281146029288074,0.10384623236263951,4.4,0.0,casci,vtz,18,0.01
-72.2342752821303,67,0.9721731492279182,0.9754197590656,0.9721490171318804,0.9721538318919689,0.9754200788178864,0.9721692041722443,0.9422584309901249,-1.1322554118155064,5.8394850403074985,7.062221497142678,7.698873266451672,2.751696257236871,0.5053160325110578,0.969201814364979,-4.685041609545423,-1.4088248106415655,1.078167868804481,0.31274708331122375,1.093131081547337,0.4978226283536334,0.5769654304870422,0.09730757502542492,4.4,0.0,casci,vtz,18,0.01
-72.21713573383148,68,0.9699689630098168,0.9776456647201404,0.9699118898594217,0.9699101953702914,0.977646384474976,0.9699744103608732,1.7461282308304442,0.41119592663702015,5.835057507795519,7.477845772241734,7.654892815316097,4.878789646344031,1.1554222224328656,0.9226044144372196,-5.195732371868087,0.15783323260181809,-0.057469292257745164,0.1352016965637599,1.3944836427525624,-0.1482540141850658,0.7284047428736098,0.27901493296175284,4.4,0.0,casci,vtz,18,0.01
-72.20897161072213,69,0.9719116387658784,0.9742455696638699,0.9718874953873486,0.9718828331845298,0.9742423275770917,0.9719156696436067,0.9704199172072696,-0.14428436186264357,5.836085534222325,7.0976495571990785,7.649644667165179,3.3027457738994856,0.49860568385709075,0.9767313879751158,-4.804877653727116,-1.7744762403658814,-0.9557025013887164,0.9186702075104305,0.4244809699283101,1.6763304106788022,0.6280264375637887,-0.7835478335464667,4.4,0.0,casci,vtz,18,0.01
-72.20703072662855,70,0.9791535569354812,0.951287171808382,0.9791779329061798,0.9791925550890965,0.9512894184952341,0.979137108286805,1.4804238363064188,0.6771133466839042,5.819237743521178,6.886881091869119,7.647161480373793,4.689749722269587,1.6851431113693487,0.934976896839524,-3.924326202953563,-0.11341445614729875,-0.19097175448615772,0.453171313403416,-0.8354466608283528,-1.6787465742626093,0.24044282850950177,0.2508011348348786,4.4,0.0,casci,vtz,18,0.01
-72.1900283671389,71,1.0097275639152805,0.8971208019633816,1.0097975322564858,1.0097954738582104,0.8971251463571976,1.0097241330244109,0.745611670465409,-0.6000414036296259,5.833290651374967,7.356906617990348,7.548969905920275,2.412685664940732,0.3714064437223046,0.9377804505815155,-5.393519439352689,-1.2789228044173773,-0.48305777134247585,0.6795309000213074,-0.058675665755202444,0.2154414845862618,0.8575330651787576,0.03537126059622908,4.4,0.0,casci,vtz,18,0.01
-72.18566587373671,72,0.8581473531858332,1.203895616734774,0.8578610323903683,0.8581393010975742,1.203895246373127,0.8578672228942236,0.44346877138743035,-1.2589517865991469,5.8398057726759,6.832786363752987,8.046810005149958,1.8495914489661205,0.013740128648176017,0.9242591932896818,-5.7973272172732475,-0.7890762264850618,1.4952848448132139,-0.21259213241648534,-0.19034131413162803,-0.6586470889572169,1.1904670176983765,1.1035104080504263,4.4,0.0,casci,vtz,18,0.01
-72.18278010291637,73,1.0834703481983672,0.7529777115966376,1.0837344659606452,1.0834472393297987,0.7529813762593073,1.0837523991569975,0.44579501780899633,-1.2695371113657894,5.8403635405017535,6.833839573664402,8.047840303284051,1.8675404169721448,0.0018198940628320174,0.924989263208865,-5.797347609833026,-0.7886591800572497,1.532560846164569,-0.23688905822001374,-0.21368668302192725,-0.6597460815526879,1.1902139115004127,1.1038769947571598,4.4,0.0,casci,vtz,18,0.01
-72.17508688812735,74,0.9211165084633002,1.0735593732384872,0.9211211061279061,0.9210969430003716,1.0735606070501,0.9211434271895178,0.7799335198535294,-0.5638532759004627,5.831597965069683,7.445584566614589,7.520091496540536,2.5652013140545655,0.42579580121099136,0.9306843768614781,-5.508382351497444,-1.0766912884744873,-0.3999058512614957,0.6374699108729917,-0.029355105214510305,0.15826928568841298,0.8927950340950743,0.04582818275938472,4.4,0.0,casci,vtz,18,0.01
-72.11301329294564,75,1.0445861371105918,0.8288963293284144,1.04454757492611,1.0446017504239786,0.8288977119422201,1.0445327329726246,1.5498483995641466,1.1500673800654888,5.836062236703939,6.194311183903286,8.800641629269906,4.886751507113106,1.3668531565012214,0.956065066574567,-3.006489589673524,-0.5729861900961073,-0.7880730064364823,-0.34955184686566354,0.6147384037655517,-1.5535785602223047,-0.04533300113905969,1.0503585536400744,4.4,0.0,casci,vtz,18,0.01
-72.09878718175575,76,0.8923754780761558,1.1330706715339305,0.8924740673432198,0.8923985740083418,1.1330697257769218,0.8924310351776035,1.5385314911038863,1.1416095920862868,5.835819551916174,6.222480014814018,8.784775771522074,4.9353679243374895,1.3274185631314612,0.955186535932327,-3.110078635736365,-0.5827448654135042,-0.7974329638907248,-0.3132541285855976,0.4983224779097416,-1.4895223084018676,-0.0005806858353220867,1.03716528043694,4.4,0.0,casci,vtz,18,0.01
-72.06487678701889,77,0.9762942076158464,0.9566338535233521,0.97630435333718,0.9763170238857382,0.9566272465923933,0.9762908805714081,1.3025011044957422,0.8057759343106752,5.818467565525918,7.664323880039997,7.290297276503174,3.835108932188616,1.245087416756937,0.9112975712051299,-5.308783154615167,-0.01629175403573375,-1.0443613121721866,0.48147612190171163,0.48970113055704134,-0.0852101544428786,0.7383106072975841,0.002543360788272553,4.4,0.0,casci,vtz,18,0.01
-72.00440082617682,78,0.9139751900229405,1.0746259712777717,0.9139462416798567,0.9139778836238722,1.0746249309713793,0.9139438483772397,0.752758021422548,0.6422141685990197,5.80509406595306,7.041780080154092,7.695747101495596,2.4408201272717807,0.5558729112565135,0.8549820298410573,-5.819181127065127,0.5632092295011882,-0.6457171273435502,0.5231559860905972,0.32050121589751857,-0.001966978823766702,1.1491455434940403,1.1001309541731077,4.4,0.0,casci,vtz,18,0.01
-71.9960311921287,79,1.03481679553449,0.8326792831982235,1.0348636271908274,1.034837598211766,0.8326800246025793,1.0348419245851708,0.7650199006310194,0.6146573935756476,5.804719253323057,7.0503536738154144,7.685557470790773,2.4759762830643033,0.5613620709366245,0.8540011703009187,-5.8218880797069765,0.5956234303664765,-0.5920596406383757,0.5208830624259098,0.33954145031602223,-0.014153208340329848,1.1483556213996347,1.100608014836,4.4,0.0,casci,vtz,18,0.01
-71.95204718210435,80,0.972882200252752,0.9752489733647102,0.9728944857798185,0.9728923097449742,0.9752467969670655,0.9728853690982621,1.06437876874343,0.26592179865659604,5.842050135207582,6.085439675456735,9.080328575875647,3.373751194665796,0.7261362354231331,0.989077586100899,-3.529397838006127,-1.2779945902858003,1.308512615687157,-0.765866162636035,-1.5315668155787907,2.3290963886165437,0.24333900013887994,1.037252135466574,4.4,0.0,casci,vtz,18,0.01
-71.9091848678197,81,1.0658372188346523,0.7841519738560965,1.0657865506998636,1.0658559720864411,0.7841500125250549,1.065771179665098,1.1620733429992287,1.3415701285553643,5.831552907667207,7.363699470611477,7.475829748179423,3.6265689784966484,1.1227188448014935,0.9409587710705147,-5.0656479093010915,-0.7007322366431002,-1.3196327946370874,-0.0926627258671931,0.3559072454324251,-0.47687785657279624,0.6918990869976758,-0.7634823781758211,4.4,0.0,casci,vtz,18,0.01
-71.89075268146796,82,0.8786276106565087,1.1583798419375915,0.878700129507879,0.8786269540346854,1.158380582425333,0.8786992530635024,1.1690930148551557,1.3405687003809827,5.831414371625501,7.366007233894397,7.473337318382113,3.6514113384422826,1.1258286698828899,0.940653863944094,-5.066042116586111,-0.6987668380305252,-1.331318864236216,-0.07149883237469404,0.3549293839384839,-0.4722557751575409,0.6915192498194564,-0.7611035022293818,4.4,0.0,casci,vtz,18,0.01
-71.88751137557414,83,0.9587491792516913,0.9981728348630459,0.9584380952938212,0.9584272432412377,0.9981709482902399,0.9587560792136529,0.20668702234702002,0.09959334629037545,5.8307143801536885,6.684643982008339,8.142723818014508,0.8425890539454143,-0.20167227141662625,0.9198338486828133,-5.7122761051734425,-1.7058893246662237,-1.772544124516169,0.9008498034097615,-1.073283152853845,1.1022782020789268,1.184977057084637,1.0890440642245949,4.4,0.0,casci,vtz,18,0.01
-71.87901848169679,84,1.0428505871216707,0.8304890966705298,1.043130113352035,1.0431767623135706,0.8304921274209565,1.0428021325589911,0.9272558332207516,0.2632732498451036,5.832940819437754,7.0934960704390955,7.849161740559436,2.7446288552656073,0.4311338720819715,0.909093641215825,-5.89967293107763,-0.6177568929642251,-0.7182715319608745,0.1780242451871928,0.7900916269391212,-0.675048075353942,1.1764624479290409,1.1162926881761788,4.4,0.0,casci,vtz,18,0.01
-71.86138224176975,85,0.901082081273826,1.114277765292856,0.9011333305122371,0.9010763547444033,1.1142762033064926,0.9011336911021237,0.9377673696590676,0.25379719620323665,5.8329794262319385,7.1010515287214915,7.84422053710328,2.7664639511183884,0.4483074017884516,0.9086808852659272,-5.902714772473075,-0.6132757970649343,-0.7368180875288819,0.20133190617133367,0.8209898844355763,-0.6763304378610944,1.1760945040561648,1.1164274387346111,4.4,0.0,casci,vtz,18,0.01
-71.79582576837319,86,1.0050462190343934,0.9062511510622431,1.0048913853980022,1.0050389144507543,0.9062530484536717,1.0048958879551333,0.9102501808563714,0.7947785823162903,5.832376606354198,7.190098355938975,7.599423671552369,2.909812856553175,0.7868043881195597,0.9628420866684695,-5.054775764502272,-1.3861792712904455,-0.054135817093094785,-0.289785877703002,0.1281341404102922,0.6911822786502808,0.7298632932663927,0.04491553238804252,4.4,0.0,casci,vtz,18,0.01
-71.7953609269674,87,0.9355503529434204,1.0449485584087874,0.9357287232236131,0.9355705135394577,1.0449497769620864,0.9357053757065188,0.9103979142334726,0.7902838750736253,5.832453300783884,7.192995610447345,7.598800616093799,2.907782652938021,0.7859092065273212,0.96290328716284,-5.058214448236745,-1.3843609526788516,-0.037968490315614625,-0.2952715993024059,0.12284400340811867,0.6870427762422602,0.7308583215065363,0.04444936081628431,4.4,0.0,casci,vtz,18,0.01
-71.70257861837702,88,1.009362826248196,0.8988887910231638,1.0092683211477023,1.0093823587628825,0.898886917832632,1.009253381739867,0.7417154640438317,0.3711886144141536,5.835042596754443,7.239086688014779,7.616241498244706,2.4657172569619457,0.5427805800363452,0.9540666177571915,-5.215262993991403,-1.333887443945379,0.8709786675359414,-0.6762866097326969,0.07084201138077081,0.17417101679020325,0.7978598249920067,0.0407163765419673,4.4,0.0,casci,vtz,18,0.01
-71.70112578321103,89,0.926623230835985,1.0641100005388953,0.9267331683966017,0.9266271975333884,1.0640894075151552,0.9267605239167963,0.7405323818433314,0.3714947011070232,5.834943528736821,7.2404172197461225,7.615766765059909,2.4533488798564465,0.5428838390857602,0.9537455979074914,-5.21873416603896,-1.3281418049587495,0.8707895085196423,-0.6750607420792957,0.07219199684616824,0.17335664983589089,0.7992627780829493,0.040675584959876665,4.4,0.0,casci,vtz,18,0.01
-71.68389171269206,90,0.9718804795738657,0.9735080473739578,0.9718901458165508,0.9718839325047524,0.9735048922559821,0.9718912270571565,0.6819848165301783,-0.09461865912381662,5.834558724582266,7.080017700404364,7.610461702471879,2.250079525191725,0.5271590302069866,0.9719388313462037,-4.839928648483422,-1.7692783787783202,1.5668738722188145,-0.8732016419351187,-0.17084863878585793,1.5085101913594992,0.6499598991406198,-0.8562524237254846,4.4,0.0,casci,vtz,18,0.01
-71.35152331891751,91,0.9688369700994206,0.9778946403945235,0.9688416368816746,0.9688355813464999,0.9778990474271199,0.9688363355974596,-0.017886262262443317,-0.08924997280993516,5.8311442117466985,6.656960352192117,8.169730454306038,0.2537161077174945,-0.19965641568289566,0.9244330496359318,-5.706417645126373,-1.7479992732137235,1.789423918921108,-0.9198722873870004,1.1647788032518125,1.1040989286632614,1.1889687345151576,1.0998868060006708,4.4,0.0,casci,vtz,18,0.01
-70.81251184361507,92,0.9603549199501427,0.9977934840207984,0.9601496360700823,0.960151036736558,0.9977967094547638,0.960363887045609,1.462565747292944,0.15099299040102127,5.836609673277954,7.171041563453636,7.768183442590535,4.144361161222949,1.3369884695818073,0.991386165262714,-2.509865757175497,0.7652964693740925,-0.9903226076118972,-0.31642474310628577,-0.8091087209866572,-0.0361952655069976,-0.5378275122756606,0.11799148841859941,4.4,0.0,casci,vtz,18,0.01
-70.80552473939026,93,0.9865102188097052,0.9453530916784012,0.9864951014989443,0.9865007896537634,0.9453535237243037,0.9865045868005098,1.4624201182658643,0.14364146114643425,5.836717312165627,7.174035243068369,7.766971789398437,4.149568771348987,1.3426141072654234,0.9916396877912095,-2.5213510412409263,0.766250850537068,-0.9826281517842257,-0.31614612370086376,-0.8075359202087782,-0.031492722446825425,-0.5328332901466292,0.11631040390536485,4.4,0.0,casci,vtz,18,0.01
-70.76798004902439,94,0.9956852713814321,0.9281524966564972,0.9956797244281885,0.995711622272423,0.9281784723983856,0.99566741420637,0.8837239348282161,-0.4436770308328637,5.839075001343297,7.807729489103518,7.720647951269946,2.246514393463755,0.6859089218014702,0.954296629957794,-4.87680935579761,0.6746404536362292,-1.1189584429028807,-0.26404749510980774,-1.6463146751608897,1.03873788394031,0.48647230562292587,0.3721133592404091,4.4,0.0,casci,vtz,18,0.01
-70.76485810728856,95,0.9521223055571777,1.015235107502245,0.952127111668966,0.9521216876501076,1.0152598216341133,0.9521580764668514,0.8834848023439122,-0.44792755234022963,5.8390241104794605,7.79857225694162,7.727256657812352,2.251196383814989,0.6857267469860009,0.953983421653368,-4.858738577674082,0.6725482330146754,-1.122547119985549,-0.26433040620559367,-1.64171125496718,1.0449982522422707,0.4797262246016357,0.3788402336226756,4.4,0.0,casci,vtz,18,0.01
-70.7539066935685,96,0.9752261410637777,0.9735357633883595,0.9751905218404031,0.975057891329211,0.9734251916627212,0.9751757247775785,0.8684787739034341,-0.06530211318884827,5.847611234062051,8.054405779461966,7.687489715010334,2.383511211933759,0.8075627983822493,0.958517296865953,-5.5198626616335975,0.6424069827784216,-1.748924032127802,-0.3241280610012186,-2.0169388002923307,1.4808725561694307,0.7463298859513068,-0.2509573214975619,4.4,0.0,casci,vtz,18,0.01
-70.71012333223004,97,0.9736765593175871,0.9724516731934104,0.9736543432609699,0.9737263555504028,0.9725947412676671,0.9737328714614818,0.9440803980880718,0.31170439934719485,5.8398365440515185,6.815545607990963,8.047241507156617,2.711449031654799,0.9904904420589211,0.9630030596409147,-2.870438424192363,0.8876717988837797,-2.2870412816347896,-0.3129882602172659,-2.9257585174220027,2.339187041728266,-0.2686671899015591,0.7142708102032574,4.4,0.0,casci,vtz,18,0.01
-70.63263170154532,98,0.9807390790095547,0.9572989493906756,0.980959352592932,0.9808480044943753,0.9572400376780008,0.9808336372961317,2.3007060600737113,0.13820559177847758,5.837919060461671,7.474705599062412,7.647485040985658,6.633895328942588,2.3203879827747276,1.017566684075252,-2.7010071316234807,0.6095300730721362,0.10874331406716364,0.0566158455279583,0.2872329689836045,-1.29171216942557,-0.5181728339538629,-0.03873429387615046,4.4,0.0,casci,vtz,18,0.01
-70.63107256576384,99,0.9666476845192498,0.9856048245067311,0.9666425768863993,0.9666547320501844,0.9856009188946533,0.966627772734532,2.3006957818660734,0.14354247855092314,5.83777850959175,7.4732386967358995,7.65239124815654,6.616901791629971,2.3103672582949573,1.0175028043541379,-2.7024449818534046,0.6090995974827318,0.11096262815111982,0.05722030891642289,0.28065023523253574,-1.2879861966645807,-0.5170871832572723,-0.03915429448087582,4.4,0.0,casci,vtz,18,0.01
-80.69041969056283,0,0.9808463398655618,0.9807396755556493,0.9808463622811859,0.9808463385122992,0.9807396655773943,0.9808463328655075,2.626110468773552,0.03473723227520842,5.884864714657598,6.790180480512218,9.398871359640394,7.714999300489135,2.6197601182097316,0.10625569692767182,1.1791745652413383,0.20320626458823088,0.8076239218552861,0.1025618712695956,1.2130928396563665,0.8919882902774607,-2.287132402748724,2.020216354129461,4.8,0.0,casci,vtz,18,0.01
-80.56837688174613,1,0.9805996710339386,0.9804920826199615,0.9805997415884802,0.9805996779230296,0.9804921642481386,0.980599649824195,2.1905151048179263,0.03074005927976524,5.883382987237743,6.19020602848682,10.58723186879735,6.430548243337982,2.1833650553690056,0.08788039270922632,0.5205511376597143,0.1618237417242514,0.5200739690272188,0.08566219386797122,0.43929408431885203,0.48924334980180356,-1.807827075951562,2.210203411536452,4.8,0.0,casci,vtz,18,0.01
-80.46590039032404,2,0.9804267038677372,0.9803556315542372,0.9804266902882282,0.9804267035543257,0.9803556229660714,0.9804267007322318,1.8393619145398823,-0.06259360987248627,5.882418052962832,7.615143622369143,7.7157850120801585,5.407217587177018,1.82583066730066,0.07431693233576497,-1.989237875506699,0.06904865401764065,0.4161980097215885,0.07260736125382952,0.6229283053367177,0.6181874162545584,-0.9091669678389359,-0.9141480685843639,4.8,0.0,casci,vtz,18,0.01
-80.42781332294044,3,0.9803979455751288,0.9803009917409689,0.9803980683620337,0.9803979138616412,0.9803008619307487,0.9803978987779767,1.7114569256726995,-0.03201490288987801,5.8821936802484975,7.87576125864844,7.710946499082316,5.031850998045563,1.700797967365682,0.06938678084467995,-2.682054091813974,0.08553615023636241,0.47026432071282254,0.06744304278498472,0.3145265863028771,0.20222821976964572,-0.6279132687551228,0.0631278082410287,4.8,0.0,casci,vtz,18,0.01
-80.42762211318555,4,0.9803758796867588,0.9803481780582716,0.9803759308428757,0.9803759414433983,0.9803481770660616,0.9803758663074517,1.7110620066333895,-0.03232003796992642,5.882199973404817,7.8720310891356755,7.710579119884044,5.0300476020277305,1.700392571633288,0.06935633049425799,-2.6784623828010905,0.08549903512301518,0.47020323991263946,0.0674117610886012,0.3157891462981002,0.20347161259207652,-0.6287765808833736,0.059050857392153544,4.8,0.0,casci,vtz,18,0.01
-80.37635587283054,5,0.9802479440632309,0.9803666526138665,0.9802478936380445,0.9802478924789578,0.9803666841332157,0.9802479468029119,1.5302618003445239,-0.023339609374812248,5.881725013730227,7.62707932959319,7.711680568427255,4.500126464323074,1.5206404311818886,0.06182888620874018,-2.9633685070506828,0.0831702657111825,0.3978893597131359,0.0602037044329764,0.33132765272962494,0.22805520988342215,-0.42508557887295645,0.4692460718623628,4.8,0.0,casci,vtz,18,0.01
-80.37582454917603,6,0.9803697848395849,0.9801274606554509,0.9803698010099788,0.9803697939102386,0.9801274567857832,0.9803697953601748,1.5293128271284544,-0.023567282013713393,5.881734092561211,7.627167115355382,7.711866368038802,4.498066702015379,1.5196985697022871,0.061751807377810844,-2.963477026666548,0.08325045499166855,0.39820050014793207,0.060125071464672844,0.33059781298137725,0.22713899326973785,-0.4250532655055719,0.4693960925487345,4.8,0.0,casci,vtz,18,0.01
-80.29344872520325,7,0.9805342176092732,0.9793748582989552,0.9805342921779457,0.9805342313788445,0.9793749206566331,0.9805342402902648,1.243196743286334,-0.07770711498546665,5.880886760411917,8.267622237049105,7.7016855156114,3.6721659491062715,1.2300255808640257,0.05064426656912992,-4.4954427314145855,0.02220593737713504,0.2699031206879864,0.04950876628941807,0.03220125335731223,-0.012202299513568445,0.18081580644501627,-0.9295753965683299,4.8,0.0,casci,vtz,18,0.01
-80.29130497368638,8,0.9798035612282654,0.9808640344405316,0.9798035702010172,0.9798036019060703,0.9808640346127059,0.9798035299937083,1.2395606520774463,-0.07728927732409903,5.880942332382299,8.268065600204915,7.701742388696938,3.6609400301092805,1.2264371534138414,0.0503412785852997,-4.495395854254321,0.022071133495770737,0.26909994883510385,0.04921257861318207,0.032041231617059504,-0.012160253809355304,0.18068152707593166,-0.9297605805287685,4.8,0.0,casci,vtz,18,0.01
-80.28716184609685,9,0.980162002633332,0.9801081313121854,0.9801620844913548,0.9801620903313402,0.9801082704379827,0.9801620196430969,1.2228233243292146,0.04393678384877786,5.880864598849292,7.029340032033472,9.541863093343242,3.584551976121411,1.21722404305411,0.04922882187601019,-3.3249218300281376,0.09443569288709905,0.29819740826889485,0.04781365473782292,-0.043479548958342724,0.06463161988071435,-0.094874092994299,2.337782348763379,4.8,0.0,casci,vtz,18,0.01
-80.20274448306029,10,0.9804587475093953,0.9791296942894055,0.9804586816497939,0.9804586566604948,0.9791296946204071,0.9804587723789966,0.9288088794823463,-0.03334124190373748,5.880094247108493,7.647291540315946,7.706715017242525,2.740139136621109,0.9187612736947046,0.03773838737099921,-4.836019468485308,0.03564352360496392,0.21810207631627754,0.036775522803115426,0.03052294446435337,-0.02462192743850091,0.5061868491636676,0.504154105736982,4.8,0.0,casci,vtz,18,0.01
-80.20112638374955,11,0.9796045800348834,0.9808587610049847,0.9796045760222734,0.9796046181038167,0.9808588066252935,0.9796045285884303,0.9261019390223829,-0.03259248532817689,5.880135870379682,7.64757907050595,7.706683318969349,2.7314275432597492,0.9161073987967631,0.03751072400153044,-4.835817778813649,0.03542423166275667,0.21688849389840334,0.036557702536480136,0.03035076303723421,-0.024493140901371075,0.5060141217803369,0.5040013667913676,4.8,0.0,casci,vtz,18,0.01
-80.18271685150582,12,0.979996689474198,0.9799671483912344,0.9799967148558587,0.9799967120643609,0.9799672096532004,0.9799966620204621,0.8626163353672632,-0.063337483619978,5.8799211364593145,8.726551579327637,8.125379331756879,2.554417063481433,0.8507548118886552,0.03513293493889866,-6.10781276208728,0.0025621714493525662,0.15310395974733237,0.03439148977201136,0.02984580755740722,0.0022332656337882726,0.8722684862117314,-0.4478082244756645,4.8,0.0,casci,vtz,18,0.01
-80.11767782983381,13,0.9798981066435317,0.9798763365158586,0.9798981452662818,0.9798981455851214,0.97987633574981,0.97989811091586,0.6372272872296108,-0.08733026465760622,5.879345180676464,7.655908020452079,7.706405255036238,1.8921272332124195,0.6230258097746035,0.026259172087957684,-5.7340045450054316,-0.02690724860615419,0.07037206030653594,0.025753803970238184,0.026279882129530856,0.10973398158190734,0.953025267389696,-0.916092467888811,4.8,0.0,casci,vtz,18,0.01
-80.06727247863178,14,0.979863046692746,0.9797075916643732,0.9798631146378793,0.9798630899578821,0.9797075080357673,0.9798630857832044,0.4626891681378862,-0.06571266595160179,5.878867436771852,9.301150716790847,7.683886985093533,1.367455969748636,0.4500697569551684,0.01909121733208967,-7.909168800390336,-0.02964161376625148,0.050450783397006704,0.018779241286524584,0.0486110275935341,0.03154234400757737,1.6292967209974565,-0.5150019361916243,4.8,0.0,casci,vtz,18,0.01
-80.06693070010422,15,0.9797711456238232,0.979895298031948,0.9797711530260608,0.9797711320566663,0.9798952982159825,0.9797711660300583,0.46208206041881394,-0.06554999619471512,5.878875192984539,9.305317896422446,7.683817577414745,1.3655530861860568,0.44948271848554483,0.019040481174719633,-7.9133438040090125,-0.029523991360305583,0.05053287547869495,0.018728755331945512,0.04800464128177397,0.03117312190140454,1.6303424278988947,-0.5111138197004887,4.8,0.0,casci,vtz,18,0.01
-80.06394624249145,16,0.9798157996452173,0.9798008441293122,0.9798159926254284,0.9798160081813277,0.979800840977932,0.9798158205318843,0.4512969090430219,-0.07599115456699963,5.878865306091102,9.118330721707764,7.841732877362042,1.3363529573709967,0.43787234436205746,0.01869686739709827,-7.761820884534322,-0.036214261108533895,0.035975260469752204,0.018404864855340965,0.018122884953389075,0.04410663420067089,1.6013277618402202,-0.6767153149970059,4.8,0.0,casci,vtz,18,0.01
-80.02609025510444,17,0.9797417737838245,0.9797507464904207,0.9797418743030484,0.9797418956751889,0.9797507716467753,0.9797418009344836,0.3205840767131922,-0.020303708431427002,5.878468862833742,8.929959181084786,7.687490751543491,0.9408822391986669,0.31141343468797994,0.013098009402850667,-7.969147086798863,-0.013369172575691177,0.024008935675256315,0.012869284535962536,0.009738313036532031,-0.009984376500923115,1.7520837481282343,0.48847913117002095,4.8,0.0,casci,vtz,18,0.01
-80.02555630315476,18,0.9797566421100947,0.9797267786679027,0.9797566752121216,0.9797566745090248,0.9797267817407624,0.9797566419827437,0.3196116250157548,-0.02046850926066062,5.87848019422265,8.93018221550624,7.687452625810697,0.9378135921588364,0.31045077214339645,0.013018458967060085,-7.9693958066286115,-0.013289076604183365,0.024140459941900606,0.012788830213439984,0.00968589203247716,-0.009931737491064059,1.7521523494377451,0.4884103584927125,4.8,0.0,casci,vtz,18,0.01
-79.9345202491511,19,0.9796022983393924,0.9796019223062129,0.97960233118253,0.9796023339894003,0.9796019130470517,0.9796022997370686,0.004814250414857887,0.04332093117985979,5.877613098601657,8.061545097625597,8.060796212500367,0.012034918287235661,-3.5112197230459696e-11,2.0309156190748008e-10,-8.061545097122039,-2.3083429640868643e-11,-0.058055567743575315,-2.986271204089293e-11,0.0002565789282343515,-0.0005116772399609275,2.0153862741546202,2.0151990527662917,4.8,0.0,casci,vtz,18,0.01
-73.09677665468516,20,0.9819803288131939,0.9745339255098481,0.9819775704121618,0.9819770570664583,0.9745339412800529,0.98198084254147,3.746036053619359,0.008609082730030023,5.876983665623185,6.329795228327691,8.693457632045543,11.073519122126644,3.7230637896233034,1.025955140240461,-2.430351429342333,1.6971617129992191,1.2440211860348251,-0.5642352015786909,1.7958603767193457,4.248064362597104,-0.3672730924107562,1.0238208550536911,4.8,0.0,casci,vtz,18,0.01
-72.85241590823185,21,0.9811894825632106,0.9742152320776343,0.9811862385598891,0.9811857011056264,0.9742155002976908,0.9811894553806495,3.207916642729063,-0.1483877470842686,5.873181609984701,7.276485001855987,7.805118798372105,9.586780968335287,3.0937958577361857,1.0076718341509916,-4.160784294104674,1.269955079094939,1.512059942030282,-0.5948656922272422,-0.2402602626917691,3.1086970018500146,0.26127089658834046,-0.4138044896539794,4.8,0.0,casci,vtz,18,0.01
-72.76506540751262,22,0.980830143946682,0.9687610966544942,0.9808288674347642,0.9808281421308529,0.9687611124072879,0.9808308436374817,2.5565566841826777,0.1009111694727397,5.860840206211563,6.2989424782148316,8.677192699366401,7.4664592161167604,2.5571856793072074,1.0025794410411462,-1.1211169892312194,1.9348289374109484,-2.280652580791611,-0.7660994076305059,-4.085152047967724,4.8489510170922046,-1.0141771249380982,1.0460149048753813,4.8,0.0,casci,vtz,18,0.01
-72.73738805639434,23,0.9761335241843918,0.9670281728599871,0.9760944924067407,0.9760940655720416,0.9670277387952307,0.9761341039416915,3.990744681884129,-0.006419958849326002,5.838512097760083,6.700500436719469,8.198011822740558,11.953388066253343,3.8510554172493094,0.9986215972854907,-1.6907331995583688,1.788365426711103,4.396794148260203,0.48307880458953645,4.985151695210197,4.608392300397382,-0.829758509400683,0.5929599522516542,4.8,0.0,casci,vtz,18,0.01
-72.69082435152106,24,0.9700554778225251,0.9936730451135182,0.9700615444691181,0.9700509082474396,0.9936730406256304,0.9700662204309236,2.759688099981614,-0.5927376738019837,5.867580236709155,7.421302759968543,7.626582976090546,8.417426259208733,2.6505895704057063,0.9773051297329134,-4.870129999803753,1.2373739622673043,1.0774056190771377,-0.5730878745299429,0.7034120303529684,1.498636465346486,0.5797393099097407,0.1583091507674525,4.8,0.0,casci,vtz,18,0.01
-72.69060881171099,25,0.9918062434223991,0.9501943376543733,0.9917921266169053,0.991801816248941,0.9501943466163582,0.9917965537794161,2.760888686248199,-0.6010978954790034,5.867585424338393,7.42265915135125,7.627516942312158,8.42390340331741,2.650626500803682,0.9772722866451009,-4.867077868454929,1.2368145038523806,1.086291221038349,-0.5703933552994367,0.731401242470229,1.4915960395760108,0.5778741463896524,0.16058157275717588,4.8,0.0,casci,vtz,18,0.01
-72.66428593444269,26,1.037250563112449,0.8588004372889892,1.0372930526851731,1.0372883585568902,0.8588004955874669,1.0372552366336878,3.044641509321342,-0.36889788717303973,5.866688143864656,6.604213936979654,8.432072960661891,9.251104044749843,2.8678706161835623,0.9969893616563467,-1.4678022523203227,1.010854577389117,1.253281103702752,-0.5416046109336485,3.2941462603887324,-0.8567457281193702,-0.917152358084752,0.8330555152501126,4.8,0.0,casci,vtz,18,0.01
-72.65362699507035,27,0.9235743950401556,1.0864425622518215,0.9235697071442925,0.923573485533228,1.0864427471995168,0.923570920343959,3.0561584958239996,-0.3428946607622742,5.867173817512974,6.608498587453834,8.430629439108351,9.288130976564265,2.886006293026422,0.9973250675305284,-1.473610553369468,1.0113472556897345,1.2280697049755966,-0.5514251477836745,3.332859753177443,-0.8456863194727148,-0.9153193701787248,0.8306742596936312,4.8,0.0,casci,vtz,18,0.01
-72.41477277158158,28,1.0955737024560994,0.7312191362639069,1.0955757899422158,1.0955623698836752,0.7312191255658483,1.0955873190116394,2.1216801567673476,-1.175050313391306,5.844737443123385,6.1211352581524965,8.902352772713607,6.623964069122066,2.3151319373963,0.9634461606645783,-2.2205564478751896,0.8664431036330618,1.3691199072572822,-0.12698539616223897,0.6383032611559949,-0.5969704492232658,-0.42000559060052933,1.1461641758233392,4.8,0.0,casci,vtz,18,0.01
-72.41183163541031,29,0.9805454736833408,0.9696787694478934,0.9805430102242075,0.9805419069850689,0.9696788605120692,0.9805463001704392,1.8063765475161997,-0.15078110574908998,5.861534321023019,7.242024129210938,7.584882651210778,5.412539070132154,1.7066327339407203,0.9698221727392052,-4.535714195095848,1.3993110684549475,-1.259423934088655,-0.7768982198887466,-1.1652189961743284,1.5641448000802998,0.45735106524518987,0.08859228674945685,4.8,0.0,casci,vtz,18,0.01
-72.41121927561514,30,0.9835457949872068,0.9636947002366683,0.983550961271777,0.9835499426085732,0.963695049741212,0.9835464946946055,1.8043712675828263,-0.14825267476747195,5.861582943540043,7.24766136943569,7.584061729072553,5.396834786733663,1.7043697861985017,0.9696867300740533,-4.544773419538528,1.4003230278905954,-1.2657441673373189,-0.7766164416192685,-1.154069236806782,1.555115963867264,0.46047136741034117,0.0876559824479125,4.8,0.0,casci,vtz,18,0.01
-72.39780870769366,31,0.8520911851912194,1.218574170334152,0.852080707155676,0.8520939335849562,1.2185739170782999,0.8520783127650013,2.128788336329432,-1.1749273995675409,5.845492226109305,6.123007782017081,8.903338144889922,6.663042041498638,2.3294927183440386,0.964120932456378,-2.2190457631712066,0.8651195856477727,1.3599027794746463,-0.1392983396145317,0.6830827006359267,-0.5913257933560818,-0.42122906391866716,1.1459260824454052,4.8,0.0,casci,vtz,18,0.01
-72.29695303772098,32,0.9670917737090903,0.9800577997900879,0.9670899981012633,0.967089079218848,0.9800577267860822,0.9670927164348841,2.735891567935689,-0.24906882641570083,5.828479094040256,7.434088041791753,7.549661032256028,8.465534535729951,2.5924616154725277,0.9404290382180155,-4.438512187109188,0.933283616465159,2.6027648326846133,0.47347515922338806,2.3264764308839387,1.6689207284134255,0.3607340831066557,0.32223344280725225,4.8,0.0,casci,vtz,18,0.01
-72.29637627917484,33,0.986097589555377,0.9420535821144698,0.9860940940375009,0.986093891323521,0.9420535405366769,0.9860989945793186,2.7441520622272577,-0.23850465339332172,5.828491692146864,7.442821284529483,7.55556448580984,8.48779503132858,2.603318900273713,0.9408439115504909,-4.430161523911479,0.9308211977449623,2.6145620336010595,0.47441614561453155,2.3876702145226534,1.6636485259638063,0.35437544082336825,0.3311264730163174,4.8,0.0,casci,vtz,18,0.01
-72.28800070262604,34,1.0478614783987696,0.8310151567139845,1.0478523937357933,1.047846215176469,0.8310151626843938,1.0478676352837424,1.69429221731587,-0.9706925881521439,5.853458041993152,7.096408542600139,7.915184023489605,4.99979923264423,1.5230799814189875,0.9384871625638667,-5.897689765662027,0.6813831538552697,0.6236579983923848,-0.5714963918923865,0.4366754241446953,-0.09540791072604726,1.1747427471809786,1.1297852103268766,4.8,0.0,casci,vtz,18,0.01
-72.27973540388948,35,1.0683949690418797,0.7864339492885244,1.0684000413864498,1.0683909060195358,0.7864339052706221,1.0684042806528964,1.6544780902014096,-0.728807511409655,5.8464580516599085,7.173989319808416,7.611572176858227,4.964375205101451,1.6455649258517275,0.9595992936309838,-4.274518106513789,0.6300237104065444,0.5269334104511181,-0.28723938641067254,-0.2840411705854473,-0.5463815553561924,0.3437617233047906,-0.5836528590769534,4.8,0.0,casci,vtz,18,0.01
-72.27640954072211,36,0.9080960665632514,1.110919618758245,0.9080731169860721,0.9080784170779521,1.1109197724362945,0.9080908744957692,1.7042066220936416,-0.9175246018345434,5.854177866317585,7.0988579441493025,7.916294848828487,5.033019760930677,1.5399549525657799,0.9390381955886856,-5.899607758924205,0.6813559244625511,0.5617854473769587,-0.5847762987697288,0.43347951785186833,-0.09353564345081924,1.175089393424777,1.1302540853940466,4.8,0.0,casci,vtz,18,0.01
-72.27464518531534,37,0.9818138677124093,0.967825867421112,0.9818291160099933,0.9818283259115224,0.9678259158005308,0.9818146368747905,1.3689202159158653,0.06445256772116179,5.862937729730358,6.96385041050628,8.022513993209294,4.079444216779889,1.3648024715512594,0.9426047123454089,-5.859505781048361,1.5298188306951281,-1.6857146653658184,-0.7915181379545168,0.984320066880271,1.465346493000861,1.18879028789761,1.1357608200215257,4.8,0.0,casci,vtz,18,0.01
-72.26549465854278,38,0.8875924422235886,1.1489088927062678,0.8875854169959352,0.8875930720195632,1.148908830591339,0.8875848571564965,1.6383534633681587,-0.7329207900484513,5.84817351169319,7.188745438622952,7.610548018723768,4.9308577007714325,1.6110253019789402,0.9610479806601309,-4.340504265155687,0.6309624498770761,0.469256135420342,-0.3423512675489035,-0.2754011992954485,-0.48018704501021015,0.3730657729221053,-0.5899788899232459,4.8,0.0,casci,vtz,18,0.01
-72.14873117799662,39,0.9888112253558805,0.9461627239885955,0.9888212651349007,0.9888184826438828,0.9461626251310598,0.9888141438288224,1.5949605257210688,-1.7927057777137274,5.847590466083141,7.112620477355685,7.602997143509212,5.713821137670074,1.2412706412357135,0.956221870316188,-4.114910061361519,-0.05193308080263946,1.8642648512613411,-0.2736556462520875,1.3352978032514013,-1.7801008651082753,0.27929991134183807,0.2223312137847565,4.8,0.0,casci,vtz,18,0.01
-72.12060909283578,40,0.9868380516642583,0.9485029480662983,0.9868435936361556,0.9868428541708012,0.9485008703546367,0.9868397103145605,1.4827170275027348,-1.3337207590264601,5.844368028206711,7.435172971292337,7.6116385631298,4.2279888063012585,1.169141120203522,0.951117544672908,-4.794647354281804,0.016570898401311276,1.705310694009226,-0.34970716900458343,0.47984494486853146,-0.4211498905628324,0.5385304343178179,0.07934438819868045,4.8,0.0,casci,vtz,18,0.01
-72.11649152070208,41,0.898222788889754,1.1227514000700927,0.898320518057593,0.8982204822229299,1.1227510735833905,0.8983229165637308,2.2495647706066437,0.08468330377155062,5.838589179387491,7.282670515647703,7.6314978281363235,6.995446860112038,1.8266778193014004,0.9495050629063109,-4.084680413421985,0.42023971625822565,0.4876467999805286,0.14859019677740082,-0.3002084943705794,-0.535159677787056,0.2216725777990668,-0.30624925588217744,4.8,0.0,casci,vtz,18,0.01
-72.11569089112943,42,1.0503028800426684,0.818315243794536,1.0502018131197577,1.0503018382235725,0.8183152382300142,1.0502028733073416,2.296971800071079,0.054742779974404035,5.83763988671789,7.307686900014466,7.617785824786786,7.1445643006869295,1.8824060550733481,0.9484251090341995,-4.122126005315634,0.42531533852292713,0.6540269982726525,0.19773326965553517,-0.21879677353375301,-0.5018443768673652,0.23414127765420018,-0.30707242260043677,4.8,0.0,casci,vtz,18,0.01
-72.09673767584887,43,0.9755275918668325,0.95794412644321,0.9755413319296304,0.9755411320193795,0.9579429501938752,0.975529326184249,2.1137025344910643,-0.12094707191135726,5.818026458637176,7.328900093772344,7.66270732898655,6.334590644556382,1.9490125239290612,0.8900470476431229,-5.921936528948658,0.8961401208704775,1.205759591852476,0.4533905274453818,0.42800055870272147,1.5403562987378627,1.1287432410312432,1.1725122042381144,4.8,0.0,casci,vtz,18,0.01
-72.08514084714879,44,1.0838081074411234,0.7496127608542209,1.0838832639211564,1.083801231383724,0.7496124922927867,1.0838905053105892,2.3264746253656607,1.1551365573299837,5.834608361203601,6.320476854242109,8.636777373124856,6.627262598339882,1.9102736134945704,0.9453960203578302,-2.2152304908843123,0.815086129089273,-0.7763162651163796,-0.07894984756497538,1.0595155310350242,-0.6652946181673749,-0.47250396811837114,1.0525141320731755,4.8,0.0,casci,vtz,18,0.01
-72.08278608027446,45,0.8483404486760902,1.2207012953072258,0.8482503152848493,0.8483340214272321,1.2207013872211627,0.8482566589696041,2.3086788549051356,1.151690815947643,5.834584126886164,6.31160223933796,8.645402796155409,6.588407932065513,1.898754015328418,0.9453398662917905,-2.2032666127943816,0.8171750629557335,-0.794547187971697,-0.08826454626948116,1.0453422779930435,-0.7000049029937037,-0.47626725343729914,1.0571569020863527,4.8,0.0,casci,vtz,18,0.01
-72.06282102223112,46,0.8747379025315976,1.1689235506397324,0.874738936928724,0.8747277735666151,1.1689219639984352,0.8747461300939712,1.6784633390018502,-1.7361332180222049,5.836796257759076,6.398767474862637,8.501165073564607,5.078574096604677,1.6405720237775774,0.9761259880115398,-1.6393551293531246,-0.6223527208873334,2.0172225917189284,-0.017009486579918034,1.6121664882786277,-1.316617167714739,-0.7800143040390968,0.9176627880236823,4.8,0.0,casci,vtz,18,0.01
-72.06181687278091,47,0.9670675686832243,0.9857255744142918,0.9670647355183447,0.9670651608997692,0.9857257092170806,0.9670669280872498,1.1349169829630337,-1.0667653908287784,5.83971567681996,7.358921813451455,7.498342816852922,3.0818952974668647,1.0489732263339127,0.9455984706734581,-5.25673261563513,0.06992924987059154,1.146735762174905,-0.24244072207222733,-0.4409001273479267,-0.8153407231591228,0.788635854454701,0.06398692959122998,4.8,0.0,casci,vtz,18,0.01
-72.05735638049522,48,1.0648157025730167,0.7890400313261278,1.0647727915404968,1.0647835289340952,0.7890399979222824,1.064805648117182,1.678086420467165,-1.7150052346372604,5.8372577004132005,6.369373052070982,8.508811133484034,5.051555766062281,1.6529044765438101,0.9769940658959329,-1.5443692254455201,-0.6177587941517082,1.978627641623468,-0.04462444899629792,1.6135125383320053,-1.4247514327835176,-0.8201586502949854,0.9176551720533843,4.8,0.0,casci,vtz,18,0.01
-72.03491341304645,49,0.9216782175819671,1.0575905711840916,0.9216858067459094,0.9216862480037789,1.0575906796463674,0.9216769720994624,2.0301879416503783,-0.20066866546740253,5.801908495261577,6.300272994791896,8.36605523693365,6.031069595545831,2.1914380318885422,0.9335362984519842,-1.0301144735228167,0.8066414911270945,0.7634931178255193,0.7114116483441919,-1.516562227646194,-1.356068639302023,-1.0600110119365656,0.9047625281670995,4.8,0.0,casci,vtz,18,0.01
-72.0224158001757,50,1.018863137078571,0.8630324891699366,1.018895288995496,1.0188936105086386,0.8630314772786727,1.0188637090274022,2.031852337233082,-0.22336525694067083,5.801579712058717,6.302881860683225,8.361490694940112,6.036863952989993,2.187957789421318,0.932640648083656,-1.0333592943174694,0.8324249418565558,0.8053999809862818,0.7154438926113927,-1.6105436038130128,-1.4135056320633048,-1.0590408180120718,0.9055867186216883,4.8,0.0,casci,vtz,18,0.01
-71.99804119319714,51,1.0016013867391984,0.9153040055729686,1.0016010117135037,1.0015951889585246,0.9153048792194973,1.0016057308197068,1.19137133486932,-1.1026120778238409,5.8370122030233995,6.844474227805588,7.853700923546845,4.242569964733422,1.2860894833295653,0.9407923411561568,-4.270046732646101,0.13933737057409473,1.4282823642599347,-0.14534449644395714,0.9937224761913752,-1.5493564371205475,0.42390480937165403,0.2703265443433409,4.8,0.0,casci,vtz,18,0.01
-71.98421493024286,52,0.8611212353871143,1.1940584259302616,0.8611265116773238,0.8611276341280805,1.1940581362154559,0.8611215047665794,1.29921752715499,-1.2720769916342762,5.832613448104816,6.073493028883817,8.850232458039043,3.922335879983721,1.1918904523429723,0.9578275239341443,-2.4964607420607683,-0.7104480766963264,1.083031172257208,0.3777366468782007,-0.7718400542094656,-1.820722149184457,-0.2701428861905704,1.0312789315631443,4.8,0.0,casci,vtz,18,0.01
-71.97627834279518,53,1.0634124788826027,0.7894021523057968,1.0634142639147983,1.063416472537944,0.789402015789165,1.063410348962741,1.3263236406963723,-1.2702112830777634,5.832457732393047,5.9221757444203655,9.044758883877686,3.944901214407721,1.1940645124021145,0.9612415796271603,-2.182175285674635,-0.8134871412933204,1.092017880723759,0.441852786167097,-0.9314407567359444,-1.7842465284687712,-0.3894562932677741,1.1770689768597955,4.8,0.0,casci,vtz,18,0.01
-71.90596347777021,54,0.9640355786483392,0.9842346539129044,0.9640337249286746,0.9640342576349842,0.9842347344686202,0.9640350688281689,1.5065854257966498,0.06957140561781446,5.824608018421691,6.0363259417068615,8.782638182450436,4.543708840400084,1.4194832388372773,0.9755859433633256,-0.7865865693187244,-1.403453148101765,-1.6439044576792492,0.9420257355382013,3.9893997536585877,4.345804719452163,-1.115788200767353,1.0930690380663424,4.8,0.0,casci,vtz,18,0.01
-71.8878208689862,55,0.9753457679184979,0.9657375026925319,0.9753398879567348,0.9753408399811085,0.9657373993749023,0.9753447622683571,1.7351769885191182,-0.07724130025986944,5.832846160192132,7.4318948561749885,7.3351666536844045,5.797802633422442,1.280323534864579,0.9342061041618361,-4.931943787018593,0.03566584749108995,0.07786869931177265,0.1595222123481171,-0.2810047821348635,-1.5544149880426628,0.6079981794655499,-0.021155617165933616,4.8,0.0,casci,vtz,18,0.01
-71.87789449472423,56,0.9486356017440403,0.9956089396949305,0.9486372928816436,0.948639313155285,0.99560874466822,0.9486354601582409,1.4348302771731065,-0.1783199473055977,5.78576535230236,6.124589871693859,8.686902902694221,4.093664023164646,1.2639564309879183,0.8922398560599254,-1.9643764111949427,1.294125036211999,0.4882425732145314,0.6812796957958394,0.351667563428772,2.905299027369927,-0.5489592623259933,1.1065593106017166,4.8,0.0,casci,vtz,18,0.01
-71.86813999149204,57,0.9289832688885487,1.0567088629905557,0.929005910485287,0.9289877469681498,1.056708893296003,0.9290014448834952,0.9051308811559069,-1.609818097681802,5.829396127512039,7.304563262000354,7.50992051486684,2.868218660536422,0.6115139192773674,0.9343595489310861,-5.041114260766864,-0.6276418800215171,1.4114636078293814,0.25497472805836974,0.3455097325390907,-0.3232879981957415,0.6944163148833435,-0.8026183771349602,4.8,0.0,casci,vtz,18,0.01
-71.85818831698947,58,1.0852805711985611,0.7461232779017383,1.0852689214744706,1.0852845047552715,0.7461217794219264,1.08527018415077,0.8882886793813992,-1.7453893842596693,5.833349238902738,7.297772599361054,7.527383786376096,2.8145281646752145,0.5912287614094218,0.9397507830414433,-5.038334240908714,-0.7855194184096796,1.527992616753973,0.18004282348439637,0.39317396093501156,-0.4682430017296044,0.6947239706140932,-0.8106393400954695,4.8,0.0,casci,vtz,18,0.01
-71.82310188397147,59,0.9691013581733487,0.9607835877222726,0.9691070101578427,0.9691034409524318,0.9607843380060708,0.9691056234854201,1.2888599992745173,0.15150684695614008,5.797985358497387,7.013072241009594,7.379094639069219,3.778032916014286,1.1828831781662852,0.895203893780567,-4.336014401598714,1.0229750256456147,0.5571471277238038,0.6686248361909568,0.5158220489270925,1.3487743229915692,0.4147391405469581,0.042542501570484226,4.8,0.0,casci,vtz,18,0.01
-71.81846246998764,60,0.8964770157162582,1.1054717729291013,0.8964827098735779,0.8964881738671986,1.1054718117105562,0.8964716032724562,1.1235308983532488,-0.29951386503616295,5.7968630873691485,7.388681262551192,7.345099457255239,3.53918755434676,0.9140304830846866,0.884664992673049,-5.048909959230207,1.029700073721371,0.6257318457175886,0.6430591690462528,-0.205823233416985,1.107380109303819,0.6772846639773058,-0.7163586650824043,4.8,0.0,casci,vtz,18,0.01
-71.81528176614276,61,0.9829828298483054,0.9330510048298121,0.9829883414815106,0.9829901112671761,0.9330509781866844,0.9829811790571417,1.2900943395769722,0.1585241079100261,5.79804444467063,7.0745676412964045,7.441160288723106,3.8278828211735316,1.1771276817460978,0.8935460870954325,-4.479016028131513,1.0588998868867496,0.5516464563940121,0.6609389184509682,0.5428295598954791,1.353734328872946,0.4708661037416555,0.098643142183923,4.8,0.0,casci,vtz,18,0.01
-71.79893200410136,62,0.9446441049827006,1.0246879070686898,0.9446338267822614,0.9446363220853815,1.0246879768446604,0.9446416525260024,1.1783867856851042,0.11889387027988496,5.827931790289696,5.8407278280344705,9.17516668561094,2.871418485937186,1.0958992056659527,0.9633102855485007,-2.4328053898947326,-1.4087553929607952,-1.0069747159659435,0.7991290485412227,1.0061926699086552,2.6880410771052086,-0.24377926206125156,1.1864063616543095,4.8,0.0,casci,vtz,18,0.01
-71.72674150642908,63,1.0511438641217534,0.8062541870008824,1.0511599462251664,1.0511524624143607,0.8062530897005555,1.0511517663423735,1.6533868954156077,1.3577583646937963,5.817115315805092,6.5697323325696155,8.301001806377558,4.805197335005426,1.6703023723321309,0.9482858109433372,-2.2849022204721754,-0.5014966114594803,-0.874784853306468,0.06150572279780597,1.4248511360955898,-0.8497642726536982,-0.4999819729063162,0.721046656775524,4.8,0.0,casci,vtz,18,0.01
-71.71800041407262,64,0.8475216652847299,1.2196363901078326,0.8475410611269374,0.8475279377200946,1.2196365238319873,0.84753710231525,0.40011339478445057,-1.186593880396256,5.829400680386832,6.7587717454677545,8.066672620207129,1.420050924229629,0.2580682753757986,0.923235582552622,-5.7561386928551475,-0.8183463386188339,1.046241739937158,0.1261616348374408,0.1725584824662599,-0.6276582335269709,1.188376410060635,1.0983193337692596,4.8,0.0,casci,vtz,18,0.01
-71.71295176685247,65,1.087605615877362,0.7399112311761326,1.087575204483895,1.0875904180111484,0.7399114584406535,1.0875901105207955,0.3968908940048591,-1.2103019585857817,5.830184038509987,6.757668219889098,8.070054918077187,1.421817899766219,0.24878465823692608,0.924133069227175,-5.755420705294917,-0.8197748505749395,1.118385605924058,0.07882949190048366,0.13042298547661202,-0.6300950520348771,1.1882932976751839,1.0985688422391897,4.8,0.0,casci,vtz,18,0.01
-71.70820176816585,66,0.884768385967432,1.1388376069721549,0.8847570327000491,0.8847649974957208,1.1388375278976843,0.8847605126659801,1.6674680163615485,1.3899060478210497,5.816726063699022,6.563263554548859,8.31671832420077,4.841103345417128,1.6848298462036624,0.9474086170080842,-2.2470788051474315,-0.4884228897852767,-0.9325030939894849,0.07645060771940032,1.3660622551074093,-0.86194613040195,-0.5172764860634991,0.7574705193509986,4.8,0.0,casci,vtz,18,0.01
-71.70804769860155,67,0.9772215061407059,0.9598419943525996,0.9772144192209719,0.9772161729738591,0.9598416046236591,0.9772205175468249,0.6959502541957296,-0.8140425616702076,5.8285562148586205,7.0732948099653505,7.656382832427786,1.8784524546858434,0.47367581459155583,0.9436426618982734,-4.731667259942741,-1.4015496877708746,0.127232465732601,0.5088855269431087,1.0803902308952336,0.5432293057208453,0.5975099274800331,0.08684230749590055,4.8,0.0,casci,vtz,18,0.01
-71.70708350964128,68,0.9902792971742647,0.9272568610248075,0.9900886236660948,0.9900824111835587,0.9272556173527136,0.9902876715760436,1.2807713486389143,0.998515316610826,5.815250481977483,6.9903217038526115,7.548677193777013,4.049045727516223,1.4265479865367405,0.9233087959496368,-4.161169281808815,-0.15197426033728795,-0.7813642714539345,0.4260076719264147,-0.6799958564115489,-1.6400317618146611,0.3330042149412543,0.1517176078018091,4.8,0.0,casci,vtz,18,0.01
-71.70493349070475,69,0.9723924143485115,0.9695649575092529,0.9725804712058792,0.972580267659531,0.9695646934536954,0.9723925478595492,0.7071961834598615,-0.8560529702170817,5.829075352036419,7.047710957537331,7.681776088843657,1.869941856038086,0.5026473962082578,0.9448818426265415,-4.610684967505658,-1.4188512190740257,0.20539268532693603,0.46784721197285006,1.1260982715888022,0.46739760375265127,0.5434147443684959,0.10550441954274814,4.8,0.0,casci,vtz,18,0.01
-71.69861575041448,70,0.9977721539916247,0.9180095592473326,0.9977445968011371,0.9977523369012242,0.918009857753539,0.9977645195032543,0.6114602613668698,-0.4972665004085651,5.827053024198112,7.241762669252856,7.558562549733409,1.8564012100991372,0.40488083813061204,0.9353604863876188,-5.207200210044087,-1.3755425452852412,-0.610254812069287,0.7305632654832463,-0.15953743547616417,0.2611296771160455,0.7931594377088291,0.027714306897782925,4.8,0.0,casci,vtz,18,0.01
-71.68580790478612,71,0.9207524071270574,1.0711538202680868,0.9207555598056736,0.9207583920248942,1.0711455336233882,0.9207533074363885,0.6844575050903461,-0.3566443478971717,5.825319020285488,7.302371086440004,7.5474927826007985,2.13047501707121,0.5108833739198982,0.9308418171978406,-5.267528863572796,-1.1463164228810916,-0.5415873872198878,0.6744109803486579,-0.20499312906840061,0.009991082070358176,0.8081716601763967,0.04720844018208481,4.8,0.0,casci,vtz,18,0.01
-71.68336478199228,72,0.9663314588904497,0.9838845510521426,0.9663388463983478,0.9663379617067688,0.9838867022925435,0.9663295535699409,1.5330202333480163,-0.06758376442498337,5.833109073910193,6.315692988581711,8.828606350060095,4.610954793134466,1.457295918929369,0.9959891089231077,-1.9519348616914214,-1.3560030639044638,2.725136547019556,-0.823810885456387,-2.0312089049469204,2.8079392245919665,-0.6029558162997173,1.0109913507381298,4.8,0.0,casci,vtz,18,0.01
-71.67909874714476,73,0.9683885444566714,0.977266638386745,0.9683857473495924,0.9683866474828658,0.9772674125682257,0.9683874708865557,0.7065190410593333,-0.03138855239539505,5.828082461130656,7.131290338025325,7.589662876794141,2.2469163748736074,0.4641575753586662,0.9480999805706285,-4.852719210071131,-1.7273942998172873,-1.3224625294460393,0.9090906187773501,0.380852984041979,1.4529375377394664,0.6435370205292339,-0.843540313796153,4.8,0.0,casci,vtz,18,0.01
-71.66003022207204,74,0.9663316518537521,0.978080922263795,0.9663475894763509,0.966350616757923,0.9780820293934597,0.9663351062258971,1.3785946914150151,0.9534801779214155,5.821527915971178,7.398005170285714,7.474434064900086,3.7834668201814248,1.0113635341711666,0.9117670436134269,-5.184774727357469,0.07985568033265893,-0.8079149568005971,0.12785210272696118,1.2993688733778852,-0.7361729259974722,0.7428860711073063,0.11739674065184663,4.8,0.0,casci,vtz,18,0.01
-71.63966163544089,75,0.904276129740574,1.0928816867829276,0.9042844565362343,0.904281164660407,1.0928817221639824,0.904279432967203,0.8190339131443789,0.8455171209908345,5.802884592851329,6.9094959455728215,7.808442987242554,2.5655770034633156,0.7186526290605328,0.8782556045978213,-5.789552067079482,0.6394355236387022,-0.5845658263021878,0.5829730681430402,0.3755251047698986,-0.14868543155604844,1.1674020471465363,1.1092642991523363,4.8,0.0,casci,vtz,18,0.01
-71.6298720667505,76,1.043965064894064,0.8132016459592605,1.0439793583569252,1.043981021804247,0.8132019984514436,1.0439629275955458,0.8298609609913625,0.8014528343688835,5.802292017061485,6.914758913984114,7.8001401457069175,2.598457329658981,0.7215878467747621,0.8772638338279002,-5.790997563563366,0.6732563160906138,-0.5037749431648837,0.5884222303019739,0.3976196662017579,-0.16455205861955605,1.1668090532856543,1.1096327070247904,4.8,0.0,casci,vtz,18,0.01
-71.62043294008,77,0.9770103744237533,0.9524395531253445,0.9770141614973918,0.9770139815066845,0.9524394036913402,0.9770108809243706,1.125361206281751,1.1942694990442602,5.812928355168885,7.559210404196968,7.34156082568164,3.209815027208874,1.1126492861878616,0.9079342639917307,-5.3869441828864595,-0.029831919981087782,-1.337424099750905,0.45123848822721613,0.45782060908739597,-0.3717699152812618,0.8036694903939877,0.004506626790012458,4.8,0.0,casci,vtz,18,0.01
-71.61314196233424,78,1.0646118245771883,0.7826633514731891,1.0646353119783392,1.0646256249360802,0.7826634566796768,1.0646220579253938,1.22806935317645,1.150441335030326,5.823821627569867,6.04577725543434,8.950291908947662,3.8523851399623243,1.1511041957408996,0.9370589686123616,-2.85939209181291,-0.6268810803401974,-0.8102821615271194,-0.31999435109041086,0.6008999482809074,-1.6187153570068036,-0.0817482679521298,1.1410384968187195,4.8,0.0,casci,vtz,18,0.01
-71.5976705510334,79,0.8724813428335374,1.1667467921236705,0.8724746427211452,0.8724881012465151,1.1667467335170356,0.872467940336472,1.2154188257781096,1.1526843287316824,5.823405552778376,6.079371045720747,8.924211645640277,3.8759271752996076,1.1243030227467723,0.9360190373579951,-2.977827668316625,-0.6382829005153763,-0.8602193201145598,-0.25692253788129926,0.5267147592195587,-1.5349060738542581,-0.030928927271874268,1.1207377752407996,4.8,0.0,casci,vtz,18,0.01
-71.52426575644233,80,0.9573563080929204,0.9985302000547404,0.9573392266749865,0.9573399619401508,0.9985303448452925,0.957355784792328,0.17857280312197507,0.10985830570669923,5.826451826400418,6.661005014843551,8.142370492906357,0.5581298867801616,-0.03819578999040009,0.9227750331126299,-5.702192022549629,-1.7208106685232338,-1.809966446103429,0.909658230598241,-1.0819319855684262,1.116061584497457,1.1858447575639266,1.0886585523455952,4.8,0.0,casci,vtz,18,0.01
-71.49755415142114,81,1.0777829383108537,0.7555232057243729,1.0777955967295907,1.0777845784676696,0.7555233912536503,1.0777942281635984,0.9288971873141898,1.4201203956095563,5.822203938649736,7.282747602568069,7.465712748115218,2.7841249381669826,0.9482864389472458,0.9269023262602665,-4.999433340966043,-0.7608807697716743,-1.339574475832879,-0.20349925506454902,0.3629235211657109,-0.586149601021867,0.6790297698410039,-0.8412695188660579,4.8,0.0,casci,vtz,18,0.01
-71.49030849059946,82,0.970190121289497,0.9736299886408815,0.9701954618949331,0.9701959302686894,0.9736301801980971,0.9701898530533667,0.8526893052482953,0.1018363205831782,5.828031535345465,5.876062211826324,9.238465092012088,2.6012240120495043,0.7248629492280109,0.9632264790011742,-2.972469877855764,-1.4702362144317456,1.6704570710709583,-0.8350512617997901,-1.6328791571100891,2.767925493480836,0.0172193859713011,1.2077538489883712,4.8,0.0,casci,vtz,18,0.01
-71.47995135385744,83,0.8626716646425812,1.1855597190677494,0.8626595804618444,0.862674137947375,1.1855570508156696,0.8626615964731268,0.9347225968939807,1.4327261188331812,5.821783749408347,7.284201310841755,7.463282826203308,2.802141045898738,0.9504392505431902,0.9261606039798309,-5.000905819496947,-0.759304929960922,-1.3791140641657123,-0.16659932571240116,0.3570715697663533,-0.580506099954116,0.6794025820380352,-0.8397317242499134,4.8,0.0,casci,vtz,18,0.01
-71.44983864751777,84,1.0696653616121141,0.7729248041203862,1.0696956421247266,1.0696839207455255,0.772924439626925,1.0696754141838476,0.6751470812611313,0.6731130651786675,5.824569582413526,6.866258017207068,7.967212815538417,2.0044729045336096,0.34531002367236185,0.9130736401570427,-5.796316746474341,-0.7304159028716052,-0.6734838834429258,-0.15930540919602512,0.24737671931517508,-0.6344063475790878,1.1815938689354035,1.1139369467245088,4.8,0.0,casci,vtz,18,0.01
-71.43284316199514,85,0.8704004453915148,1.1713192917929784,0.870389040155413,0.8704004716929958,1.171319093544013,0.8703889459508258,0.6869103719744188,0.6799242358062061,5.824217288527741,6.871965990821432,7.961775330577206,2.031122203305582,0.3562209014913152,0.9121895434415834,-5.798723115458961,-0.7266211188690437,-0.731155015638411,-0.11294938967832849,0.29557916964259423,-0.6349117750717994,1.1813700600241224,1.1139555718014054,4.8,0.0,casci,vtz,18,0.01
-71.40397658401275,86,0.9935764752074865,0.9245817745373367,0.993589096019422,0.9935788202879778,0.9245817704419033,0.9935868181119782,0.6856927719842738,0.6244006768457446,5.823494754606105,7.167378952873189,7.544796769279718,2.1112204121688194,0.6467181387668319,0.9440439022999778,-4.9841842351102965,-1.4359712490418581,0.5270316141486234,-0.554361810321482,-0.24548116497043215,0.7453526172589446,0.700247379336851,0.02058995666365432,4.8,0.0,casci,vtz,18,0.01
-71.40348655371244,87,0.9384113845472879,1.0349306287268676,0.9384016497799418,0.9384166889020639,1.0349308578120202,0.9383961970175083,0.6865317771473536,0.6221430586218408,5.82348740678569,7.168554593474917,7.544109618582048,2.1135251631887084,0.6480212048875489,0.9440052345187964,-4.982427182981159,-1.4337865921465944,0.5365396240859657,-0.5563496163126391,-0.23541033125143654,0.7396914379282269,0.69907494312185,0.020250005500793422,4.8,0.0,casci,vtz,18,0.01
-71.35454488811547,88,0.993910101429716,0.9237951153710913,0.993934738950919,0.9939216451591986,0.9237847443637951,0.9939291817080715,0.5472938120033837,0.3836994740070132,5.823275526982791,7.186666234193094,7.569391148875125,1.7086081584323194,0.5078315986668631,0.9357368292536761,-5.106531660446845,-1.3848801062946423,0.8194638992613262,-0.7171460618066173,0.05502224022986531,0.2628067149727686,0.7565992716751491,0.030852382054484262,4.8,0.0,casci,vtz,18,0.01
-71.35389786350625,89,0.9333977475015854,1.0448190232820402,0.9333797858010893,0.9333973659468471,1.0448192491601398,0.933379726995319,0.5465784420753161,0.3842155065521662,5.8231928986870205,7.187866617746678,7.568776225090698,1.6997685900306467,0.5075253025025996,0.9355610632592128,-5.110302079624452,-1.3805074216016648,0.8203763617448594,-0.7155586987024507,0.0575718124725237,0.2605565900265515,0.7581843853755562,0.03052353260600954,4.8,0.0,casci,vtz,18,0.01
-71.33577907131954,90,0.9683156999697269,0.974722707891442,0.9683171350376033,0.9683175672656364,0.9747226462908444,0.9683152301467541,0.4802057299681555,-0.10348554266851669,5.822710986602008,7.093071631168567,7.560544291002911,1.505239912268664,0.4599713418107091,0.9459514612588149,-4.849213398798479,-1.7469190534851504,1.6686893837194754,-0.8930690238533663,-0.3098237029442673,1.4583857774267353,0.6513387916070977,-0.8990455452882024,4.8,0.0,casci,vtz,18,0.01
-71.15373453781338,91,0.9657600344109614,0.9786160101646446,0.9657613105492001,0.9657542137569302,0.9786225392205923,0.965751372742652,-0.04824902416365739,-0.08410398246662834,5.820265480844981,6.627957254110971,8.145666850472,-0.007939532153130225,-0.06334339543116677,0.9192558324057511,-5.689330292674731,-1.7402109620348631,1.7688019732226,-0.918911845100632,1.1823458956245494,1.1034195659098849,1.1876758328096226,1.1009584000121515,4.8,0.0,casci,vtz,18,0.01
-70.26242780732495,92,0.9728149155649884,0.975330699262226,0.972799680206947,0.9727483864213677,0.9752471713040263,0.9727642238438847,1.0151384113518094,-0.09050406074315673,5.84170507660344,8.120517687740445,7.636662551707703,2.9615286354539725,1.0203932161638707,0.9481384084656539,-5.432266499448156,0.5520285723237709,-1.496513255533951,-0.26342692354427644,-1.7691028767557984,1.5804284986860297,0.6860038277889667,-0.13071356886768726,4.8,0.0,casci,vtz,18,0.01
-70.25842031791412,93,0.973855748405287,0.9716161513984242,0.9737243205097939,0.9737509720922237,0.9716171983325483,0.9738280500954475,1.0869457987104876,0.22044594810657628,5.838392440833724,6.965103933554888,7.864233797525328,3.1256455676315587,1.1183883064121538,0.955900542381226,-3.0222788197813215,0.7766958426111675,-1.8515545245224136,-0.2605935545554659,-2.5027418042596214,2.454868119543532,-0.23013657349806116,0.6097524310375286,4.8,0.0,casci,vtz,18,0.01
-70.25577403046617,94,0.9852628130795817,0.9492565809589092,0.9852193357749115,0.9852031425195675,0.9492470575663078,0.9852513933284033,1.1092939026956672,-0.25529613423755537,5.839440323227681,8.010532499966782,7.659526103905796,2.985347145465089,0.9792988836738417,0.9492251618412441,-5.110355037536156,0.5485319725139687,-0.9791719105048771,-0.21441047686359305,-1.391777123599724,1.1107528490608227,0.5525443937763821,0.3783921215955563,4.8,0.0,casci,vtz,18,0.01
-70.25375583573826,95,0.9630758288219226,0.9936264453978765,0.9630752931876696,0.9630771110678173,0.9936331005541637,0.9630777169649292,1.1076488902655204,-0.2501326527037878,5.839565495994378,8.007678752261912,7.664655238144097,2.9908428755575227,0.9796095389475845,0.9491642765012375,-5.106056611833271,0.5474914390603011,-0.9949269625698669,-0.21738319337659662,-1.390509434061407,1.119978278512646,0.551108617851158,0.3837228597891607,4.8,0.0,casci,vtz,18,0.01
-70.25277164924856,96,0.9595238765768559,0.9983942597534992,0.960072433172469,0.9600244006231342,0.9983939933868975,0.9595683562380617,1.4802553845630677,0.1269403511064551,5.835977319750917,7.350139319742238,7.665941282060823,4.275735720266606,1.4007199950866842,0.9708521104515175,-2.6519247909110417,0.6936194743449504,-0.7925904168698422,-0.2370104428202237,-0.8294736902938662,0.22977182339992114,-0.5115724344800388,0.038906740063692435,4.8,0.0,casci,vtz,18,0.01
-70.24573747950134,97,0.9887535457613257,0.9407052025215099,0.9887439852787308,0.9886658304865578,0.9405454489559182,0.9886651231797812,1.4774326228390908,0.11759398582719804,5.836079136183823,7.354745096547547,7.664767248905779,4.2757221137555685,1.4076049724181963,0.97093082934956,-2.6715408636731466,0.6933686793499729,-0.786489056682739,-0.2368197462069117,-0.833311327139897,0.2425505776236232,-0.5029158423003135,0.03840355686827124,4.8,0.0,casci,vtz,18,0.01
-70.12726154305223,98,0.9836090149690444,0.9365705346560357,0.9835927090984391,0.9836017655100473,0.9365739439714118,0.9836007841581269,1.0559017292516484,0.17230774132355736,5.807548752363105,6.9720825210986375,7.774917304625177,3.2975689802795083,1.2830184251279468,0.9338978189343414,-3.1452446457540244,0.5457477991687855,-0.3717827048115754,0.23342504616329432,-1.5287033317774137,0.5478160301400213,-0.17039830739764733,0.6224568428512887,4.8,0.0,casci,vtz,18,0.01
-70.12616459088603,99,0.953537163062441,0.9976205738812234,0.9526396608845247,0.9524141758815963,0.9974747743702765,0.9533127445314966,1.0419293909842937,0.18018851671420788,5.806999092611559,6.968312867878172,7.784406859175769,3.254856897407702,1.2606441297434834,0.9329862384921983,-3.151152121674402,0.545838332117644,-0.38735181425000653,0.23521746503744867,-1.547383630547822,0.5340608828892626,-0.16650215613234215,0.6237449587751892,4.8,0.0,casci,vtz,18,0.01
