energy,state,n_0,n_1,n_2,n_3,t_1,t_2,trace,densityNN,doccp,exchange,hophop,sisj,sisjNNN,r,delta,method,basis,CAS active nMO,hf smearing
-58.54580815603854,0,0.9999999801300139,1.0000000198920809,0.9999999689291916,1.0000000310487138,3.1064192505988446,1.744090982747082e-14,4.0,4.5134205349407335,0.25367391401032025,0.7374600812389375,0.24177155579962117,-1.497085174354652,0.6873406098623912,3.6,0.0,casci,vtz,4,0.01
-58.26073547101259,1,0.9999999994867488,1.0000000002298077,0.9999999721255521,1.0000000281578938,2.951076001322168,5.294376048681215e-15,4.000000000000003,4.090129313906386,0.28948489608132505,-0.9135193451971655,0.24442023912813138,-0.5657726558780138,0.7828863279390068,3.6,0.0,casci,vtz,4,0.01
-57.39988595149921,2,0.9999999815828484,1.0000000183863786,0.9999999566085374,1.0000000434222363,2.081729132042632,-0.563068527343576,4.000000000000001,5.433535608282456,0.27790738610156895,-3.2910184426511147,0.25728181307415554,0.28712531925494333,-1.078694779678768,3.6,0.0,casci,vtz,4,0.01
-56.940493884117465,3,0.9695500369978397,1.03044997132457,0.969550014413847,1.0304499771718107,1.398628937605927,-0.6005892096202823,3.9999999999080678,5.710976875263299,0.1606475211318324,-3.855488437608667,0.1277577140870252,0.4999999999885087,-0.37951435913963466,3.6,0.0,casci,vtz,4,0.01
-56.940493659032064,4,1.0304499543301904,0.9695500372575939,1.0304499386440387,0.969550069810748,1.398628886362264,-0.6005892553761915,4.00000000004257,5.71097691385034,0.1606475110371121,-3.855488456935812,0.1277577157139933,0.5000000000053213,-0.37951436672748684,3.6,0.0,casci,vtz,4,0.01
-55.51378797977031,5,1.000000000000001,1.0000000000000009,1.0,1.0000000000000009,3.3306690738754696e-16,2.609024107869118e-15,4.000000000000003,5.3333333333333375,3.7580645395963536e-18,-5.3333333333333375,-8.846940300105502e-17,1.3333333333333344,0.6666666666666681,3.6,0.0,casci,vtz,4,0.01
-53.815216371050944,6,1.0000003659186372,0.9999996349535799,1.000000209476853,0.9999997896509323,3.896109578179345,1.325905531202043e-13,4.000000000000003,3.7847099147210606,1.166871985565361,-1.5114247999084116,-0.6070290859432068,-0.19046507872605928,0.06561906790007968,3.6,0.0,casci,vtz,4,0.01
-50.112565343176726,7,0.9132383352589564,1.086761746306606,0.9132383130937001,1.0867616053937041,1.8004149259566946,-1.3880256844005416,4.0000000000529665,4.618372121360564,1.0168776763225806,-1.9275581819747403,0.4133068973465468,-0.1908139393527709,-0.046527803418535116,3.6,0.0,casci,vtz,4,0.01
-50.112564118538785,8,1.086762849831659,0.9132370691694227,1.086762257531568,0.9132378234987863,1.8004145309042054,-1.3880265277002486,4.000000000031436,4.618371633777084,1.016877696794792,-1.9275574506281117,0.4133067691817681,-0.1908141831302152,-0.04652754428154515,3.6,0.0,casci,vtz,4,0.01
-50.00910348147421,9,1.0873757561806139,0.9126244376312047,1.0873751052105836,0.9126247007234678,1.6836529592335994,0.09303041806415785,3.99999999974587,4.691004402618013,0.9597179267299656,-3.3455022012453783,-0.6305988990540439,0.49999999996818595,0.2197884450792848,3.6,0.0,casci,vtz,4,0.01
-50.009100359287864,10,0.912625017706937,1.0873747785193626,0.9126248111514611,1.0873753928012433,1.6836531256524565,0.0930312413200092,4.000000000179004,4.691003688965868,0.9597179790815384,-3.3455018445275986,-0.6305994548736915,0.5000000000223326,0.2197884842888171,3.6,0.0,casci,vtz,4,0.01
-49.88226875053726,11,0.9999994856701647,1.0000005106048824,1.000000222224804,0.9999997815001505,1.3409192422924092,-0.4842761393516057,4.000000000000002,3.3093239045908915,1.1272991732636373,-1.4435100172782922,0.9841140924944579,-0.10557596750857665,-0.04894965254369496,3.6,0.0,casci,vtz,4,0.01
-48.789612602777126,12,1.0000002725324992,0.9999997344664758,1.000000831014698,0.9999991619863287,0.633722084867527,-6.7390537594747e-14,4.000000000000002,4.9727726774874474,0.7647108985556401,-2.7805190344106743,0.27832455980948134,0.14706634783347525,0.4264668260832556,3.6,0.0,casci,vtz,4,0.01
-47.748411119240444,13,1.2089131367141304,0.7910868189260256,1.2089130433423771,0.7910870010949118,1.1177561899695458,1.15049103477797,4.000000000077445,4.322834861209765,1.050968396344128,-1.4842522917178365,-0.7227980167795485,-0.33858256944352316,0.12680886668225755,3.6,0.0,casci,vtz,4,0.01
-47.74840800677534,14,0.7910862106714308,1.2089138338163599,0.7910860365327683,1.2089139189072553,1.1177572000634668,1.150494746380359,3.999999999927814,4.322835775872045,1.0509683067822824,-1.4842536638982897,-0.7227965354109036,-0.3385821120188665,0.12680834212362346,3.6,0.0,casci,vtz,4,0.01
-47.70058657500186,15,1.0000025958894434,0.9999974038001304,1.0000025793273966,0.9999974209830287,6.11455330812305e-14,-6.036837696399289e-15,3.999999999999999,4.000000000000387,0.9999999999999981,-3.000000000000194,-0.9999999999864145,0.5000000000000003,0.2499999999999999,3.6,0.0,casci,vtz,4,0.01
-47.23662775015206,16,0.9999972844983623,1.0000027168387597,0.9999975402847994,1.000002458378082,7.691070003090772e-14,7.474576513288866e-14,4.0000000000000036,4.000000000000105,0.9999999999999716,-2.9999999999999782,0.9999999999864672,0.4999999999999629,0.2500000000000173,3.6,0.0,casci,vtz,4,0.01
-46.7918434957035,17,0.9999995981758241,1.0000004015140533,0.9999993664539473,1.0000006338561769,1.0346307144359912e-12,1.749989042565403e-14,4.000000000000002,4.10902485990813,0.9999999999996824,-3.054512429953126,-0.9454875700450043,0.49999999999953026,0.25000000000023004,3.6,0.0,casci,vtz,4,0.01
-46.21473190894583,18,1.0000008947712924,0.9999991061760407,1.0000009987179488,0.9999990003347204,-1.7268131369263529e-12,7.360778653264788e-14,4.000000000000002,4.000000000000514,0.9999999999999353,-0.9999999999999971,-0.9999999999977018,-0.5000000000001299,0.2500000000000806,3.6,0.0,casci,vtz,4,0.01
-45.442303346211524,19,1.0128173714986364,0.9871826386213705,1.01281741365582,0.9871825759782074,-1.1589713096803504,-0.2904672970851556,3.999999999754034,4.359460841031371,0.8942289681567066,-3.1797304204541925,0.8196583948770795,0.4999999999692535,0.17067172614827525,3.6,0.0,casci,vtz,4,0.01
-45.44230248964725,20,0.9871827520044014,1.0128172400170394,0.98718287406982,1.012817134207729,-1.1589703855432707,-0.2904678993142038,4.00000000029899,4.359461351957767,0.8942290870099161,-3.179730676053632,0.8196581378262745,0.5000000000373741,0.17067181522006436,3.6,0.0,casci,vtz,4,0.01
-44.75430857159956,21,0.9999997166540743,1.0000002837618847,0.9999994105371806,1.0000005890468617,-0.013933319257411425,0.08916906079075344,4.000000000000001,5.902440914081689,1.0109302614850582,-3.9338323343178745,-0.10556780285186121,0.491305938638515,-0.7331082425247227,3.6,0.0,casci,vtz,4,0.01
-44.71611944494767,22,1.0000000946832774,0.999999905048075,1.000000212505587,0.9999997877630622,-1.1564638136007943e-12,4.8183679268731794e-14,4.000000000000002,5.890975140091532,0.9999999999999062,-3.9454875700454894,-0.054512429953237324,0.49999999999986167,0.25000000000006783,3.6,0.0,casci,vtz,4,0.01
-43.78189954200774,23,1.0000009267375691,0.999999072104856,1.0000009518193629,0.999999049338212,-0.03978325160805564,-3.66123797945761e-12,4.0,3.3058674468192377,1.4456733900075165,-2.187168120265366,-0.010046106570503345,0.2671171984278735,-0.18286215592223648,3.6,0.0,casci,vtz,4,0.01
-43.69051451705255,24,0.9999990249449534,1.0000009753024268,0.9999991146309165,1.0000008851217013,-1.6365062829242443,-9.980904991380157e-14,3.9999999999999982,4.3838138232839885,0.8757541561109903,-0.7853388461001796,0.6500167105898903,-0.7032840327709072,0.36009964985414905,3.6,0.0,casci,vtz,4,0.01
-41.83191720861339,25,1.0473313376732967,0.9526685411714434,1.0473316163007995,0.9526685048728982,-1.8465716082274657,-0.3050911251230367,4.000000000018438,5.215859382816723,1.026277688390992,-2.8237890742020664,0.38045782874164236,0.10792969139685218,-0.33822142510821745,3.6,0.0,casci,vtz,4,0.01
-41.83191169304713,26,0.9526683849261619,1.0473317378657963,0.9526684105855704,1.0473314666069338,-1.8465711744442683,-0.30509066595486845,3.999999999984462,5.215859937408912,1.0262776782251355,-2.8237899061328164,0.3804574824858206,0.10792996871418015,-0.33822171004144447,3.6,0.0,casci,vtz,4,0.01
-41.71674242825323,27,0.8984376263936837,1.1015623025033403,0.8984377465599951,1.1015623245788126,-1.9233113856613606,0.7980271393552908,4.000000000035832,5.238557262536423,0.9854054768928096,-3.6192786312771705,-0.3168169207774766,0.5000000000044793,0.23905410766512833,3.6,0.0,casci,vtz,4,0.01
-41.716738838231635,28,1.1015618255322353,0.8984382452052733,1.1015617556314905,0.8984381736109803,-1.923310827993432,0.7980248627376472,3.9999999999799796,5.238558663660951,0.9854055299646634,-3.6192793318254712,-0.31681668775030714,0.4999999999974978,0.23905414747599923,3.6,0.0,casci,vtz,4,0.01
-39.973746056235974,29,1.0000011950428593,0.999998804918855,1.0000012064908828,0.9999987935474035,-1.7445927596599113,0.32300764106167656,4.0,1.8242320577749283,1.717251212525412,-0.8305378348430212,-1.290616180690082,-0.04078909702222133,0.3287275064162791,3.6,0.0,casci,vtz,4,0.01
-39.32686440224952,30,0.9999998139432502,1.0000001869168529,0.9999998390786129,1.0000001600612822,-3.584798086189471,3.3029134982598407e-15,3.9999999999999982,4.937098008605954,0.9458042053635141,-3.3059616203935187,0.4772552010604103,0.4187063080452707,0.2906468459773641,3.6,0.0,casci,vtz,4,0.01
-37.87442664847177,31,0.9999981699635259,1.0000018300300773,0.9999982526668579,1.0000017473395375,-3.8563263265656578,-4.662936703425657e-13,3.9999999999999987,2.9094226384683024,1.3874546244263555,-1.301407079832881,-0.3829248074901805,-0.07665211970063518,0.11724308802040098,3.6,0.0,casci,vtz,4,0.01
-33.04671916276857,32,0.9858221145996209,1.0141854875528682,0.9857969241582674,1.014195473914777,-1.0716000212927796,0.5426240460149288,4.000000000225533,5.842933153587762,1.905876283906386,-3.7643997300982237,-0.07096722145486582,0.4214665766521714,0.007940636221233931,3.6,0.0,casci,vtz,4,0.01
-33.046718745807674,33,1.014189358316952,0.9858030056810788,1.014191670524644,0.9858159652149048,-1.071600042898933,0.5426241759720724,3.9999999997375797,5.84293313402669,1.905876273236061,-3.764399701367603,-0.07096720408938659,0.4214665671771294,0.007940637815520955,3.6,0.0,casci,vtz,4,0.01
-32.992415205193836,34,0.9999897748221112,1.0000102523032486,1.0000102430535758,0.9999897298210673,-1.4699129676463976,3.226746647655432e-11,4.000000000000003,5.769432308447188,1.870571929881287,-3.618787901817301,0.1082117335970197,0.3670358737968536,0.03589307361410969,3.6,0.0,casci,vtz,4,0.01
-32.5370195868846,35,0.9999987557289707,1.0000012510646161,1.000001192876862,0.9999988003295539,-1.6641222954235961,0.6351679648448534,4.000000000000003,5.530467515262314,1.8666119666248564,-3.5011013709011127,1.1547880779757267,0.3679338066349776,0.03202516833366305,3.6,0.0,casci,vtz,4,0.01
-58.69466786296487,0,0.9999305994824477,1.0000694005016926,1.0000694005716886,0.9999305994441716,3.1447966561939826,-0.025349888124534127,4.0,4.55288687484734,0.3046184895392726,0.2611974237946053,0.2922185154172333,-1.268820430609138,0.49728429776359373,3.6,0.2,casci,vtz,4,0.01
-58.19056876516864,1,1.004699784872198,0.9953002151537307,0.9953002151060056,1.004699784868061,2.960017438687543,-0.006646032678221635,3.999999999999995,4.115437724833008,0.29803617169815927,-0.9883729511599733,0.25242908145904097,-0.5346729556282654,0.7582000844018846,3.6,0.2,casci,vtz,4,0.01
-57.07681112289229,2,0.9987123192709604,1.0012876806939026,1.0012876812118783,0.998712318823255,2.0772292115697537,-0.5532800139203724,3.9999999999999964,5.367324241494786,0.25115011029345047,-2.8337025594556677,0.22857861400562723,0.07502021935413727,-0.8866576366340468,3.6,0.2,casci,vtz,4,0.01
-57.069251733032985,3,0.9947868678477835,1.0052131321347417,1.005213132351639,0.9947868676658354,1.5059995792105052,-0.6023461315077617,3.999999999999999,5.652971595583481,0.1888659126182121,-3.8264857977917393,0.15381565448415435,0.4999999999999993,-0.3583505655363397,3.6,0.2,casci,vtz,4,0.01
-56.48493388042638,4,0.9908376509002482,1.0091623490848451,1.0091623490598858,0.9908376509550161,1.3239151478152624,-0.6201629679504362,3.9999999999999956,5.7236045235621695,0.14462223049063272,-3.8234015587498886,0.10953568337830147,0.4807996484844017,-0.3723329756164277,3.6,0.2,casci,vtz,4,0.01
-55.30005984730822,5,0.9999999999999977,0.9999999999999981,0.9999999999999961,0.9999999999999992,6.480926906249351e-15,-2.706168622523819e-15,3.999999999999991,5.333333333333364,3.9061686344107995e-18,-5.333333333333364,3.642919300547908e-17,1.3333333333333408,0.6666666666666505,3.6,0.2,casci,vtz,4,0.01
-53.821281892365306,6,0.9926494514824977,1.0073505488155097,1.0073505482432805,0.9926494514587061,3.8997846207796174,0.0006966559825709079,3.999999999999994,3.7679089042925273,1.1704059091004044,-1.503239847866831,-0.6051527092102598,-0.19035730213971644,0.06816173396502301,3.6,0.2,casci,vtz,4,0.01
-50.65807561385697,7,1.0867134823925202,0.9132865169607525,0.9132865189142683,1.0867134817324482,1.8058958239007128,-1.4342226374590128,3.9999999999999893,4.4943881318619745,1.040603534657992,-1.8954879770533046,0.38897718136764425,-0.1758530444388412,-0.043694304567660436,3.6,0.2,casci,vtz,4,0.01
-50.18437942323993,8,1.0002764416548675,0.9997235587789857,0.9997235573839798,1.0002764421821584,1.7936781486342213,0.3015978121881971,3.999999999999991,4.753221511260568,0.9657539364143857,-3.3766107556302782,-0.6198352244382372,0.499999999999997,0.2243154523107908,3.6,0.2,casci,vtz,4,0.01
-49.77478755760635,9,0.9463740461737963,1.0536259537173487,1.0536259541614985,0.9463740459473514,1.5084350840473224,-0.11640674868283674,3.999999999999995,4.63075400736639,0.9508402741803053,-3.3054014001570184,-0.6106917867701847,0.49501219823691156,0.21811800739831586,3.6,0.2,casci,vtz,4,0.01
-49.62774659334613,10,0.8910655843249218,1.1089344243162471,1.108934421767604,0.8910655695912297,1.3373422627117462,-0.5836742476094114,4.000000000000003,3.463826770746592,1.1033507324000469,-1.5066938898134679,0.8834930272004364,-0.11260974777991395,-0.05987720292005061,3.6,0.2,casci,vtz,4,0.01
-49.508881541567476,11,0.993961951453846,1.0060380394834145,1.0060380398641398,0.9939619691985964,1.7892891358774814,-1.1912307634921517,3.9999999999999964,4.585701059148102,1.0112616730666792,-1.881154917953526,0.5121312743196887,-0.20584780581026219,-0.035705939389726715,3.6,0.2,casci,vtz,4,0.01
-48.88991983997,12,1.0587978218789216,0.9412021777276134,0.9412021776398409,1.058797822753617,0.6532689928769111,0.021173254071108316,3.999999999999993,4.893122674666303,0.808493935938865,-2.875887982851853,0.34168468713255,0.21466332275935074,0.39170712919479767,3.6,0.2,casci,vtz,4,0.01
-47.9409887676967,13,1.007375451393111,0.9926245492478971,0.9926245464190089,1.0073754529399777,1.292231324658193,1.4027187394608296,3.9999999999999947,4.37846927357373,1.065537050125811,-1.5679763012925636,-0.6067794055946923,-0.31062916774715066,0.109781955341512,3.6,0.2,casci,vtz,4,0.01
-47.66359413351075,14,1.0450605255543448,0.9549394735677663,0.9549394768394579,1.045060524038425,0.004519206083500815,-0.021611552552713603,3.999999999999994,4.0381821652480525,0.998379070891783,-3.0190910826240223,-0.9731623280894263,0.4999999999999981,0.24878430316883815,3.6,0.2,casci,vtz,4,0.01
-47.48241380191264,15,1.0124085840808519,0.9875914156801424,0.987591418634271,1.0124085816047246,0.892336555954975,0.8066848446431157,3.99999999999999,4.298229100582169,1.040810956227019,-1.4692254405091112,-0.7916052298818165,-0.33994455489098674,0.12055277206125507,3.6,0.2,casci,vtz,4,0.01
-46.849352900213304,16,1.0158598644091548,0.9841401362353908,0.9841401325537253,1.015859866801724,-0.026337741426354172,0.0018588310184583234,3.9999999999999947,4.0826300152184265,0.9512276836598836,-2.9003582458734756,0.9110313388992219,0.42952161913213105,0.2838991436127804,3.6,0.2,casci,vtz,4,0.01
-46.667072492675686,17,0.9944854109143353,1.005514587845899,1.0055145906123935,0.9944854106273588,-0.0033753929456133702,0.0006649049866305906,3.9999999999999867,4.153526880172235,0.9999209946155894,-3.076763440086114,-0.9232359861101194,0.4999999999999984,0.24994074596169635,3.6,0.2,casci,vtz,4,0.01
-46.367813179048234,18,1.0161164618560385,0.9838835377222167,0.9838835366671949,1.016116463754544,0.01986964666254812,0.017138242602805262,3.999999999999994,3.955419574952254,1.0437837165394805,-1.1395586029083549,-0.8966746483222741,-0.41907559228388597,0.20191337968850037,3.6,0.2,casci,vtz,4,0.01
-45.36340074472984,19,1.062179416325431,0.9378205850897365,0.937820582437143,1.0621794161476408,-1.184468682384224,-0.49247671172531915,3.999999999999951,4.60569481609732,0.8795830414157392,-3.3028474080486463,0.6493284965945644,0.499999999999993,0.15968728106181104,3.6,0.2,casci,vtz,4,0.01
-45.18397298615827,20,0.9855276434220082,1.0144723552247035,1.0144723567698901,0.9855276445833916,-0.9533057776851777,0.08220351382371335,3.999999999999993,4.302707725207551,0.9136882938565904,-3.1444754739116734,0.824882554191155,0.49656080565394906,0.18870541473849345,3.6,0.2,casci,vtz,4,0.01
-44.75975877971725,21,1.0253895508831548,0.9746104495631277,0.9746104504530415,1.025389549100669,-0.24338029563429114,0.027386019716579613,3.999999999999993,5.726139047701609,0.9896892035511221,-3.5289844865682882,-0.01648757366271347,0.3329574813587419,-0.5906905786953967,3.6,0.2,casci,vtz,4,0.01
-44.34245999768183,22,0.8898593344197725,1.110140666303518,1.1101406654790504,0.8898593337977081,-0.17869354022113676,-0.07490885384927232,4.000000000000049,5.618256295991373,0.9840889183233426,-3.809128147995695,0.038933377504993316,0.5000000000000042,0.23806668874250075,3.6,0.2,casci,vtz,4,0.01
-43.38905414916479,23,0.9923949384708899,1.0076050643248418,1.0076050558662435,0.9923949413380126,-1.3897134755181995,0.03871654287623144,3.9999999999999876,4.546181518381976,0.909778919468786,-1.2021303067748166,0.543954106328574,-0.535480226208086,0.21781441580968103,3.6,0.2,casci,vtz,4,0.01
-43.34176168244431,24,1.0033126099419336,0.9966873869866548,0.9966873952560856,1.0033126078153205,-0.02944892049515052,-0.0011621130498825627,3.9999999999999947,3.3540157610716106,1.4022653684099513,-2.0420794791161656,-0.11631370889187079,0.18253579929018005,-0.13083677298271348,3.6,0.2,casci,vtz,4,0.01
-42.12597407230566,25,1.0394640220126372,0.9605359781937375,0.9605359790591141,1.0394640207345036,-1.8918812512934782,0.6322818643736139,3.999999999999993,5.319595634795956,0.9880897156715758,-3.6595925568578003,-0.3060641111976733,0.4998973697299112,0.24116991702377136,3.6,0.2,casci,vtz,4,0.01
-42.01910906135812,26,0.9954334997578688,1.0045664993805987,1.0045664994985521,0.9954335013629724,-1.7451838364536294,-0.160872193352839,3.999999999999992,5.220926373994742,1.0297095081449594,-2.835839890571741,0.34096829359959124,0.11268835178718514,-0.34040622067846094,3.6,0.2,casci,vtz,4,0.01
-41.22046108856269,27,0.9903983078458735,1.0096016930502576,1.0096016929226759,0.9903983061811827,-1.9436060771665171,-0.4124984031385577,3.9999999999999893,5.062771610755835,1.041760324671297,-2.6926448518834802,0.38288920894068884,0.08062952325278144,-0.29930927974930377,3.6,0.2,casci,vtz,4,0.01
-40.92416027474562,28,1.013352003890768,0.9866479953883981,0.9866479957872518,1.0133520049335725,-1.9376593183772086,0.8890805324602121,3.9999999999999902,5.178146735646875,0.983408125720928,-3.5890733678234357,-0.32584398994592023,0.49999999999999883,0.23755609429069924,3.6,0.2,casci,vtz,4,0.01
-39.86182399246565,29,1.0002410226326464,0.9997589776213475,0.9997589765790126,1.0002410231669845,-1.59812574846573,0.3449305537913053,3.999999999999991,2.084080007866701,1.703945125631028,-1.0034212248913912,-1.3301691455539917,-0.01930938952097966,0.2972682337442556,3.6,0.2,casci,vtz,4,0.01
-39.05054957541172,30,0.9584391657237145,1.0415608355535642,1.0415608347590712,0.95843916396364,-3.5741118930219766,0.005698286024580668,3.9999999999999902,4.9321476943500615,0.945001694503967,-3.3025098304382325,0.47719255290758195,0.41821799163160067,0.2905332792463774,3.6,0.2,casci,vtz,4,0.01
-37.67886874322913,31,0.9898098931840336,1.010190106970954,1.0101901087414458,0.989809891103554,-3.842576000557778,-0.0016997938801211199,3.9999999999999876,2.95572398026027,1.3837062797338138,-1.3307889926005365,-0.38349023339758254,-0.07353649876479923,0.1113162085651655,3.6,0.2,casci,vtz,4,0.01
-33.51659469651902,32,1.5134713691981507,0.48652863090550763,0.4865286309024642,1.5134713689938657,-1.2655995214555213,0.49878194254244174,3.9999999999999885,5.767034613361294,1.8790002221857989,-3.6658169840994073,-0.009747171260061901,0.39114983870938,0.018100327929973663,3.6,0.2,casci,vtz,4,0.01
-32.94941559099657,33,0.5461628050450016,1.4538371955333491,1.4538371949083309,0.5461628045133111,-1.7873697150000447,0.13646356497119783,3.999999999999993,5.569252768205979,1.8227206226240211,-3.417121206683829,0.39350239688543676,0.31624741129041956,0.050793055677600736,3.6,0.2,casci,vtz,4,0.01
-32.42359137240698,34,0.9963075198638421,1.0036924370658062,1.0036924809896925,0.9963075620806507,-0.9840712017680114,0.5304451205464831,3.9999999999999916,5.862075245698199,1.9180565887776542,-3.7981128284736747,-0.05986303821546596,0.43353760281228776,0.005004838770957377,3.6,0.2,casci,vtz,4,0.01
-32.189038748155475,35,0.9481445974393745,1.0518554451757511,1.0518554015890578,0.9481445557958053,-1.4297004457940008,0.560027826893268,3.9999999999999885,5.6543118078685835,1.8878456648513182,-3.613884301944896,0.8495702459258033,0.39336419900530195,0.02252004963319169,3.6,0.2,casci,vtz,4,0.01
-59.15487558346176,0,0.9994738365800144,1.0005261633890106,1.0005261635081184,0.9994738365228772,3.2584629853943756,-0.03751137559197391,4.000000000000021,4.5365184178762,0.3792793888867426,-0.11738889830424981,0.36565258201268547,-1.075435155316925,0.359894696981978,3.6,0.4,casci,vtz,4,0.01
-58.19507833361941,1,1.0061877488041042,0.9938122512318155,0.9938122511683705,1.006187748795705,2.9911611680296515,-0.011490429685055252,3.9999999999999947,4.134406829455818,0.3143057859459424,-1.0716331223089748,0.267509555990522,-0.4977851462094669,0.7335144856689224,3.6,0.4,casci,vtz,4,0.01
-57.1891651968384,2,0.9905004370062838,1.009499562979511,1.0094995631474712,0.9905004368667232,1.6033137761898295,-0.629180274494618,3.9999999999999893,5.5914137637004,0.22075993254218113,-3.795706881850197,0.18099453052302017,0.49999999999999867,-0.3344300505933623,3.6,0.4,casci,vtz,4,0.01
-56.6216822352573,3,1.0007549901098425,0.9992450099231307,0.9992450104748107,1.0007549894922096,1.9941040607874916,-0.5782923293764172,3.999999999999994,5.340391299857652,0.22263004779200526,-2.513914121317426,0.19612194629990515,-0.07814076430569966,-0.7548866998502941,3.6,0.4,casci,vtz,4,0.01
-56.02408976653042,4,0.9878136914021296,1.012186308585877,1.0121863086343827,0.9878136913776083,1.2508015305174924,-0.6371035787138672,3.9999999999999973,5.725724559302162,0.13543618253627865,-3.7941392376146554,0.09829629355103246,0.46563847898178695,-0.36406134207957763,3.6,0.4,casci,vtz,4,0.01
-54.9815666211876,5,1.0000000000000022,1.0000000000000004,0.9999999999999982,1.0000000000000024,-3.2057689836051395e-15,2.6922908347160046e-15,4.0000000000000036,5.333333333333331,1.0841224427975442e-16,-5.33333333333333,-7.285838597318875e-17,1.3333333333333326,0.6666666666666682,3.6,0.4,casci,vtz,4,0.01
-53.909733687785575,6,0.990631746258855,1.009368253924183,1.0093682532042063,0.9906317466127534,3.9065829838365573,0.0014818193696005877,3.9999999999999982,3.7322223388320896,1.1778468447662205,-1.4858854587104908,-0.60128357045357,-0.19011285535277694,0.07349798892744497,3.6,0.4,casci,vtz,4,0.01
-50.98013980825345,7,1.0785020771159108,0.9214979223032266,0.9214979237374399,1.078502076843339,1.869054940106368,-1.5171638613266807,3.9999999999999165,4.507258151777899,1.0457633822680574,-1.8801598175614094,0.3169364720017119,-0.18673462916377004,-0.028942834135164297,3.6,0.4,casci,vtz,4,0.01
-50.3830404174179,8,1.0128992309155316,0.9871007691140841,0.9871007683648501,1.0128992316054855,1.8220751587761883,0.43571815732020247,3.999999999999951,4.796140492907943,0.9683932132146121,-3.39807024645396,-0.6019231223231263,0.4999999999999941,0.22629490991096496,3.6,0.4,casci,vtz,4,0.01
-49.586261109392865,9,0.8918250021943215,1.1081749978241076,1.1081749973137731,0.8918250026677963,1.2929561289406437,-0.2905470679835279,3.9999999999999982,4.601737529555958,0.9401653371591219,-3.2340108016412294,-0.46823373178674077,0.4665710184316254,0.2385529844377174,3.6,0.4,casci,vtz,4,0.01
-49.310528762423324,10,0.8659632129817358,1.1340367896912897,1.1340367895220647,0.8659632078049277,1.295033504606649,-0.5390908903571264,4.000000000000018,3.4646385449210255,1.092054647580321,-1.4912509932113835,0.8175828353054773,-0.12053413962456463,-0.06042487469019914,3.6,0.4,casci,vtz,4,0.01
-49.044218023421166,11,1.107936118084388,0.892063881653379,0.8920638820734756,1.107936118188757,0.794077266290553,0.07748644769061351,4.0,4.822970510106638,0.8578071694923541,-3.027287289113245,0.26700284947919983,0.30790101702996303,0.3354543600893032,3.6,0.4,casci,vtz,4,0.01
-49.03265329043373,12,0.9955557362587732,1.0044442608809812,1.0044442580839061,0.9955557447763372,1.7590521550126903,-1.0763952964862946,3.9999999999999973,4.545922247609957,1.0093833491008226,-1.826839644044854,0.5665957923975868,-0.22306073988006203,-0.019901748294320065,3.6,0.4,casci,vtz,4,0.01
-48.19554336232695,13,1.0341423786441313,0.9658576216434128,0.965857621804433,1.0341423779080234,1.419997478129381,1.4970655247865357,4.0,4.4607593244755215,1.0777969607480684,-1.6998251671363689,-0.4737227814479073,-0.26527724755069604,0.07362496811174639,3.6,0.4,casci,vtz,4,0.01
-47.54404502380137,14,1.0679951115284263,0.9320048877616546,0.9320048894306308,1.0679951112792958,0.017350486786634964,-0.050415558348566536,4.000000000000007,4.0700113827900735,0.9950954008839596,-3.035005691395039,-0.9478191198477628,0.5000000000000011,0.24632155066297007,3.6,0.4,casci,vtz,4,0.01
-47.26584573563801,15,1.0457958321815717,0.9542041670966206,0.95420416792606,1.0457958327957462,0.524145629511176,0.4653510526287749,3.9999999999999982,4.18563034220349,1.057013354516871,-1.4826056844581172,-0.7666554062931241,-0.3051047433218137,0.09786475920946797,3.6,0.4,casci,vtz,4,0.01
-46.560089603053896,16,0.9857504526536125,1.0142495473517994,1.0142495470415924,0.9857504529529932,0.23786977097349263,0.15248042611593737,3.9999999999999973,4.027731889563455,1.0664649727127642,-1.3002091532957398,-0.8269178929269203,-0.3568283957429939,0.15667712527756733,3.6,0.4,casci,vtz,4,0.01
-46.44399056556794,17,0.9753923400153619,1.024607660285705,1.0246076599046776,0.9753923397942674,-0.00905619136841955,0.009674975272660966,4.000000000000012,4.250842596528958,0.99884380443793,-3.12542129826448,-0.8724395243771699,0.5000000000000004,0.24913285332844456,3.6,0.4,casci,vtz,4,0.01
-46.15784843077002,18,1.0482623902840584,0.9517376086365117,0.95173760986205,1.0482623912173787,-0.13705360150797352,0.02133810791811286,3.999999999999999,4.1408768598158066,0.8968796585316052,-2.7834267946930904,0.8284852457752041,0.35649418239259345,0.31616556150611086,3.6,0.4,casci,vtz,4,0.01
-45.06734496984807,19,1.063200736097264,0.9367992640491349,0.9367992625130722,1.063200737340518,-1.1043266974579056,-0.4901392789045002,3.999999999999989,4.763693654021786,0.8719873361159838,-3.3818468270108912,0.45981397637324295,0.49999999999999933,0.1539905020869901,3.6,0.4,casci,vtz,4,0.01
-44.74288204656299,20,0.9622757758179626,1.0377242241217635,1.037724224187147,0.9622757758731277,-0.802799247453934,0.3276432276027347,4.000000000000001,4.254360726179057,0.9212097238406833,-3.093053544913092,0.813138690826442,0.4829365909117818,0.20797070196873077,3.6,0.4,casci,vtz,4,0.01
-44.646878372708734,21,1.0250110662352787,0.9749889344797449,0.9749889350517764,1.0250110642332015,-0.3976520572223143,-0.052978670077157175,4.000000000000002,5.60459275357155,0.980489119934818,-3.244742024268077,0.03827841115383397,0.22122282374115101,-0.48585598379003825,3.6,0.4,casci,vtz,4,0.01
-43.71637327319123,22,0.8694304435453641,1.1305695571811496,1.1305695565121585,0.8694304427613697,-0.38287033163400014,-0.1725094917708847,4.000000000000043,5.384934283934997,0.9620960199009632,-3.692467141967508,0.1257778194010149,0.5000000000000047,0.22157201492571826,3.6,0.4,casci,vtz,4,0.01
-42.94171104447803,23,0.9895667412474463,1.0104332603013741,1.010433257917247,0.9895667405339228,-1.2073063677838705,0.09276005382952554,3.9999999999999902,4.63984310583068,0.9398951173607116,-1.4898481836934097,0.4737094414978017,-0.4150366846109653,0.11995802263150179,3.6,0.4,casci,vtz,4,0.01
-42.49273777874532,24,0.9713155403794138,1.0286844576255794,1.0286844598096798,0.9713155421853248,-0.042200771753082594,-0.02344759134222861,3.999999999999998,3.3829330787427856,1.3610581604987142,-1.8779374951171857,-0.21658811653696664,0.09323547787289646,-0.07244185749885976,3.6,0.4,casci,vtz,4,0.01
-42.213921059303644,25,1.0475748291165574,0.9524251712828145,0.9524251714798639,1.0475748281207644,-1.8401957203852244,0.5013361748321008,4.0,5.393700446239752,0.9898910176416786,-3.696659760449231,-0.28497689431485684,0.4999047686646777,0.24251349456658042,3.6,0.4,casci,vtz,4,0.01
-41.94013710124336,26,1.0335364227047392,0.966463576302819,0.966463576771911,1.0335364242205305,-1.6386197535645954,-0.027267500325637156,3.9999999999999996,5.223860122739255,1.0283412869292956,-2.8365050413761983,0.28575154129052494,0.11228749000328514,-0.34103152480631244,3.6,0.4,casci,vtz,4,0.01
-40.56718997502683,27,1.0025488241878162,0.9974511764802674,0.9974511757479987,1.002548823583932,-2.0141561481054646,-0.3704653311263557,4.000000000000014,4.4273887345559615,1.16439238054119,-2.3162824593220375,0.14622913942044635,0.05129404602202839,-0.17799976061613926,3.6,0.4,casci,vtz,4,0.01
-40.01009707593115,28,1.0205817000165984,0.9794182987193094,0.9794183000366252,1.0205817012274674,-1.946486201292375,0.8968514709257269,4.0,5.1429638261158175,0.9828242929043662,-3.5714819130579074,-0.344404559749215,0.49999999999999944,0.2371182196782743,3.6,0.4,casci,vtz,4,0.01
-39.53834997198164,29,0.9901338208905643,1.009866179938331,1.0098661790703212,0.990133820100779,-1.3284098970767606,0.27968113625702884,3.9999999999999956,2.979810799288226,1.6033327928905465,-1.556553566839721,-1.193551679928278,0.03332408359780423,0.16917551107010653,3.6,0.4,casci,vtz,4,0.01
-38.455169684515255,30,0.9481244451716357,1.0518755565732025,1.0518755553714385,0.9481244428837234,-3.548947524431237,0.01133711833891049,4.0,4.926222539344785,0.9443051248523322,-3.2997894492664654,0.4787779904791971,0.41833908979703655,0.28988975384221105,3.6,0.4,casci,vtz,4,0.01
-37.20716719996646,31,0.983610945012197,1.0163890549827255,1.0163890569208192,0.9836109430842551,-3.815378036797793,-0.0040874827184261,3.999999999999997,3.0365141746989472,1.3767471216633476,-1.3804907079896862,-0.3854910710176516,-0.06888318967989371,0.1014435309274051,3.6,0.4,casci,vtz,4,0.01
-33.71029894022266,32,1.508218484409828,0.49178151575955753,0.4917815157511766,1.5082184840794355,-1.4361144769802117,0.5034534111532925,3.9999999999999973,5.683453369450057,1.846271985057438,-3.557580089165638,0.010354142889047433,0.3579267022203048,0.02677728657277443,3.6,0.4,casci,vtz,4,0.01
-32.619611890462906,33,0.540779119752721,1.4592208808805616,1.4592208802167241,0.5407791191500178,-2.2119482011321896,0.19215445480463997,4.000000000000024,5.292506258692118,1.7452488999922717,-3.110892876094772,0.6219655030331146,0.2323198733743566,0.07661680161984251,3.6,0.4,casci,vtz,4,0.01
-31.591503157542494,34,0.9938032753981961,1.0061966349648817,1.0061967271122074,0.9938033625247121,-0.9314519772184698,0.5118845727582941,3.9999999999999973,5.865185805609995,1.9231449098119535,-3.8095268150077137,-0.05541127645987404,0.4384669561013582,0.003891726257606828,3.6,0.4,casci,vtz,4,0.01
-31.44470624053621,35,0.9649054969973767,1.0350945920805477,1.0350945003274319,0.9649054105946381,-1.2410658207235223,0.5303878770247212,3.9999999999999947,5.729505906369695,1.9028452769478128,-3.6882284697521,0.680443987762151,0.4117377582836259,0.015396199427234957,3.6,0.4,casci,vtz,4,0.01
-59.72944213194995,0,0.9997173892677357,1.000282610689156,1.0002826108230445,0.9997173892200648,3.3997191862603486,-0.032238265459297685,4.000000000000001,4.474016611059949,0.4558243439734164,-0.30659097564437,0.4411168595949295,-0.9652086649428022,0.3070769229228645,3.6,0.6,casci,vtz,4,0.01
-58.1868195122486,1,1.0069070369826179,0.9930929630631762,0.993092962972742,1.006907036981465,3.0461160538957026,-0.012897698756856032,4.000000000000001,4.139909692901465,0.3368446277197739,-1.1428895038253697,0.2875920072129111,-0.4635326713126817,0.716166142102512,3.6,0.6,casci,vtz,4,0.01
-57.26034349878336,2,0.9870192380453786,1.012980761940563,1.0129807620882716,0.9870192379257845,1.6927690456487032,-0.6670603747129182,3.9999999999999982,5.524468862924622,0.2559267205672232,-3.76223443146231,0.20987718346943904,0.49999999999999956,-0.30805495957458284,3.6,0.6,casci,vtz,4,0.01
-56.08934525499336,3,1.0046775708227251,0.9953224293548404,0.9953224300097232,1.0046775698127082,1.8939792422183146,-0.6410860987119391,3.999999999999997,5.342891775548635,0.21251775410996157,-2.4089075596568197,0.17782176250950682,-0.13126916405874894,-0.7093425203587793,3.6,0.6,casci,vtz,4,0.01
-55.48887711445508,4,0.9880398521114659,1.011960147892728,1.0119601479882165,0.9880398520075895,1.1839543072569318,-0.6675777450201962,4.0,5.728995810101955,0.1333965461733993,-3.7880364332281324,0.09321221066558455,0.46176926408857755,-0.3617218544585281,3.6,0.6,casci,vtz,4,0.01
-54.49972984259036,5,0.9999999999999996,1.0000000000000009,1.0000000000000004,1.0000000000000013,2.498001805406602e-16,1.5265566588595902e-16,4.000000000000002,5.33333333333333,-4.444149199891769e-17,-5.33333333333333,9.194034414498252e-17,1.3333333333333326,0.6666666666666694,3.6,0.6,casci,vtz,4,0.01
-54.040477345525105,6,0.9926659457009691,1.007334054243866,1.0073340534107278,0.9926659466444365,3.9151438439520483,0.0014114723703279259,3.9999999999999996,3.679619091197661,1.1886585019805,-1.460327846315531,-0.5956415902708925,-0.1897408496416501,0.08123472612702459,3.6,0.6,casci,vtz,4,0.01
-51.20734019587264,7,1.0567928836674816,0.9432071157598916,0.9432071169598251,1.05679288361281,1.9319578490277238,-1.6075136772091492,4.000000000000008,4.553087649617886,1.0461772594737067,-1.8687104985226537,0.21893064299231416,-0.20391666314314488,-0.011450392251577374,3.6,0.6,casci,vtz,4,0.01
-50.55309378132943,8,1.0294367959237032,0.9705632034638567,0.9705632033053664,1.0294367973070768,1.8343023847423732,0.5421544543426242,4.0000000000000036,4.830389936387544,0.9702740270399568,-3.415194968193773,-0.5817129743128883,0.5000000000000007,0.22770552027996693,3.6,0.6,casci,vtz,4,0.01
-49.496331354200066,9,0.8880301493663995,1.1119698508818656,1.1119698498014134,0.8880301499503203,0.9441589625692172,-0.3167292227686167,3.9999999999999987,4.682568822866926,0.9180770132910308,-3.1207122264598186,0.04583287877759347,0.3897139075131776,0.2988438524550948,3.6,0.6,casci,vtz,4,0.01
-48.991854582684844,10,1.1088028522530067,0.8911971477619938,0.8911971482019584,1.10880285178304,1.0849545590385783,0.014007450176542521,3.9999999999999987,4.694923209589281,0.900542589507576,-3.201251617236264,-0.21384314138192478,0.4268950062208117,0.24851193590987047,3.6,0.6,casci,vtz,4,0.01
-48.9240845982238,11,0.8264853556457619,1.1735146451941603,1.173514646075863,0.8264853530842182,1.2969614520392194,-0.21686676690337717,4.0000000000000036,3.4790513468370037,1.0889324198041734,-1.4260223247854102,0.6178145247962163,-0.1567516743165459,-0.02654901083032532,3.6,0.6,casci,vtz,4,0.01
-48.48044165671959,12,1.00794404981592,0.9920559550410706,0.9920559308110501,1.007944064331961,1.7030499834202648,-0.9896080933028217,4.000000000000002,4.495806235518986,1.009817356563849,-1.7639082670241775,0.5988131357347448,-0.24199742536765786,-0.0006395572094558544,3.6,0.6,casci,vtz,4,0.01
-48.350543697192066,13,1.0917411536784831,0.9082588404518428,0.9082588620598675,1.0917411438098092,1.5131991059294885,1.322198843975988,4.000000000000003,4.489415203387653,1.0839807543194682,-1.853790449734479,-0.18578170504366043,-0.19545857597967362,0.008444141719274406,3.6,0.6,casci,vtz,4,0.01
-47.363379219344544,14,1.0598205075830456,0.9401794917698707,0.9401794908789076,1.0598205097681794,0.17456177142403242,0.20822127397654305,4.0000000000000036,4.014747224960471,1.1052891112920489,-1.5412854128398954,-0.6647420126257773,-0.2330440998201704,0.062010933289206704,3.6,0.6,casci,vtz,4,0.01
-47.31961752154552,15,1.0701530397157868,0.929846959682936,0.9298469607617893,1.0701530398394918,0.03495698913440666,-0.05936028271718617,4.0000000000000036,4.099225744426025,0.9920640098294251,-3.0496128722130136,-0.9306253168861376,0.5000000000000006,0.2440480073720683,3.6,0.6,casci,vtz,4,0.01
-46.351877095408575,16,0.9529280257435001,1.0470719742915857,1.0470719751643305,0.9529280248005862,0.4744199872224151,0.23066819630178143,4.000000000000003,4.218077747171298,1.0393330951805684,-1.4069183251050374,-0.8424400520122204,-0.35106027424030584,0.13056009562573131,3.6,0.6,casci,vtz,4,0.01
-46.111950054326485,17,0.9657191991304166,1.0342808005225397,1.0342808011926403,0.9657191991544087,-0.017046161035627158,0.015458050281282165,4.000000000000005,4.3718381901415535,0.9965997240466471,-3.185919095070779,-0.8074642593291235,0.5000000000000011,0.2474497930349845,3.6,0.6,casci,vtz,4,0.01
-45.27267197288594,18,1.0898514992658364,0.910148500613666,0.9101485011879404,1.0898514989325598,-0.3243653443147299,0.10776184627257342,4.000000000000003,4.159386655682143,0.8630464612886327,-2.7245853748456215,0.7802743756395298,0.32244602350227536,0.3248388224641999,3.6,0.6,casci,vtz,4,0.01
-44.473746402383895,19,1.060036850279236,0.9399631480365072,0.9399631483764392,1.06003685330783,-1.0230268554704662,-0.47849051211481053,4.000000000000012,4.8344700399574245,0.8663821881030138,-3.4172350199787167,0.2890533849808652,0.5000000000000022,0.14978664107725903,3.6,0.6,casci,vtz,4,0.01
-44.4208826253792,20,1.0170809273481347,0.9829190736168993,0.9829190738715436,1.017080925163421,-0.5075519654638951,-0.13009543775654522,3.999999999999999,5.533235927426793,0.977517211532313,-3.0618750242751624,0.07202584785478701,0.1476285302808833,-0.4144906216316484,3.6,0.6,casci,vtz,4,0.01
-44.04545221918254,21,0.9254546917590643,1.0745453096944837,1.0745453079445584,0.9254546906018998,-0.6644475219891064,0.5547856904351961,4.000000000000006,4.199739887528302,0.9121555855445964,-2.9887749360463602,0.780123064798905,0.44445249614110466,0.23966419301734232,3.6,0.6,casci,vtz,4,0.01
-42.871036423125304,22,0.8665418568675594,1.1334581431663473,1.1334581435751325,0.8665418563909573,-0.5671260927378201,-0.25671395493307303,3.9999999999999964,5.224914768525526,0.9367680398928271,-3.612457384262762,0.18127878989125257,0.49999999999999933,0.2025760299196202,3.6,0.6,casci,vtz,4,0.01
-42.28492228248266,23,0.9931808720277148,1.0068191296680329,1.006819127374447,0.9931808709298058,-1.0838664180737987,0.13016587887981365,4.0,4.676464423883398,0.9678844738299406,-1.67019181634745,0.4275383530662792,-0.33402019779712433,0.05993355316957934,3.6,0.6,casci,vtz,4,0.01
-42.04817614805306,24,1.0457024321996067,0.9542975689489217,0.954297567841495,1.0457024310099805,-1.7513525941475048,0.3064861176263548,4.0000000000000036,5.475635034420098,0.9922842913822513,-3.73759170517818,-0.25538419063243434,0.4998870939840653,0.24432612455262287,3.6,0.6,casci,vtz,4,0.01
-41.657093916632256,25,0.9141454743344848,1.085854523468877,1.0858545254094238,0.9141454767872161,-1.3513499642791897,-0.04297123478002543,4.000000000000002,4.830332425230543,1.1049282671868694,-2.6361583810438027,0.2029021300811336,0.11049608421426574,-0.2817998838241142,3.6,0.6,casci,vtz,4,0.01
-41.3139439373196,26,1.1017624862512245,0.8982375126431027,0.898237513174929,1.101762487930747,-0.22392965479239701,0.09345616715643063,4.0000000000000036,3.7548467199513613,1.2636840967567555,-1.9367086689849446,-0.2546451842978357,0.029642654504631966,-0.08187958193706685,3.6,0.6,casci,vtz,4,0.01
-39.98517885537815,27,1.0291436669308482,0.9708563331552649,0.9708563323162914,1.029143667597596,-1.7547316287792833,-0.01172572313700515,4.0,3.4222838594248186,1.4501356685807667,-1.8221026836186254,-0.613825332033896,0.05548037695310806,0.032121374482466686,3.6,0.6,casci,vtz,4,0.01
-38.87890992604204,28,0.9677147982802703,1.032285203423325,1.032285202641749,0.9677147956546563,-1.343498007914345,-0.07477456814165376,4.000000000000001,4.358774789083899,1.350287228511488,-2.3376175855555914,-0.529607400832762,0.07911509550682078,-0.06639967412320547,3.6,0.6,casci,vtz,4,0.01
-38.848295567133704,29,1.0210930171207306,0.9789069807598718,0.9789069831277499,1.021093018991652,-1.954829310281565,0.9040126198540862,4.000000000000004,5.1146924576373465,0.9819852905209158,-3.557346228818675,-0.36040680781341095,0.5000000000000007,0.23648896789068619,3.6,0.6,casci,vtz,4,0.01
-37.52782853194832,30,0.9472114889791873,1.052788513570555,1.0527885116342945,0.9472114858159659,-3.5190184223090917,0.014163562035007765,4.000000000000003,4.9188408869098605,0.9436528850927453,-3.2961582031802723,0.48219279491983524,0.41836887986267124,0.28937078395688764,3.6,0.6,casci,vtz,4,0.01
-36.434745948154095,31,0.9793083457828875,1.0206916540748754,1.0206916560433457,0.9793083440988943,-3.789248137994647,-0.006758074916063117,4.0000000000000036,3.1444805064866577,1.365146249506396,-1.4443290812249074,-0.38994803909356146,-0.06395558600921089,0.08781527313900697,3.6,0.6,casci,vtz,4,0.01
-33.591430289095676,32,1.4454008903760123,0.5545991098693605,0.5545991098799884,1.4454008898746402,-1.5916500241613571,0.540601692158547,4.000000000000002,5.591087818478604,1.8060405908594523,-3.4348391574462016,0.0008332402775155479,0.3196476241034501,0.03488281904113928,3.6,0.6,casci,vtz,4,0.01
-31.806764241619778,33,0.606662649977439,1.3933373505865887,1.3933373500800958,0.6066626493558801,-2.5922430187022103,0.17356851637294995,4.0000000000000036,5.00821535560304,1.6579915280756499,-2.77758437647082,0.712722080068209,0.13673834933464968,0.10675529672208658,3.6,0.6,casci,vtz,4,0.01
-30.59949291567148,34,0.9914250813564542,1.0085747655867943,1.0085749239872532,0.9914252290694991,-0.9026478289525319,0.505580293193829,4.000000000000001,5.862090049483051,1.9231433215330191,-3.8103640174617213,-0.054298387515590865,0.4396594963600978,0.0026979947896670665,3.6,0.6,casci,vtz,4,0.01
-30.484594809664056,35,0.9614019254088945,1.0385982271106098,1.0385980690276018,0.9614017784528923,-1.162275772380204,0.5477656059316678,3.9999999999999982,5.738141906315038,1.9027107669296681,-3.698434214609109,0.6604111267505699,0.4146816307257952,0.012351444471455449,3.6,0.6,casci,vtz,4,0.01
-56.874249433635704,0,1.0000000695013087,0.9999998839849854,0.9999999306776186,1.0000001158362526,2.743859127252895,1.1492598539497578e-11,4.000000000000165,4.550622483661144,0.18509782437635602,0.8995998177627641,0.17958204951362047,-1.587455529796668,0.7262788980793513,4.0,0.0,casci,vtz,4,0.01
-56.62050194971646,1,1.0000002880914391,0.9999997119103552,0.9999997120255544,1.000000287972647,2.437112272007287,-2.9754046448893234e-11,3.9999999999999956,4.044387028879839,0.19106728148773455,-0.595395359048934,0.16887376709578455,-0.7133990776954928,0.8566995388112943,4.0,0.0,casci,vtz,4,0.01
-56.059598776409565,2,1.0000000702676064,0.9999999303346486,0.9999999299128308,1.0000000694849176,1.5299770908067418,-0.4773911692184807,4.0000000000000036,5.701105109800594,0.1513168891404416,-3.601826546716408,0.14092086152753788,0.37563699590805566,-1.262149329052649,4.0,0.0,casci,vtz,4,0.01
-55.87548855622998,3,0.9996315925275723,1.0003684632736825,0.9996318980235882,1.0003680462989548,1.1510446156777623,-0.3734214357094366,4.000000000123798,5.816660575561963,0.09855802026141719,-3.9083302876611654,0.08692456549268575,0.49999999994009203,-0.426081484744044,4.0,0.0,casci,vtz,4,0.01
-55.875478609257755,4,1.0003682722285339,0.9996317249860633,1.0003682417096633,0.9996317609538277,1.1510376123428774,-0.37342464053034863,3.999999999878088,5.816663093735234,0.09855693082542882,-3.9083315468371125,0.0869233832461386,0.49999999998474765,-0.42608230186567875,4.0,0.0,casci,vtz,4,0.01
-55.12108055549336,5,1.0000000000000118,1.0000000000000107,1.0000000000000118,1.0000000000000115,5.387634782749728e-13,2.0804191702694652e-13,4.000000000000046,5.333333333332345,1.4093729075178295e-13,-5.33333333333182,7.785753110286461e-14,1.3333333333328237,0.6666666666666567,4.0,0.0,casci,vtz,4,0.01
-51.351452912204806,6,1.000000493580972,0.9999995064475511,0.9999995031182296,1.0000004968532452,3.8124105408701716,-1.8434576781745093e-12,3.999999999999998,3.915100526377521,1.1347757227073223,-1.5465294031022576,-0.6381225686893164,-0.20551043004325145,0.05659222207374426,4.0,0.0,casci,vtz,4,0.01
-48.68755706260493,7,1.0183440638330743,0.981655830333364,1.0183566770692594,0.981643435251092,1.6685059640193174,-0.21439341637153236,4.00000000648679,4.613115536822854,0.9809786189313086,-3.3065577692239927,-0.6448121572547094,0.5000000004062826,0.23573396323869497,4.0,0.0,casci,vtz,4,0.01
-48.687541885762116,8,0.9816484130118235,1.0183519030989574,0.9816496827634718,1.0183499946467738,1.6684888887473828,-0.21442135399061424,3.999999993521026,4.613111512945389,0.9809778690862674,-3.30655575440864,-0.644807916304504,0.4999999989679726,0.23573340253240727,4.0,0.0,casci,vtz,4,0.01
-48.60933932378053,9,1.016449678455869,0.9835242355068092,1.0164795211966424,0.9835465685058242,1.7571224071270148,-1.2722029743551373,4.000000003665145,4.576174434929401,1.009178446232308,-1.8642616517339197,0.46977815572458337,-0.21191278286539,-0.031203383056638445,4.0,0.0,casci,vtz,4,0.01
-48.60929241418802,10,0.9835579556618851,1.0164434281763652,0.9835125582021562,1.0164860543085477,1.7571221913005841,-1.2721853876010203,3.999999996348954,4.576171539344792,1.009178109183668,-1.8642573238331712,0.4697880113971104,-0.21191422291961265,-0.03120219406504654,4.0,0.0,casci,vtz,4,0.01
-48.53973588777484,11,0.9999892111590355,1.0000355954339226,1.0000107959755293,0.9999643974146387,1.6044656299570974,-0.2075710109589815,3.9999999999831264,3.290557834643872,1.1557345521038436,-1.1861709953009658,1.0313935557384102,-0.22955396101048517,0.09635487543550528,4.0,0.0,casci,vtz,4,0.01
-48.03661254437879,12,1.000003975678022,0.9999960240874662,0.9999960190263003,1.0000039812082102,1.0026819847288375,8.560832598369927e-12,3.9999999999999987,4.930786969224393,0.8445089584365251,-2.9989203599259264,0.37911547378062227,0.26676343765686483,0.3666182811705291,4.0,0.0,casci,vtz,4,0.01
-47.08038748888581,13,0.9999932798320956,1.0000004322672729,1.0000066921548678,0.9999995957472322,-9.318559812676597e-12,2.854932956708467e-11,4.000000000001468,4.000000000373889,0.9999999999976397,-3.0000000001735048,-0.9999999997146407,0.4999999999932801,0.24999999999680844,4.0,0.0,casci,vtz,4,0.01
-46.91418627967437,14,0.9996172180014236,1.0003827800675626,0.9996224032720529,1.0003775986599095,0.9469719183415309,1.0546311696870152,4.000000000000949,4.245988460243659,1.0344065979667052,-1.3689826903761046,-0.7715795493520514,-0.3770057698728623,0.15281071834787652,4.0,0.0,casci,vtz,4,0.01
-46.91416731605221,15,1.0003799441293122,0.9996199882916813,1.0003808003908334,0.9996192671871325,0.9469865076527293,1.0546650722200033,3.9999999999989595,4.2459862756643965,1.034407326679751,-1.3689794134999824,-0.7715716502211678,-0.37700686216610824,0.15281235717683533,4.0,0.0,casci,vtz,4,0.01
-46.71687446274836,16,1.0000014941656932,0.9999985058255071,0.9999985338503605,1.0000014661584422,1.7648228711752978e-10,-8.241254900731576e-12,4.000000000000003,4.000000000278007,0.999999999916525,-2.9999999998886064,0.9999999997687647,0.49999999987480137,0.2500000000625955,4.0,0.0,casci,vtz,4,0.01
-46.245261400119595,17,0.9999926576940608,1.0000103948279173,1.0000073470751691,0.9999896004031674,-1.8758897213366765e-10,1.4346160370770633e-10,4.000000000000314,4.058907979838876,0.9999999999854984,-3.0294539899191197,-0.9705460097316463,0.4999999999998408,0.24999999998904715,4.0,0.0,casci,vtz,4,0.01
-45.8268823385078,18,1.0000009308388291,0.9999990691434469,0.9999990584065934,1.0000009416111335,2.3042151520158427e-11,1.968708529531682e-11,4.000000000000003,3.999999999903612,1.0000000000657843,-1.000000000182295,-0.9999999998485667,-0.4999999998847554,0.2499999999340926,4.0,0.0,casci,vtz,4,0.01
-45.484231155345626,19,0.9840647967991023,1.0159365258605382,0.9840383744072944,1.0159603050834574,-0.9391786970622054,0.029235758133850903,4.000000002150392,4.24958279361266,0.9272044335904867,-3.1247913973437718,0.8643140741992735,0.5000000002687207,0.1954033249240583,4.0,0.0,casci,vtz,4,0.01
-45.48422925293832,20,1.0159502825989735,0.984050645185357,1.0159481534897856,0.9840509165700819,-0.9392001838088145,0.029177913740405043,3.999999997844198,4.249588262900279,0.9272029941068783,-3.124794130900171,0.864315470029964,0.49999999972501613,0.1954022458490819,4.0,0.0,casci,vtz,4,0.01
-44.38588898620543,21,0.9999961934263506,1.000003831754438,1.0000038080435858,0.9999961667756166,-0.012468747671443375,0.07209375064405604,3.9999999999999907,5.9762595597257615,1.0010075339189581,-3.9831496037500456,-0.03394997679718872,0.49750991194358263,-0.7467542615042762,4.0,0.0,casci,vtz,4,0.01
-44.38249045398204,22,0.9999937847153054,1.0000070535899825,1.0000062141116333,0.9999929475830199,-1.2321836606599135e-10,-5.5770429940871225e-11,3.9999999999999414,5.941092019795292,0.9999999999996196,-3.9705460098975687,-0.029453990091207832,0.4999999999999614,0.2499999999997154,4.0,0.0,casci,vtz,4,0.01
-44.133646125686454,23,1.0000021613847647,0.9999979265652248,0.9999978492646246,1.0000020627852664,-1.68116927471018,1.3812919419375902e-09,3.9999999999998805,4.2439336012295685,0.8836632017364106,-0.7701414420733277,0.7588814058473679,-0.6759126792707282,0.3386600805742711,4.0,0.0,casci,vtz,4,0.01
-43.255770499909296,24,0.9999914235564159,1.000008576556625,1.0000085714638853,0.9999914284230712,-0.17010195124871302,-2.891564765405974e-11,3.9999999999999973,3.7179147164759003,1.369320543502171,-2.4234747922176356,-0.033081011113129194,0.28225871698984273,-0.25526830936321343,4.0,0.0,casci,vtz,4,0.01
-42.293893786205686,25,1.0017589390344426,0.9982411868435269,1.001745633724148,0.9982542409056182,-1.8803482504510467,0.5586090192170091,4.000000000507735,5.320642686236178,0.9932607394590519,-3.660321342693841,-0.30642949399386465,0.499999999787876,0.2449455540569089,4.0,0.0,casci,vtz,4,0.01
-42.293852777679376,26,0.9982369606166214,1.0017627257513906,0.9982580033189424,1.001742309806382,-1.8803499492834614,0.5586381542828585,3.999999999493336,5.320635537502066,0.9932603938439328,-3.6603177684812156,-0.3064279239477373,0.4999999998650913,0.24494529534755527,4.0,0.0,casci,vtz,4,0.01
-42.27642687770502,27,1.0009746730334808,0.9990255157560947,1.0009648156364364,0.9990349957594407,-1.8488577317111932,-0.1322241450611696,4.0000000001854525,5.274372192426722,1.0114746540283142,-2.9115582885782754,0.34778089435040216,0.13718609618245703,-0.37858010553787325,4.0,0.0,casci,vtz,4,0.01
-42.27640398458544,28,0.9990365254374374,1.0009633638918647,0.999023984940838,1.0009761255429621,-1.8488668874679492,-0.13223599266101232,3.9999999998131024,5.274372824294651,1.0114740670404423,-2.9115592379139503,0.3477835759961709,0.13718641288331224,-0.3785808618068063,4.0,0.0,casci,vtz,4,0.01
-40.568419667154984,29,1.0000111561217766,0.9999888437848107,0.9999888454661819,1.0000111546272337,-3.439794256634758,7.303199711650166e-11,4.0000000000000036,5.02482600178197,0.9644237601696783,-3.405684281401975,0.4520107591642968,0.44663564025549507,0.276682179871762,4.0,0.0,casci,vtz,4,0.01
-40.04623089296778,30,1.0000004163342127,0.9999991810290422,0.999999555660738,1.0000008469756727,-1.9224393554796744,0.10638695005982704,3.9999999999996656,1.2820536485169374,1.7674984692781144,-0.5026727526790087,-0.9681102793531756,-0.06917703578973003,0.3948008877494109,4.0,0.0,casci,vtz,4,0.01
-38.93299448409267,31,1.0000035080518872,0.9999964919204571,0.9999965242152107,1.0000034758124454,-3.6423085899952703,-4.356598415355961e-12,4.0,2.366984757983496,1.4959037335786947,-1.0299958048686926,-0.3287964202398613,-0.07674828706152778,0.1986760872455496,4.0,0.0,casci,vtz,4,0.01
-33.1737930641199,32,0.989887642940318,1.010637376145623,1.0108481375940164,0.988626844876237,-0.855248808655884,0.3497572977952138,4.000000001556194,5.903465918497302,1.944939823760539,-3.8551981539785682,-0.04598289809150503,0.4517325973649585,0.006972270066402289,4.0,0.0,casci,vtz,4,0.01
-33.17376777524431,33,0.9993928316956142,1.0001400662778308,0.9998713204339224,1.0005957800348626,-0.8552420238740042,0.3497739366914896,3.99999999844223,5.903466464861555,1.944940159268921,-3.8551996989012025,-0.04599006162215363,0.4517332332352124,0.006971886606147432,4.0,0.0,casci,vtz,4,0.01
-33.17040130570352,34,1.0105641862724362,0.9893633642801947,0.9894358196843092,1.0106366297628302,-1.0626774021922212,2.103998193891954e-05,3.99999999999977,5.8721124812048355,1.931239793486582,-3.7961286259042932,0.06153007206855303,0.4300361926509376,0.01839365246405683,4.0,0.0,casci,vtz,4,0.01
-32.93060787240951,35,1.0001548425825475,0.9998598429411152,0.9998451574862246,1.0001401569893877,-1.1995346404690634,0.5064814624621492,3.9999999999992752,5.750023837393594,1.9244425518449932,-3.726180061014109,0.8297458314237254,0.425584071158656,0.01774784272528579,4.0,0.0,casci,vtz,4,0.01
-56.92825779625275,0,0.9999003782092497,1.0000996217912008,1.0000996217859461,0.9999003782136004,2.783587977906213,-0.017776431771493732,3.9999999999999973,4.612550760564865,0.21597417434009264,0.4736829119525564,0.2099674367750326,-1.3899791461174944,0.5519597768725654,4.0,0.2,casci,vtz,4,0.01
-56.55721975918105,1,1.0025465074876545,0.9974534925139855,0.9974534925098039,1.002546507488553,2.4564193083409167,-0.005458217061574289,3.999999999999997,4.076366682066607,0.1993867071215225,-0.6831994855304611,0.17679548869898795,-0.6774919277514212,0.8270319580925622,4.0,0.2,casci,vtz,4,0.01
-55.933170076559996,2,0.9976046263291205,1.002395373671218,1.0023953736677949,0.9976046263318663,1.2737910062616828,-0.37272000128106986,3.9999999999999996,5.769274120117984,0.12186063378046798,-3.884637060058991,0.10928513602879131,0.4999999999999992,-0.40860452466464847,4.0,0.2,casci,vtz,4,0.01
-55.84766285630038,3,0.9994269798092078,1.0005730201925835,1.0005730201886682,0.9994269798095392,1.537332577099014,-0.46951554294257947,3.9999999999999987,5.61777212016386,0.13960692763365154,-3.1899391399243355,0.1284213780980778,0.19052653992120305,-1.0858213441959634,4.0,0.2,casci,vtz,4,0.01
-55.56494932423917,4,0.9960624512776974,1.0039375487238922,1.0039375487217645,0.9960624512766445,1.0580669578133466,-0.38569490494690556,3.9999999999999982,5.815637421334866,0.08369401144366845,-3.8577245965116664,0.07139087055054918,0.4749529429221166,-0.4121824343393652,4.0,0.2,casci,vtz,4,0.01
-54.966556856198736,5,1.0000000000000009,1.0000000000000004,0.9999999999999993,1.0000000000000002,2.067790383364354e-15,-1.5265566588595902e-16,4.000000000000001,5.3333333333333055,3.367658976405399e-17,-5.333333333333306,-1.1275702593819195e-16,1.3333333333333268,0.6666666666666718,4.0,0.2,casci,vtz,4,0.01
-51.36390889877038,6,0.9897219407262714,1.010278059316581,1.0102780592055778,0.9897219407515656,3.8184927716483843,0.00048241018960655784,3.9999999999999956,3.898876886097054,1.1380994856098199,-1.538487975441094,-0.6362818795365524,-0.20547523380371654,0.05904984801108207,4.0,0.2,casci,vtz,4,0.01
-49.00688159066343,7,1.0937412143544099,0.906258785648774,0.906258785613246,1.093741214383562,1.7914668577498465,-1.3181548925713282,3.999999999999992,4.443762640008616,1.0363376585933726,-1.8196137849761844,0.4353548338291819,-0.2011337675140618,-0.02161298854090571,4.0,0.2,casci,vtz,4,0.01
-48.81130037437078,8,0.9936800267903537,1.0063199735022068,1.0063199730284031,0.9936800266790282,1.7687605016264438,0.011090457555276323,3.999999999999992,4.68271992302359,0.9838991529772294,-3.3413599615117913,-0.6433113736143645,0.4999999999999984,0.23792436473292322,4.0,0.2,casci,vtz,4,0.01
-48.55589660037118,9,0.9075797984041695,1.0924202015459876,1.0924202017244427,0.9075797983253988,1.5112881446819064,-0.4230744880652285,3.9999999999999987,4.551878952331915,0.9761058530911472,-3.2651696781585784,-0.6058502905843628,0.4946151009963105,0.2374642888220499,4.0,0.2,casci,vtz,4,0.01
-48.381639472422044,10,0.8921044213537017,1.1078955786087794,1.107895578590044,0.8921044214474774,1.5579934528371242,-0.34421276999570416,4.000000000000003,3.4522413119593574,1.1280926727296987,-1.269333993444007,0.9277016475650728,-0.22839333126783568,0.07446283581510943,4.0,0.2,casci,vtz,4,0.01
-48.18722475946716,11,1.0021743598862833,0.9978256402320486,0.9978256400917168,1.0021743597899453,1.7454105662215031,-1.0275246665253803,3.9999999999999942,4.5384071009247124,1.0056132510147178,-1.8101073224518416,0.5813377019309935,-0.22954811400525738,-0.016241947733702494,4.0,0.2,casci,vtz,4,0.01
-48.072546928664714,12,1.0840245327982512,0.9159754669956723,0.915975467126882,1.0840245330791927,1.004763311595466,0.010112576544541882,3.9999999999999982,4.88226076048166,0.8684789371031199,-3.051200212942393,0.3911619958062381,0.3050349163507817,0.3463242864765581,4.0,0.2,casci,vtz,4,0.01
-47.06789407835354,13,1.052832655466949,0.9471673445925798,0.9471673442536501,1.0528326556868235,0.013331791172387322,-0.029196283152343516,4.000000000000002,4.033474211980451,0.9987672023205112,-3.0167371059902255,-0.9728411014926452,0.5,0.2490754017403831,4.0,0.2,casci,vtz,4,0.01
-47.06716008765107,14,1.0065103307081622,0.9934896692485524,0.9934896692305646,1.0065103308127226,1.1220143900211266,1.3381801009122432,4.000000000000002,4.297033484998767,1.0447153155757265,-1.4457991669132246,-0.6524582826108924,-0.3513587877930794,0.13489527447487387,4.0,0.2,casci,vtz,4,0.01
-46.71756907301544,15,1.0036726798098292,0.9963273202120028,0.9963273203942822,1.0036726795838828,0.7263690355255591,0.6655888756193116,3.999999999999997,4.224161618311221,1.0279026750884208,-1.3554856050696715,-0.8426689911145829,-0.3782976020429696,0.14922460835928644,4.0,0.2,casci,vtz,4,0.01
-46.49769061162934,16,1.028135690199909,0.9718643098022477,0.9718643100601755,1.0281356899376677,-0.026046835519092496,0.005855380605657323,4.0,4.047180210139858,0.9712056407424785,-2.9411839146858796,0.9468040986165853,0.45879690480797525,0.26960732574888363,4.0,0.2,casci,vtz,4,0.01
-46.14888569779326,17,0.9908237346362881,1.0091762654483158,1.0091762654297178,0.9908237344856758,-0.0040323337074895105,0.001583238419161026,3.9999999999999973,4.099455292150871,0.9999330330894478,-3.049727646075435,-0.9502278886765887,0.49999999999999956,0.2499497748170867,4.0,0.2,casci,vtz,4,0.01
-45.9015454599784,18,1.0147012998059373,0.9852987001867186,0.9852987000669529,1.0147012999403868,0.018146779906394947,0.020017053417021605,3.9999999999999956,3.9951664954602375,1.0242715638336706,-1.1047415748436018,-0.9336845545986177,-0.44642083644325853,0.21462450931851307,4.0,0.2,casci,vtz,4,0.01
-45.46114203343395,19,1.003258591507095,0.9967414085392023,0.9967414084617197,1.0032585914919778,-1.0931324331286731,-0.26175834235456036,3.999999999999995,4.366109835558614,0.9070605635657056,-3.1830549177793057,0.796079369456799,0.4999999999999992,0.1802954226742804,4.0,0.2,casci,vtz,4,0.01
-45.249730588508854,20,0.9860927069785789,1.0139072928325912,1.0139072930849133,0.9860927071039132,-0.7586735478736798,0.42329523490684196,3.9999999999999964,4.192736190976689,0.9418875583003716,-3.0913506127762296,0.8484196702017982,0.49749125864394245,0.20892441008133605,4.0,0.2,casci,vtz,4,0.01
-44.545675147907644,21,1.008020570662227,0.9919794293306491,0.9919794294205124,1.0080205705866074,-0.6404301913172308,-0.030743508418578147,3.9999999999999956,5.381060715169753,0.9570733510413258,-2.852250352663595,0.24052183221962298,0.0808599975393593,-0.36305498425836275,4.0,0.2,casci,vtz,4,0.01
-44.15871141890879,22,0.9507933830516054,1.0492066170381236,1.0492066169150722,0.9507933829952004,-0.04891418015548524,-0.013959285744685634,4.000000000000002,5.803624478046842,0.9965554054525019,-3.9018122390234202,-0.01429535082131074,0.4999999999999997,0.24741655408937643,4.0,0.2,casci,vtz,4,0.01
-43.74607104302294,23,1.0007286165429037,0.9992713834573203,0.9992713834850017,1.0007286165147744,-1.0406355099212257,0.09056357470513424,4.0,4.824622522933778,0.9346341109720873,-1.8953770993199388,0.47340829153266284,-0.2584670810734751,-0.04055733569745916,4.0,0.2,casci,vtz,4,0.01
-42.97745244885747,24,1.0278125685841868,0.9721874315617292,0.9721874313700731,1.0278125684840087,-0.15351284492628905,0.002436859892310267,3.9999999999999973,3.723860623046067,1.3458998082917848,-2.3151851624613142,-0.0998899533696847,0.22662742546914025,-0.2172025692503009,4.0,0.2,casci,vtz,4,0.01
-42.611570227705464,25,1.0349143717806197,0.9650856280989106,0.9650856282739506,1.0349143718465168,-1.8203616525363553,0.3715900867429821,3.9999999999999982,5.414798684626587,0.9950478676180499,-3.707264981285377,-0.2817972435802158,0.4999328194860416,0.24635308122749544,4.0,0.2,casci,vtz,4,0.01
-42.44268953114435,26,0.9740872432482084,1.025912756663761,1.0259127567192967,0.9740872433687323,-1.7433881355632785,-0.005872831079169444,3.9999999999999982,5.282348915946127,1.0159510251242034,-2.937097257869657,0.3005469843871143,0.147961399948297,-0.38599813110514275,4.0,0.2,casci,vtz,4,0.01
-41.79721781048393,27,0.9964782917665793,1.0035217081098087,1.00352170830857,0.9964782918150392,-1.9247867741051021,-0.23567070147658836,3.9999999999999973,5.173852142497278,1.0197144084637828,-2.8132387959732528,0.377404001330019,0.11315636236230672,-0.3483705560144681,4.0,0.2,casci,vtz,4,0.01
-41.69202608416645,28,1.0110069823542793,0.9889930178000631,0.9889930176519347,1.0110069821937189,-1.9098043520688512,0.6649602165582218,3.999999999999996,5.245342139121606,0.9919240088141272,-3.622671069560802,-0.3246887908806787,0.49999999999999933,0.2439430066105967,4.0,0.2,casci,vtz,4,0.01
-40.36833201427968,29,0.9606439409374203,1.0393560588950073,1.0393560590897604,0.9606439410778067,-3.4254556865024917,0.0033743312736846387,3.9999999999999947,5.019141098041768,0.9641934245796345,-3.402906518109383,0.453075410290417,0.4466679845442496,0.27647708389047665,4.0,0.2,casci,vtz,4,0.01
-39.962225010190586,30,0.9993163819488976,1.0006836180771974,1.0006836176863299,0.9993163822875716,-1.8288031624612169,0.1217308414815636,3.9999999999999964,1.4368624617245067,1.7574116356870078,-0.5985498245299294,-1.0351007174091178,-0.059940703166162,0.37799942993141933,4.0,0.2,casci,vtz,4,0.01
-38.80406405571194,31,0.9891758009476921,1.0108241990003666,1.0108241994728098,0.989175800579126,-3.6467276268767987,-0.0008452585618451414,3.9999999999999947,2.4168681364004474,1.4880474155014658,-1.0566675103535175,-0.3324305357978792,-0.07588327892335311,0.19191884054945385,4.0,0.2,casci,vtz,4,0.01
-33.717701195739885,32,1.5930379629840026,0.4069620370159768,0.40696203701764117,1.5930379629823652,-1.026656867752036,0.30943024405969466,3.999999999999986,5.851789517624861,1.9264053759243585,-3.7877763950166066,0.01219092736132113,0.4309408181020875,0.013863213841185077,4.0,0.2,casci,vtz,4,0.01
-33.42613885488123,33,0.41965736131094766,1.5803426387111574,1.5803426386950954,0.4196573612828064,-1.3695758697142448,0.21324917151221107,4.000000000000007,5.720842379039684,1.8962151640040856,-3.6474979860928682,0.4430070054839307,0.39353839828651327,0.02862297471655045,4.0,0.2,casci,vtz,4,0.01
-32.54873978875798,34,0.998654113133142,1.0013458987421635,1.0013458867639011,0.9986541013607906,-0.7647905459354618,0.3457175570481469,3.9999999999999973,5.920310223814077,1.9542147755359032,-3.882227591509277,-0.036928771900787555,0.46103623980111913,0.004624841850810197,4.0,0.2,casci,vtz,4,0.01
-32.46673819312532,35,0.99107748420818,1.0089225038926526,1.0089225158937152,0.9910774960054497,-0.9615068803422425,0.3429199145054279,3.999999999999998,5.854276609981286,1.9438192050347927,-3.8209730397652657,0.4395816458250859,0.44691736738731114,0.010947036388784175,4.0,0.2,casci,vtz,4,0.01
-57.204510826727486,0,0.9995125561616093,1.0004874438386429,1.000487443831091,0.999512556168656,2.904791282341244,-0.031961543508451914,3.999999999999999,4.6370454406640125,0.2699503473574848,0.07201487284484598,0.2627565398486215,-1.195268796588426,0.39773155710653985,4.0,0.4,casci,vtz,4,0.01
-56.563325527465516,1,1.0030988956614797,0.9969011043389158,0.9969011043354383,1.003098895664166,2.507967348064533,-0.008478314853154222,4.0,4.094956905485523,0.21564509457847636,-0.7663878599407001,0.1921302235930935,-0.6405452964010305,0.8022791173348871,4.0,0.4,casci,vtz,4,0.01
-56.00564894237868,2,0.9954942644762981,1.0045057355252154,1.0045057355203841,0.9954942644781029,1.3885708131839067,-0.3894505599632173,4.0,5.71747562574873,0.14824824485038643,-3.858737812874365,0.1337109881216234,0.5,-0.3888138163622101,4.0,0.4,casci,vtz,4,0.01
-55.568896732315864,3,1.0005066853361733,0.9994933146652132,0.9994933146628378,1.000506685335771,1.492448675214629,-0.47443749701001414,3.999999999999995,5.551307050726384,0.12536954804084305,-2.8266873614572545,0.11275039646371883,0.0255169180470311,-0.9314897570163978,4.0,0.4,casci,vtz,4,0.01
-55.27007621707682,4,0.9952130343804886,1.0047869656206752,1.0047869656188482,0.9952130343799885,0.9738705919356161,-0.39536686024326273,4.0,5.813965951323991,0.0751563864785611,-3.8267184295058296,0.06239505352021174,0.45986772692191713,-0.40350043706299565,4.0,0.4,casci,vtz,4,0.01
-54.76365715349783,5,1.0000000000000004,1.0000000000000007,0.9999999999999984,1.0000000000000009,1.1102230246251565e-16,2.4702462297909733e-15,4.000000000000001,5.333333333333325,6.548885852317235e-17,-5.333333333333323,3.98986399477809e-17,1.3333333333333308,0.6666666666666693,4.0,0.4,casci,vtz,4,0.01
-51.45683635491754,6,0.985757135261189,1.0142428647695518,1.0142428647059902,0.9857571352632688,3.830447823729548,0.0011525890135243768,4.0,3.8640168142143603,1.1452292576943433,-1.5213377945932423,-0.6325068294593597,-0.20533530625696897,0.06425724952772735,4.0,0.4,casci,vtz,4,0.01
-49.25610053392181,7,1.0940705594007323,0.9059294405918752,0.905929440594818,1.0940705594125755,1.8233351662903368,-1.4327583147152818,4.000000000000001,4.475592641669843,1.0370246669220817,-1.8328723514146632,0.34749741737136336,-0.20246198471012916,-0.019769515098309653,4.0,0.4,casci,vtz,4,0.01
-48.99362073068331,8,1.0025162909687348,0.9974837091928597,0.9974837090029276,1.002516290835474,1.7826096384351149,0.14945390189197613,3.9999999999999964,4.728478140528895,0.9852557962255495,-3.3642390702644462,-0.6317050114509231,0.4999999999999995,0.23894184716916278,4.0,0.4,casci,vtz,4,0.01
-48.474043428369185,9,0.8345748235538073,1.165425176406055,1.1654251764553227,0.8345748235848143,1.3675896625522872,-0.5038372459424105,3.999999999999999,4.556890845952242,0.9662985846406902,-3.2172552508555965,-0.42672327624475126,0.46940491393973793,0.25531902454077926,4.0,0.4,casci,vtz,4,0.01
-48.215524274066674,10,0.8659085551300219,1.1340914448628567,1.1340914448375838,0.8659085551695371,1.5021790598996037,-0.3047012381122633,3.999999999999999,3.4356635239195166,1.1197113785811093,-1.2491801066755488,0.8789034273498237,-0.23432582764210505,0.07410936157793768,4.0,0.4,casci,vtz,4,0.01
-48.16330033082516,11,1.143278681925064,0.8567213179787476,0.8567213180424185,1.1432786820537717,1.0626809515149314,-0.017491109259562557,4.000000000000002,4.793955878717172,0.904172619962747,-3.1409696744927573,0.2533055385700439,0.37199586756708547,0.3061335974049753,4.0,0.4,casci,vtz,4,0.01
-47.89428892400075,12,1.0089071352847743,0.9910928647598394,0.9910928646981991,1.0089071352571835,1.7058891590634113,-0.8973298194718187,3.9999999999999964,4.49181069622988,1.0049219029470322,-1.7451338918668353,0.6386503047738123,-0.2503857281240526,0.004077155334327426,4.0,0.4,casci,vtz,4,0.01
-47.292384024106084,13,1.0307084032128473,0.969291596776146,0.969291596826469,1.0307084031845406,1.260634179959045,1.456287852959596,4.000000000000003,4.3731187396134255,1.0542854274680171,-1.5650584639819327,-0.5297823946758332,-0.31075045291239,0.10146452351340132,4.0,0.4,casci,vtz,4,0.01
-47.01828968089541,14,1.0799393428991193,0.9200606571006775,0.920060657057818,1.0799393429423885,0.04242736723434194,-0.06797762903914695,4.0000000000000036,4.061586527432063,0.996301690990099,-3.030793263716032,-0.9461240874848087,0.5000000000000003,0.24722626824257452,4.0,0.4,casci,vtz,4,0.01
-46.59172384081493,15,1.0316250456198839,0.968374954379728,0.968374954397226,1.0316250456031606,0.40806142273890106,0.35451452675291406,3.9999999999999982,4.139293710449142,1.0425017404558772,-1.3694860780016718,-0.8229105518082325,-0.3500803886114497,0.13195669395335757,4.0,0.4,casci,vtz,4,0.01
-46.11202411088243,16,1.0682333238539679,0.9317666761721163,0.931766676182646,1.0682333237912687,-0.12371680236561178,0.04058465793514664,3.9999999999999987,4.0897813843245325,0.9314279717399256,-2.8527092183526745,0.8793214207575084,0.40390926309520425,0.294661715709741,4.0,0.4,casci,vtz,4,0.01
-46.00662551153032,17,0.9850634309192157,1.0149365690816607,1.0149365690604326,0.9850634309386909,0.19228984682219008,0.12182298842141581,4.0,4.073364947385051,1.0394012804842285,-1.257818219439829,-0.8723375952834025,-0.3894321271263482,0.16898308748951968,4.0,0.4,casci,vtz,4,0.01
-45.99303155328571,18,0.9572567460338399,1.042743253972592,1.0427432539958743,0.957256745997697,-0.016131866010970136,0.015837118608401812,4.0000000000000036,4.194441410032769,0.9984022401758442,-3.097220705016385,-0.8935065484177556,0.5000000000000001,0.24880168013188209,4.0,0.4,casci,vtz,4,0.01
-45.29051249724023,19,1.01184552821852,0.9881544718000236,0.9881544717822812,1.0118455281991772,-1.1386761345484804,-0.33769033086355543,4.000000000000002,4.461610754344992,0.8906540163294454,-3.2308053771724974,0.6715831507834433,0.5000000000000006,0.16799051224708417,4.0,0.4,casci,vtz,4,0.01
-44.92585031777781,20,0.9633463216272837,1.0366536782989058,1.0366536783904898,0.9633463216833218,-0.6613950566674148,0.645928011739041,4.000000000000001,4.144992513650505,0.9467914256025499,-3.0483328673022667,0.8308183085118224,0.4879183052385071,0.22217526396340537,4.0,0.4,casci,vtz,4,0.01
-44.53323370128656,21,0.9981352580655424,1.0018647419133673,1.0018647419586548,0.9981352580624353,-0.7450542505378055,-0.10986864954024278,3.9999999999999996,5.2867154358606205,0.9547584517301597,-2.668719998014068,0.278002176113919,0.012681140041878869,-0.29661230124425914,4.0,0.4,casci,vtz,4,0.01
-43.79338446185714,22,0.936097776857509,1.0639022231970157,1.0639022231279698,0.9360977768175021,-0.13192016550004532,-0.0437801028232431,3.9999999999999964,5.638031220045381,0.9895002991160868,-3.8190156100226895,0.014688635582208377,0.49999999999999933,0.24212522433706568,4.0,0.4,casci,vtz,4,0.01
-43.37242853772124,23,1.0055760296250804,0.9944239703789152,0.9944239703760336,1.0055760296199716,-0.9117314889593191,0.15544029791217243,4.0,4.894024012072334,0.9500945636620272,-2.068180704326913,0.42719422440388755,-0.18941565085462708,-0.09801342639885245,4.0,0.4,casci,vtz,4,0.01
-42.704115300476836,24,1.0400153187867662,0.9599846811569535,0.9599846812290227,1.0400153188272554,-1.7363378044081104,0.23239108875132783,3.9999999999999982,5.494452375939771,0.9961685056510503,-3.747066173904791,-0.24792729984743284,0.49991999296745254,0.24720638627083485,4.0,0.4,casci,vtz,4,0.01
-42.438363684627824,25,0.9397415431971609,1.0602584567707958,1.0602584567965674,0.9397415432354741,-1.6275404452053792,0.06838062981506071,3.999999999999998,5.23768308226847,1.0286780399700444,-2.9330663127117633,0.2534976082950204,0.15711238578876402,-0.38560385581123013,4.0,0.4,casci,vtz,4,0.01
-42.4175960301891,26,1.0693512850369076,0.9306487149910097,0.9306487149528332,1.069351285019252,-0.15119809221994077,0.018604796577361193,4.000000000000002,3.7578860577719118,1.3075546371306144,-2.1744549967778806,-0.19153289504295817,0.14775598394596237,-0.16709000609800245,4.0,0.4,casci,vtz,4,0.01
-41.26127003192282,27,1.001041342156629,0.9989586578149118,0.9989586578645966,1.0010413421638602,-1.9837676228095436,-0.2872664916189207,3.999999999999998,4.9029152008572225,1.0642898246851944,-2.6307617552843277,0.3566331439514492,0.08965207742785797,-0.29143470891396206,4.0,0.4,casci,vtz,4,0.01
-41.02725313560572,28,1.016850050656937,0.9831499493748652,0.9831499493494941,1.0168500506187066,-1.9268796527938665,0.6736076021888047,4.000000000000003,5.198376321867174,0.9916377123125892,-3.599188160933588,-0.34864712713378926,0.5000000000000003,0.24372828423444143,4.0,0.4,casci,vtz,4,0.01
-39.95341477564509,29,0.9522396001001889,1.047760399864396,1.047760399909044,0.952239600126375,-3.3906588906262334,0.0062697718728945695,4.0000000000000036,5.011004144606266,0.9643394113460002,-3.4005605256453872,0.45668003113950817,0.44752922667112693,0.2757253318383729,4.0,0.4,casci,vtz,4,0.01
-39.75795366215683,30,0.9967561601897968,1.0032438398244625,1.0032438397389933,0.996756160246748,-1.6095628137414735,0.14269049568801834,4.000000000000001,1.8838130396088348,1.7213720528199377,-0.8755143729152997,-1.142701220305292,-0.03319607344455881,0.32422511305951235,4.0,0.4,casci,vtz,4,0.01
-38.49955091550798,31,0.9818946592560525,1.018105340728737,1.01810534083835,0.9818946591768614,-3.652645750380275,-0.0020371553030336387,4.000000000000001,2.5089656249002648,1.4729612002384187,-1.1042099617451226,-0.3402553874124723,-0.07513642535250487,0.1798573255313187,4.0,0.4,casci,vtz,4,0.01
-34.07738238183213,32,1.5798038962143024,0.4201961037858907,0.4201961037894506,1.5798038962103544,-1.1818951788047405,0.302468021690667,3.9999999999999982,5.794744175155795,1.9036842870024064,-3.712207482156354,0.024864162059401687,0.4074176972892283,0.020345517962577324,4.0,0.4,casci,vtz,4,0.01
-33.53606412454904,33,0.4337969300498548,1.5662030699521603,1.566203069952754,0.4337969300452352,-1.7189201068354336,0.2601406242491374,4.000000000000004,5.542002266652156,1.8464278296032934,-3.4497808002713684,0.644520777537098,0.3393898334726452,0.045431038729824444,4.0,0.4,casci,vtz,4,0.01
-31.803555305507015,34,0.9976597691343081,1.0023402382944513,1.0023402307746418,0.9976597617965983,-0.7053039645484428,0.3348914441945912,4.0,5.926979066780893,1.9587519410794445,-3.894492744863644,-0.032604654062409304,0.46550160573659877,0.003562350072984893,4.0,0.4,casci,vtz,4,0.01
-31.75492108824982,35,0.9941836207478212,1.005816371819718,1.0058163793425487,0.9941836280899106,-0.8324569020165445,0.3239664420056161,3.9999999999999982,5.889725139866518,1.9530316221274449,-3.859718143013775,0.3393613498818464,0.4574277865402582,0.007345930055325514,4.0,0.4,casci,vtz,4,0.01
-57.57862007867617,0,0.9995280317672004,1.0004719682328753,1.0004719682301104,0.9995280317698203,3.073082342506281,-0.03119565066159274,4.000000000000006,4.603061584915372,0.3333243886475197,-0.1434479873720924,0.3247714489663002,-1.079041402542797,0.3290346940284342,4.0,0.6,casci,vtz,4,0.01
-56.570393381979336,1,1.003054282587621,0.9969457174120597,0.9969457174112666,1.0030542825890545,2.583382218626827,-0.008346278612092396,4.000000000000002,4.09498946794167,0.23794173464198354,-0.8285420086253039,0.21283704992166164,-0.6094763626727658,0.7879326636542522,4.0,0.6,casci,vtz,4,0.01
-56.05836647207703,2,0.9935551781109749,1.0064448218899962,1.0064448218880306,0.9935551781109905,1.500776908137519,-0.41385365539506536,3.9999999999999925,5.658025751128628,0.1787427960454,-3.8290128755643114,0.16152517468192884,0.4999999999999987,-0.3659429029659489,4.0,0.6,casci,vtz,4,0.01
-55.232115031221,3,1.002342070188098,0.9976579298122825,0.9976579298116117,1.0023420701880088,1.430863716574689,-0.5035779672484106,4.000000000000001,5.524669849976621,0.11954649070653109,-2.666379214215756,0.10407506678721155,-0.0479778553862773,-0.8623622765838246,4.0,0.6,casci,vtz,4,0.01
-54.9312627138758,4,0.9957954960047823,1.0042045039955432,1.004204503994937,0.9957954960047382,0.9032479910484388,-0.41455716978506274,4.000000000000001,5.822439341660566,0.07204884527021237,-3.831757528181111,0.058419723982476836,0.46026892867541397,-0.406232294722755,4.0,0.6,casci,vtz,4,0.01
-54.463337395132136,5,0.9999999999999982,0.9999999999999988,0.9999999999999999,1.0000000000000002,3.2057689836051395e-15,2.636779683484747e-16,3.9999999999999973,5.333333333333356,-3.4029357872617666e-17,-5.333333333333357,5.030698080385599e-17,1.3333333333333393,0.6666666666666596,4.0,0.6,casci,vtz,4,0.01
-51.59706169476554,6,0.9857765277089166,1.0142234722991337,1.0142234722851304,0.9857765277068223,3.8464505493472885,0.0014922864911557409,4.0000000000000036,3.8111991028372554,1.1559449687961392,-1.495353657623777,-0.6270346410380794,-0.20512294689742555,0.07208167349452843,4.0,0.6,casci,vtz,4,0.01
-49.46298420416999,7,1.0807365599719332,0.919263440023755,0.9192634400293973,1.0807365599749037,1.8338018245261285,-1.5621686213130608,3.9999999999999893,4.5317804279792036,1.033971384798769,-1.8483516411070717,0.23662974219644464,-0.20876928644126516,-0.015752174959655557,4.0,0.6,casci,vtz,4,0.01
-49.178960436796494,8,1.017068672861114,0.9829313271721236,0.9829313271389447,1.0170686728278233,1.7832189437350228,0.2560023272921351,4.000000000000005,4.764916309100711,0.9863461567095654,-3.382458154550355,-0.6173683559891026,0.4999999999999999,0.23975961753217287,4.0,0.6,casci,vtz,4,0.01
-48.46719934068778,9,0.8534421931345677,1.1465578068488034,1.146557806860997,0.8534421931556345,1.1725051405707152,-0.3239361706679481,4.000000000000003,4.712238753817896,0.9421576522746398,-3.1852358074859906,0.10759002781323926,0.4145582152885213,0.29206002391745806,4.0,0.6,casci,vtz,4,0.01
-48.157607298075405,10,1.1172431143106896,0.8827568856783019,0.8827568856857955,1.117243114325214,1.1890086821141468,-0.2791485985194314,4.000000000000001,4.592457795124465,0.9451263523186072,-3.211662993158109,-0.26054429627872056,0.45771704779793815,0.25112771644101706,4.0,0.6,casci,vtz,4,0.01
-48.013482413480055,11,0.8264482716556553,1.1735517283415862,1.1735517283351984,0.8264482716675607,1.467225867244228,-0.1342066998203309,4.0,3.4080918020207953,1.1134832479021948,-1.2000444762008513,0.7695129409407704,-0.2520007124047732,0.08711314833141892,4.0,0.6,casci,vtz,4,0.01
-47.56926536365649,12,1.024684643488008,0.975315356515436,0.9753153565253685,1.02468464347119,1.6397879668705093,-0.8083310599368976,4.000000000000003,4.436480985419506,1.0059160376360854,-1.6722953163659309,0.6736347977405315,-0.27297258817191117,0.027409616398975434,4.0,0.6,casci,vtz,4,0.01
-47.46869393322736,13,1.0830122258875576,0.9169877741215771,0.9169877741092987,1.0830122258815664,1.4005071894129042,1.4553705327996527,3.9999999999999996,4.42848392149792,1.0638486925668535,-1.692072787553316,-0.3279924400789741,-0.2610845865978221,0.058971106022961337,4.0,0.6,casci,vtz,4,0.01
-46.91324389326923,14,1.0812099689525558,0.9187900310413979,0.9187900310495254,1.0812099689565184,0.07605444343280236,-0.07916730228804131,3.9999999999999973,4.085968461968587,0.994244694444721,-3.0429842309842936,-0.9314277610001346,0.4999999999999998,0.24568352083354095,4.0,0.6,casci,vtz,4,0.01
-46.711718113939654,15,1.0471557234273452,0.9528442765635745,0.9528442765691079,1.0471557234399749,0.15129370885645047,0.18788222795438964,4.000000000000002,4.042655327235943,1.0789173411778958,-1.451542115294263,-0.7347960312558486,-0.28489277416185443,0.09408078004527545,4.0,0.6,casci,vtz,4,0.01
-45.86279321560745,16,0.9470532523122591,1.0529467476896968,1.0529467476905854,0.9470532523074626,0.33900600844164264,0.11961332822705792,4.0000000000000036,4.202477173291957,1.0248888925973558,-1.3560708669070043,-0.8673448051577548,-0.37258385986948694,0.14125052931750234,4.0,0.6,casci,vtz,4,0.01
-45.77790892322022,17,0.9371428544166025,1.0628571455877494,1.0628571455849856,0.9371428544106548,-0.04007732917665144,0.025318721058222263,3.999999999999992,4.327519424463537,0.9945157875778706,-3.163759712231768,-0.8070003105302578,0.49999999999999956,0.24588684068340394,4.0,0.6,casci,vtz,4,0.01
-45.59488797165429,18,1.1080563582240899,0.8919436417761413,0.8919436417789204,1.1080563582208474,-0.27160157740292357,0.13325194906243654,3.9999999999999987,4.108270727851362,0.8996676163134701,-2.780821849162222,0.8221786613418589,0.36334324261827033,0.31140746961683324,4.0,0.6,casci,vtz,4,0.01
-44.92288312078946,19,1.019136137365694,0.9808638626275689,0.9808638626393111,1.019136137367425,-1.1612484454673428,-0.395127778006646,3.9999999999999987,4.511422351935265,0.8747734352456675,-3.255711175967633,0.534257161962632,0.5,0.1560800764342508,4.0,0.6,casci,vtz,4,0.01
-44.46554524294019,20,0.9316499866265687,1.0683500133702162,1.0683500133686628,0.9316499866345538,-0.6209844377538906,0.8381413474593863,4.000000000000002,4.101024310855276,0.9409423494280383,-2.9807092075807526,0.798227648492819,0.4650985260765572,0.24060823599447162,4.0,0.6,casci,vtz,4,0.01
-44.43503149835688,21,0.9869929170024107,1.013007082991853,1.013007082997798,0.98699291700794,-0.7948311160903772,-0.17870983130522825,4.000000000000002,5.256803875892281,0.9576165209865931,-2.602040973526303,0.29151519992744335,-0.013180482209918742,-0.268607127050137,4.0,0.6,casci,vtz,4,0.01
-43.28904612681747,22,0.9346884168891934,1.0653115831070137,1.0653115831140556,0.9346884168897451,-0.21835386315440558,-0.07149238896554919,4.000000000000008,5.492237483537506,0.9801047540545205,-3.746118741768755,0.029449672348608055,0.5000000000000007,0.2350785655408887,4.0,0.6,casci,vtz,4,0.01
-42.88280388812828,23,1.0126394052034686,0.9873605947817283,0.987360594798793,1.0126394052160101,-0.8500636716270835,0.2019989273597282,4.0,4.899268824290628,0.9638788947252785,-2.1299929492143406,0.4113162687749228,-0.15982073146548653,-0.11727009749055473,4.0,0.6,casci,vtz,4,0.01
-42.61709710921355,24,1.0378927580328656,0.9621072419748593,0.9621072419664107,1.0378927580258646,-1.6091883748107163,0.047299826043308346,4.0,5.567969017576874,0.9974341736855051,-3.78369835411565,-0.20125247653327544,0.49985692266360626,0.24821870760052123,4.0,0.6,casci,vtz,4,0.01
-42.25293972123866,25,0.9859422786583141,1.0140577213559576,1.0140577213415154,0.9859422786442098,-1.5443490648948184,0.16212690074912872,3.999999999999997,5.262167182718182,1.024191715984467,-2.943920190766128,0.20188090460787161,0.15641829970351853,-0.3882745127151678,4.0,0.6,casci,vtz,4,0.01
-41.65795998183657,26,1.0365470035123225,0.9634529964695776,0.9634529964926176,1.036547003525476,-0.09772683917295752,0.009758001691036633,3.999999999999994,3.673337943113525,1.2998546501383061,-2.0083349930450156,-0.2636915889482496,0.0858330107441263,-0.11094202314039536,4.0,0.6,casci,vtz,4,0.01
-40.65773586820671,27,1.0068479570656175,0.9931520429481762,0.9931520429238181,1.0068479570623892,-1.9922122597613057,-0.28962542253598944,4.000000000000001,4.370237567027952,1.1741302451824,-2.3264127352052233,0.1812342380580594,0.07064697584562357,-0.19004929195882309,4.0,0.6,casci,vtz,4,0.01
-40.20075799998142,28,1.0171987714058186,0.9828012285632094,0.9828012285960781,1.0171987714348911,-1.9403706575069126,0.6783200763049511,3.9999999999999973,5.159910217865752,0.9912723759222583,-3.579955108932877,-0.3694355814736695,0.5000000000000002,0.24345428194169405,4.0,0.6,casci,vtz,4,0.01
-39.43633758813345,29,0.9907579397623092,1.0092420602362258,1.0092420602540273,0.9907579397474353,-1.3498150013256824,0.13573092830729488,3.9999999999999973,2.7245747954565456,1.631261856383934,-1.3907405833225468,-1.1381985836685349,0.014226592797137089,0.2092197994908141,4.0,0.6,casci,vtz,4,0.01
-39.311914102524995,30,0.9528658110768488,1.0471341889550057,1.0471341889220838,0.9528658110460617,-3.3463696423925695,0.007295095019406117,4.0,5.000610585171902,0.9646812760675468,-3.3975722516908684,0.46254366125994123,0.4486334795524587,0.27487747749820207,4.0,0.6,casci,vtz,4,0.01
-38.001876074023805,31,0.9761233231385086,1.0238766768667347,1.0238766768550043,0.9761233231397486,-3.6696736620372805,-0.003550813070174741,3.999999999999996,2.642023858973436,1.4498615140306548,-1.1723563849522054,-0.35214347331090734,-0.0743277722672564,0.16172390779024856,4.0,0.6,casci,vtz,4,0.01
-34.22942138067593,32,1.5024612234324568,0.49753877656777157,0.4975387765694712,1.5024612234303096,-1.3325161059714643,0.3192813640413165,4.000000000000009,5.728993955524022,1.8748654092656265,-3.622703769824164,0.008946398747971464,0.37910339603107657,0.027045660918141846,4.0,0.6,casci,vtz,4,0.01
-33.33235781747584,33,0.5141829852157713,1.4858170147845993,1.4858170147830603,0.5141829852165638,-2.134915289993402,0.26135326093733763,3.9999999999999947,5.2851210646416185,1.777087373629627,-3.166388505529958,0.8422173702951212,0.26191398660457443,0.07090154361764736,4.0,0.6,casci,vtz,4,0.01
-30.964679471169188,34,0.9967172476754123,1.0032827521535852,1.0032827523269736,0.9967172478440288,-0.6647886674108021,0.33100912789430315,3.9999999999999996,5.929658426410199,1.9604248796390968,-3.9001264750456777,-0.03050516263756361,0.46764863092028935,0.002670028809032975,4.0,0.6,casci,vtz,4,0.01
-30.932896978493364,35,0.9940504129264287,1.0059495872438915,1.0059495870710937,0.9940504127585861,-0.7511274954948726,0.3257491794392865,4.0,5.905578997443704,1.9569854952046728,-3.8780910435950355,0.2959723490532752,0.4626507724365917,0.005088348966913684,4.0,0.6,casci,vtz,4,0.01
-55.61722948450074,0,1.0000001457662906,0.99999983096801,0.9999998542560382,1.0000001690097293,2.337901745853853,-2.5244369095123176e-11,4.000000000000068,4.584903102076641,0.1273130070227132,1.035491705961061,0.12497917714586504,-1.663971628499691,0.7594563837670942,4.4,0.0,casci,vtz,4,0.01
-55.43097043799028,1,1.000000242285466,0.9999997577194983,0.9999997577341779,1.0000002422608412,1.9262261341971278,-4.196712422022131e-12,3.999999999999983,4.019084913539557,0.11732407636361308,-0.3615146858761705,0.10778161959776872,-0.824013885446804,0.9120069427195138,4.4,0.0,casci,vtz,4,0.01
-55.09770331272978,2,1.0000001775018958,0.9999998467112591,0.9999998225224634,1.0000001532673854,1.1100335682533802,-0.3567230612496604,4.000000000003004,5.844645322021293,0.08000387976302031,-3.7830897107004855,0.07531062093453804,0.4303835248449193,-1.3703806146258906,4.4,0.0,casci,vtz,4,0.01
-55.03072800936044,3,0.9997490259888584,1.0002510357217207,0.9997489092572176,1.0002510293867861,0.9187330556300026,-0.23001345194707548,4.000000000354583,5.887972061405035,0.05886217845549903,-3.9439860307480936,0.05482943399055529,0.5000000000227882,-0.45585336654465747,4.4,0.0,casci,vtz,4,0.01
-55.03071900833003,4,1.000251204805745,0.9997487983104516,1.0002508263776961,0.9997491701498459,0.9187252477528258,-0.23001460058436898,3.9999999996437388,5.887974096352647,0.05886120438067215,-3.943987048087232,0.05482845201380758,0.4999999999554545,-0.4558540966701313,4.4,0.0,casci,vtz,4,0.01
-54.641404127378586,5,1.0000000000001656,1.000000000000166,1.0000000000001645,1.0000000000001652,2.65024668877345e-11,2.8428648324307915e-12,4.000000000000662,5.3333333333363635,3.792396779465041e-12,-5.333333333303762,2.895534709035514e-12,1.3333333333177904,0.6666666666492348,4.4,0.0,casci,vtz,4,0.01
-49.315216903467466,6,1.000001411529254,0.9999985884272469,0.9999985878247621,1.0000014122187315,3.6864438879214276,-3.950486639203721e-11,3.9999999999999947,4.044573977948373,1.1020338785653143,-1.5770303597447122,-0.6716113753298071,-0.22262831461473712,0.0491537235387238,4.4,0.0,casci,vtz,4,0.01
-47.43074935059571,7,0.9693672661795016,1.030634947682156,0.9693809878551523,1.0306168128140136,1.6442583991536486,-0.410198679456423,4.000000014530824,4.542884276388806,0.9913889139935177,-3.2714421406927463,-0.6638135342332752,0.5000000012491715,0.24354168349994967,4.4,0.0,casci,vtz,4,0.01
-47.43073374440873,8,1.0306265249618152,0.969371311398185,1.0306298597788748,0.9693722893455632,1.644243918846764,-0.41022649102453446,3.9999999854844384,4.542879118125877,0.9913886345516176,-3.2714395549607316,-0.6638096038771755,0.4999999979488965,0.24354147763899497,4.4,0.0,casci,vtz,4,0.01
-47.30666368926537,9,0.9261842911453095,1.0738225782113076,0.9261889814680009,1.0738042083146855,1.7023842247874827,-1.1967337163545249,4.000000059139303,4.52646430069045,1.0049933546408305,-1.7896963778387653,0.5153384792355556,-0.2367678862532299,-0.009487112183699797,4.4,0.0,casci,vtz,4,0.01
-47.306630102393136,10,1.073847742410675,0.9261395470754874,1.073779235128065,0.9262334162458992,1.7023817150110516,-1.19672406634178,3.9999999408601266,4.526460185342059,1.0049932021407972,-1.7896903844829897,0.515344997153916,-0.2367698540940199,-0.00948522875930094,4.4,0.0,casci,vtz,4,0.01
-47.24576663383257,11,0.9999501463243468,1.000056194882974,1.0000498573033756,0.9999438014882915,1.6559064589013461,-0.0883017415778977,3.9999999999989875,3.422406006364498,1.1378739537402525,-1.0681801169319138,1.048689618306141,-0.32151144312516755,0.17491690844204694,4.4,0.0,casci,vtz,4,0.01
-47.11069891351015,12,1.0000072189678968,0.999992781256945,0.9999927800744091,1.0000072197007461,1.3582015769841627,1.3626513806208607e-10,3.9999999999999973,4.865851374890755,0.904848888184816,-3.147472352000276,0.47192320059858955,0.35727333227744945,0.3213633338611623,4.4,0.0,casci,vtz,4,0.01
-46.338480850767,13,0.9999754688398941,1.0000079296266433,1.0000245270001835,0.9999920745442801,-1.2856631037561073e-10,-9.526040650742473e-10,4.000000000011001,4.00000000042589,0.9999999999594487,-3.0000000001455795,-0.9999999983975738,0.49999999996631705,0.24999999995995745,4.4,0.0,casci,vtz,4,0.01
-46.07430417388878,14,0.9886334621804516,1.0113660111281313,0.9886270810457849,1.0113734459823869,0.7994480162230031,1.0184920889405698,4.000000000336755,4.1837357961201995,1.0224748478198564,-1.2756036940960933,-0.7997362407040682,-0.4081321019820031,0.17498823777150163,4.4,0.0,casci,vtz,4,0.01
-46.074298850117394,15,1.0113758953795386,0.9886248757080547,1.0113626398580426,0.9886365887179585,0.7994577379273328,1.0185139597284913,3.9999999996635944,4.183733930605046,1.0224753718052222,-1.2756008963858074,-0.7997314661777131,-0.4081330344583576,0.17498956340424743,4.4,0.0,casci,vtz,4,0.01
-46.06150877079009,16,0.9999969588923827,1.0000030412452723,1.0000030442775731,0.9999969555847551,-6.41785416477525e-10,4.998778752041133e-10,3.999999999999983,4.000000000290873,0.9999999998959888,-2.999999999998331,0.9999999997684812,0.49999999992644756,0.24999999999554404,4.4,0.0,casci,vtz,4,0.01
-45.602818138364995,17,0.9999801339612042,1.0000321827543963,1.000019867193362,0.9999678160940169,-5.314517020904574e-10,1.4525368408069284e-09,4.000000000002979,4.023333951493714,0.9999999999358212,-3.011666975745407,-0.9883330209840219,0.49999999999927514,0.24999999995135597,4.4,0.0,casci,vtz,4,0.01
-45.30586237851185,18,0.9999962982972966,1.0000037017897383,1.0000036995653039,0.9999963003476467,5.302405181595304e-10,5.181868129033873e-10,3.9999999999999853,4.000000000013725,1.0000000000643015,-1.0000000001964697,-0.9999999998328226,-0.4999999999051965,0.24999999995343208,4.4,0.0,casci,vtz,4,0.01
-45.213771406383884,19,1.1013377423134316,0.8986528671812143,1.101281869594136,0.8987277216279022,-0.7404381462266415,0.2506201561295184,4.000000200716684,4.1692972227190825,0.9528186612363201,-3.0846486615215043,0.8910781954423446,0.5000000250809817,0.21461397082366784,4.4,0.0,casci,vtz,4,0.01
-45.213762060662525,20,0.8986991907461536,1.1013105286719185,0.8986730963326128,1.1013169835215337,-0.7404402673679833,0.2506253483182658,3.9999997992722185,4.169296648871352,0.952818241223096,-3.0846482742265158,0.8910776143762805,0.4999999748954197,0.2146137059849866,4.4,0.0,casci,vtz,4,0.01
-44.20794812468378,21,1.0000061115842795,0.9999935723308345,0.9999938905295525,1.0000064255545624,-1.5570556573146743,-2.699474810352598e-10,3.9999999999992286,4.153556644832975,0.9102131767786505,-0.8139221106011696,0.8399391061309727,-0.6314281059076587,0.31408798850119424,4.4,0.0,casci,vtz,4,0.01
-43.88997671579356,22,0.9999913070057,1.0000146313426124,1.0000086927326688,0.9999853689157834,-6.170939731431346e-10,3.4408763338600323e-10,3.999999999996765,5.9766660484872745,0.9999999999974156,-3.988333024237467,-0.01166697561167062,0.4999999999969149,0.2499999999972493,4.4,0.0,casci,vtz,4,0.01
-43.87540746359828,23,0.9999907230101154,1.0000097715739065,1.0000092770827966,0.9999902283329253,-0.008101323402087773,0.04617547822461522,3.9999999999997438,5.994292217921198,0.9996535686901713,-3.9955303383053042,-0.010418183119187461,0.49919211467235236,-0.7494519381520002,4.4,0.0,casci,vtz,4,0.01
-42.6991914205341,24,0.9999073029065086,1.0000926985872862,1.0000926968635206,0.9999073016426684,-0.5070517514432852,-8.441731202957214e-10,3.999999999999984,4.342453539765684,1.2499861438549398,-2.76361102861987,-0.0788147902184746,0.2961921293685141,-0.3587025214773051,4.4,0.0,casci,vtz,4,0.01
-42.41924272908309,25,0.9889708346573514,1.011024930412904,0.9889483060814359,1.0110559597229862,-1.8225393023475567,0.38959388167582737,4.000000030874677,5.399851624585821,0.9969311621028851,-3.6999258160273536,-0.2820949880874555,0.5000000018672216,0.2476983637796193,4.4,0.0,casci,vtz,4,0.01
-42.41921479698822,26,1.0110157136172333,0.9889862580314286,1.011068641862466,0.9889293556472214,-1.8225429047435804,0.38961383093226776,3.9999999691583494,5.399844950381099,0.9969310042996025,-3.6999224656834895,-0.2820955670251689,0.4999999952464701,0.24769825527186698,4.4,0.0,casci,vtz,4,0.01
-42.37366965498062,27,0.9876419830731964,1.0123312546959125,0.9876422945950468,1.0123845033313734,-1.8277851108771141,-0.04520463375744363,4.000000035695529,5.348470936516314,1.0047415678577971,-3.02270636236368,0.3130619123864735,0.17423544705276134,-0.4206792773483362,4.4,0.0,casci,vtz,4,0.01
-42.37364963845297,28,1.0124606979067474,0.98756536965249,1.0122552496650559,0.9877186470397554,-1.8277910232419852,-0.04521442082691421,3.999999964264049,5.348469689287798,1.004741401059794,-3.0227046033910963,0.31306443108838217,0.17423487937359844,-0.42067881374307875,4.4,0.0,casci,vtz,4,0.01
-41.177131957859615,29,1.000031083785545,0.999968916164889,0.9999689164615855,1.0000310835879789,-3.2844277095648446,2.48585402262691e-10,3.9999999999999982,5.115063711706407,0.9778270355308089,-3.491012962457676,0.420295178848455,0.466740553302236,0.2666297233458714,4.4,0.0,casci,vtz,4,0.01
-39.712533504461526,30,0.9999999425649793,0.9999994036386299,1.0000000459408196,1.0000006078543677,-1.8951308568885623,0.03180164540994279,3.9999999999987965,0.8690568862085472,1.824097489983369,-0.30074062360033005,-0.6902457083212812,-0.06689390975197174,0.4349670272433246,4.4,0.0,casci,vtz,4,0.01
-39.19994095721899,31,1.0000037450911707,0.9999962549054533,0.999996266856888,1.0000037331464866,-3.1793921572753723,-4.451022883600331e-12,3.9999999999999982,1.6129725015163525,1.6479799732520921,-0.6593586185126028,-0.2495738294518386,-0.07356381612278676,0.3095487960618569,4.4,0.0,casci,vtz,4,0.01
-32.8852080963519,32,0.9924705223128953,1.006317150370115,1.007529450650848,0.9936828768340078,-0.780843379550711,5.575082089676053e-06,4.000000000167866,5.928207259512305,1.9624739530472914,-3.888236875797274,0.03508011872774831,0.46206662302056056,0.009788841723054586,4.4,0.0,casci,vtz,4,0.01
-32.87697124734711,33,1.0060107336286221,0.9918860085219053,0.9957609123485462,1.0063423730345322,-0.6740474350737029,0.22343120743493816,4.000000027533606,5.941332784756345,1.9677902473159956,-3.911999052838335,-0.02866918023230143,0.47066633023008086,0.005176348373589625,4.4,0.0,casci,vtz,4,0.01
-32.876958624960245,34,1.0009326322390342,1.0022436231830105,0.9972960669469075,0.9995276499553222,-0.6740508335850454,0.22343407335147392,3.9999999723242743,5.941331976876021,1.9677898784521828,-3.911997994548897,-0.028671237700548705,0.47066600305544315,0.00517641270486689,4.4,0.0,casci,vtz,4,0.01
-32.761818245310096,35,1.0005858002257046,0.9995536068489537,0.9994142000393604,1.00044639285414,-0.8627078271770268,0.3670476168304039,3.999999999968159,5.869599608623405,1.9583711040306762,-3.8524592312930177,0.5766635435557128,0.4588297134906577,0.009948614540600205,4.4,0.0,casci,vtz,4,0.01
-55.622398734040864,0,0.9999061644596133,1.0000938356667581,1.0000938363671075,0.999906163506521,2.3750753584055246,-0.012309992068040856,4.0,4.658174064265264,0.1457145149588225,0.6423787457912522,0.14311969109901218,-1.485732888961942,0.595018775181059,4.4,0.2,casci,vtz,4,0.01
-55.37402973412385,1,1.0012004078317334,0.9987995937062223,0.9987995928066982,1.0012004056553456,1.9503071776368004,-0.0042628366975519805,3.9999999999999996,4.058101388149272,0.12395550130243659,-0.45882148239852055,0.11419836604033128,-0.7851146058380578,0.8780812318148845,4.4,0.2,casci,vtz,4,0.01
-55.04346785824527,2,0.9989851438871371,1.0010148541875132,1.0010148559052152,0.9989851460201307,1.0383747414651856,-0.22758856760658192,3.999999999999996,5.854182945229491,0.07558017380175129,-3.927091472614725,0.0712398954846393,0.49999999999998995,-0.4433148696486768,4.4,0.2,casci,vtz,4,0.01
-54.95486795610908,3,0.9997908177232625,1.0002091817085104,1.0002091822586827,0.9997908183095447,1.1212942711819003,-0.35085393498572337,4.0,5.757176053617547,0.07472385287424262,-3.4003107202214085,0.06970778879959108,0.2608613467063175,-1.2048184570506355,4.4,0.2,casci,vtz,4,0.01
-54.825114342703394,4,0.998437711969585,1.0015622875654122,1.001562288492605,0.9984377119723978,0.8251151105776362,-0.23846142730923892,4.0,5.8707312322666745,0.04770708827420121,-3.8744079837268135,0.043395086546574424,0.469521183796738,-0.4337408675910868,4.4,0.2,casci,vtz,4,0.01
-54.53000947026328,5,1.0000000000000004,0.9999999999999978,1.0000000000000004,1.0000000000000002,-1.3600232051658168e-15,2.942091015256665e-15,3.999999999999999,5.333333333333346,-2.302539065135337e-17,-5.333333333333346,9.540979117862702e-17,1.3333333333333366,0.6666666666666625,4.4,0.2,casci,vtz,4,0.01
-49.32893524666297,6,0.9874340640138619,1.012565924056804,1.0125659358075891,0.9874340761217446,3.6937742206170583,-7.101930529460759e-05,4.0,4.030552892135875,1.1048135676307322,-1.5697462839596479,-0.6700606475335766,-0.22276508105414458,0.05137525677719487,4.4,0.2,casci,vtz,4,0.01
-47.57905347668511,7,1.0913334642855368,0.9086665305866344,0.9086664910665123,1.091333514061309,1.7409715801529044,-1.2991167482800696,3.999999999999992,4.453815028100584,1.0246205719500026,-1.77683259604236,0.440527741168825,-0.22503745900396585,-0.0064971120335299,4.4,0.2,casci,vtz,4,0.01
-47.5173678772448,8,0.9889309723118189,1.0110688986695664,1.0110690322537519,0.9889310967648602,1.7296667957042515,-0.17721833975759219,3.999999999999998,4.61426642948015,0.9927894406810095,-3.307133214740073,-0.6675529178172547,0.4999999999999991,0.24459208051075831,4.4,0.2,casci,vtz,4,0.01
-47.36340432828593,9,0.8686403805464084,1.131359611584743,1.1313596142451119,0.8686403936237361,1.509696987836918,-0.5913812021058282,3.999999999999999,4.487540207176055,0.9880659634776974,-3.2332643048897234,-0.6058575503406536,0.4947471006508481,0.24630237195742433,4.4,0.2,casci,vtz,4,0.01
-47.16106284560362,10,0.9026556806556829,1.097344432303958,1.0973444435759092,0.9026554434644509,1.5998133440407083,-0.20202864320174946,4.000000000000001,3.524873052111225,1.1189240171914316,-1.1275558818419382,0.9728968498336414,-0.3174403221068373,0.15663333500041207,4.4,0.2,casci,vtz,4,0.01
-47.115507131126684,11,1.1124137745046143,0.8875863479132379,0.8875862264134999,1.11241365116865,1.3387718675179503,-0.012436002153202258,4.000000000000002,4.833302846041569,0.917296592105308,-3.1727261190379417,0.4410485727743361,0.3780373480085787,0.30993509607040237,4.4,0.2,casci,vtz,4,0.01
-47.020970628007355,12,1.0098321056751538,0.9901677617168237,0.9901678054501961,1.0098323271578264,1.6838275240983671,-0.9148279835566671,4.0,4.4815387597468295,1.0028556351343452,-1.7243719525299874,0.6376204063322346,-0.25819871367171376,0.010340440022472891,4.4,0.2,casci,vtz,4,0.01
-46.33781879015413,13,1.0622513391325725,0.9377486630851568,0.9377486442077939,1.062251353574477,0.027452634261548967,-0.042019892240983486,4.0,4.0306276682277815,0.9990831687067563,-3.0153138341138916,-0.9706993035880042,0.5000000000000004,0.2493123765300684,4.4,0.2,casci,vtz,4,0.01
-46.20373372316334,14,1.0035726383700987,0.9964273823754268,0.9964273916301392,1.0035725876243369,0.9674252198389811,1.3236666683414777,4.000000000000002,4.231584409349262,1.0290818265134138,-1.3473001430141895,-0.6746481143730021,-0.3842460308302208,0.15605740071528135,4.4,0.2,casci,vtz,4,0.01
-45.94654242240908,15,1.0391129949448654,0.9608870068742908,0.9608870219402454,1.0391129762405997,-0.026805368287643683,0.011880835432336895,4.000000000000002,4.02428416653871,0.9839936375035447,-2.9671296113103605,0.9686378474889243,0.4774937640205028,0.26050146410715536,4.4,0.2,casci,vtz,4,0.01
-45.91681872351794,16,0.9942202227850564,1.0057797664017218,1.005779756725608,0.9942202540876154,0.5938891462992011,0.597399029144067,4.000000000000002,4.163549308275098,1.0185902110353684,-1.2612477298817661,-0.8772790699719728,-0.4102634621278913,0.1742061204044173,4.4,0.2,casci,vtz,4,0.01
-45.52066557022347,17,0.9876300831573716,1.0123699239250952,1.012369919321097,0.9876300735964367,-0.00376814088420091,0.002166973574541639,4.0,4.05459140485289,0.9999417618719553,-3.0272957024264437,-0.9724582548199661,0.49999999999999944,0.24995632140396473,4.4,0.2,casci,vtz,4,0.01
-45.33447510170973,18,1.015022984596964,0.9849770201801127,0.9849770166611084,1.0150229785618163,0.018817996172542706,0.025689183545971328,4.000000000000002,4.018241746187726,1.0124457367334119,-1.0820827975233793,-0.9564036840749865,-0.46351903778524167,0.2228533403353008,4.4,0.2,casci,vtz,4,0.01
-45.24622615208557,19,0.9762389488666221,1.0237610510542958,1.0237610383611284,0.9762389617179519,-0.9027548994012914,-0.04722511528687989,3.9999999999999982,4.2389559104861165,0.9374192897826477,-3.119477955243056,0.8618519900750402,0.4999999999999989,0.20306446733698605,4.4,0.2,casci,vtz,4,0.01
-45.003104604913126,20,0.9849114716767535,1.0150885521759534,1.0150885415257271,0.9849114346215646,-0.5954679987487147,0.6207316951568548,3.999999999999999,4.119635022101201,0.9631929381230185,-3.056542473699505,0.8630105897486866,0.4983624813244523,0.22403222226781233,4.4,0.2,casci,vtz,4,0.01
-44.3014482781782,21,0.988937150684805,1.0110628624135827,1.0110628484837387,0.9889371384178725,-1.1878694074965082,-0.05741279714047179,3.9999999999999987,4.638468679892643,0.9335912989852548,-1.6440360950384236,0.616160867476863,-0.33759912245394896,0.03779259669289052,4.4,0.2,casci,vtz,4,0.01
-43.746790516341555,22,0.9753848995464001,1.024615086983224,1.024615098918397,0.9753849145519764,-0.017838133941459666,-0.004866710813357905,3.9999999999999973,5.893459769437925,0.9990435126195472,-3.946729884718962,-0.013181691905202204,0.4999999999999998,0.24928263446466042,4.4,0.2,casci,vtz,4,0.01
-43.6085124290096,23,1.0136674804893597,0.9863325635262039,0.9863325226436979,1.0136674333407378,-0.3678758831979592,0.09626180892469935,3.999999999999999,5.49593523578724,0.9798519433298882,-3.152511016966961,0.2059068297930038,0.20227169953667046,-0.46738274203925345,4.4,0.2,casci,vtz,4,0.01
-42.66096976703204,24,1.0315604988989109,0.968439494845928,0.9684395005177969,1.0315605057373678,-1.7345026758145683,0.21230867043855312,4.0000000000000036,5.498610594334238,0.9979204683827931,-3.749231610134097,-0.24714952860482375,0.4999631564834889,0.2484771948036062,4.4,0.2,casci,vtz,4,0.01
-42.55174208556331,25,1.3420733433176446,0.6579266723219274,0.6579266499949202,1.3420733343655082,-1.1609002194207179,0.06831516095136214,4.0,4.9405560650368905,1.1041162137910987,-2.917757484578005,0.07294349690631331,0.22373972602978004,-0.3956525656864561,4.4,0.2,casci,vtz,4,0.01
-42.48422984551615,26,0.6583420799369564,1.3416579282884908,1.3416579262493384,0.6583420655252121,-1.037108605782076,0.0006048381190921492,3.9999999999999982,4.751625198456685,1.144154254743667,-2.832526736066992,0.07070706072194868,0.2283570684193249,-0.37024137736157303,4.4,0.2,casci,vtz,4,0.01
-41.99455990571903,27,0.9988449527904857,1.0011549927782712,1.0011550474773734,0.9988450069538704,-1.8920861409312737,-0.13319494279466831,4.000000000000001,5.269123091286531,1.009117420411235,-2.9304008891249778,0.3507702521671133,0.1479196717408562,-0.39108160643243034,4.4,0.2,casci,vtz,4,0.01
-41.96336394910238,28,1.0105785561008362,0.9894214916972313,0.9894214414305247,1.0105785107714094,-1.8711329972040422,0.49675165213087646,4.000000000000002,5.313915872285615,0.9961426525363317,-3.656957936142807,-0.3091997174292426,0.4999999999999998,0.24710698940224812,4.4,0.2,casci,vtz,4,0.01
-41.02936360622173,29,0.9637228166243736,1.0362771357321092,1.0362771836604228,0.9637228639830966,-3.267115100718394,0.0016202672380992433,4.000000000000002,5.107794543392302,0.9778678108310026,-3.4878764148030688,0.42271661634662305,0.46698957155345916,0.2664112865697916,4.4,0.2,casci,vtz,4,0.01
-39.65826772279599,30,0.9998230624477882,1.000176937209094,1.0001769319622218,0.9998230683808952,-1.8524698034504166,0.03780927010529253,3.999999999999999,0.954951811144837,1.8159749742385722,-0.3480714805256056,-0.7482433403239035,-0.06470221252340644,0.4266834432023359,4.4,0.2,casci,vtz,4,0.01
-39.1231688056573,31,0.9936163546817495,1.0063836410584042,1.0063836479245092,0.9936163563353362,-3.200310057367684,-0.0001151874951758336,3.999999999999999,1.6604952753933344,1.6388777739667955,-0.6814046379255914,-0.2552276552496944,-0.07442149988553792,0.303579830360635,4.4,0.2,casci,vtz,4,0.01
-33.44186848091629,32,1.6551361882316125,0.34486381158960644,0.3448638093506412,1.6551361908281421,-0.8153791435261977,0.19164060964965024,4.000000000000002,5.90861720414529,1.955730653505765,-3.8689877923191376,0.022141694719616745,0.4573395951232465,0.009458395006076422,4.4,0.2,casci,vtz,4,0.01
-33.30384013902458,33,0.3483753842229947,1.6516246151629592,1.651624616842705,0.34837538377134214,-1.0009197517183837,0.18900759160193384,4.000000000000001,5.845733007506485,1.9425375328657293,-3.8058720184872614,0.3427504914622984,0.4415027573670093,0.015400392282288143,4.4,0.2,casci,vtz,4,0.01
-32.26480226615033,34,0.9994588150995136,1.0005413629304183,1.0005411842320497,0.9994586377380195,-0.5919900046167315,0.22300597859678623,4.000000000000001,5.95344075476739,1.974146606964597,-3.9308623775345177,-0.022299907130206416,0.47707100007541137,0.0035389551480359328,4.4,0.2,casci,vtz,4,0.01
-32.23262220376245,35,0.9979570455323187,1.0020427777247543,1.002042955295519,0.9979572214474077,-0.6879796432992593,0.21653110984759383,4.0,5.928215029459901,1.9701313931756177,-3.907166778875747,0.2589092481768761,0.4715296320728982,0.00606891280881613,4.4,0.2,casci,vtz,4,0.01
-55.77746819037256,0,0.9996443205600616,1.0003556795074071,1.000355680148044,0.9996443197844851,2.4912931122253474,-0.02535960612365587,3.999999999999998,4.7125916788783,0.18147050679741747,0.23276213710872173,0.17819471284544108,-1.2945289882739357,0.4306318683719995,4.4,0.4,casci,vtz,4,0.01
-55.37301695012774,1,1.0013508552749957,0.9986491461603619,0.9986491452484716,1.0013508533161688,2.012065379123179,-0.0060424231693032154,3.9999999999999982,4.0750033655218285,0.1373448562982028,-0.5311501533643246,0.12704191687463257,-0.7531757646982948,0.856184406921946,4.4,0.4,casci,vtz,4,0.01
-55.07945599179779,2,0.9980527187840448,1.001947279426083,1.0019472811338406,0.9980527206560325,1.1540934032305765,-0.236113936227157,4.000000000000001,5.8160436196651055,0.09483881443918135,-3.9080218098325363,0.08981340294493681,0.4999999999999918,-0.4288708891706071,4.4,0.4,casci,vtz,4,0.01
-54.78277756086361,3,1.0003002272826507,0.9996997722698377,0.9996997726023933,1.0003002278451167,1.0988160361774362,-0.3477709821034032,3.9999999999999982,5.672104035460941,0.0678275241321589,-3.016779611846343,0.062305800979630434,0.09036379705793629,-1.0394931539588161,4.4,0.4,casci,vtz,4,0.01
-54.64022686602247,4,0.9982701315530887,1.0017298681393898,1.0017298686542957,0.9982701316532224,0.744614411732839,-0.24467838506036121,3.9999999999999964,5.865421786232253,0.04146034439020907,-3.8443462356655673,0.03701523104234375,0.45581767127472045,-0.42472241298206337,4.4,0.4,casci,vtz,4,0.01
-54.400378118054725,5,0.9999999999999994,1.0,0.9999999999999991,1.0,2.6645352591003757e-15,-5.412337245047638e-16,3.9999999999999987,5.3333333333332895,-5.277502264530641e-17,-5.33333333333329,-1.387778780820945e-17,1.3333333333333228,0.6666666666666756,4.4,0.4,casci,vtz,4,0.01
-49.41460409275096,6,0.981825655261124,1.0181743365958806,1.0181743452651357,0.9818256628778617,3.7090334744269846,-0.0001045830220171972,4.000000000000002,3.99950237549879,1.1109921931202544,-1.5538191870103621,-0.66688516278849,-0.2229660003695165,0.05621014520970649,4.4,0.4,casci,vtz,4,0.01
-47.77075877532418,7,1.1047177148314684,0.8952822778160663,0.8952822595413482,1.1047177478111172,1.7461077536599552,-1.4165828408044296,4.0,4.477869482551171,1.0261541674856254,-1.8010687092347197,0.34607491548743335,-0.21893301602043275,-0.011451358365348052,4.4,0.4,casci,vtz,4,0.01
-47.676013872092085,8,0.9951103806024004,1.0048895420246693,1.0048896171323507,0.9951104602405767,1.7210352785786123,-0.037909618671879655,3.999999999999997,4.658051649175434,0.9935267848331191,-3.3290258245877142,-0.6606724375158943,0.4999999999999988,0.24514508862484044,4.4,0.4,casci,vtz,4,0.01
-47.34041289519187,9,0.7884318116355751,1.2115681968815601,1.2115681910448517,0.7884318004380129,1.4458610918846717,-0.5675783910808119,3.9999999999999996,4.521073878789536,0.9795350383852264,-3.2118060355559326,-0.40126195908604956,0.47563454808058236,0.2590167307083376,4.4,0.4,casci,vtz,4,0.01
-47.1697639237815,10,1.1721232011380307,0.827876855577284,0.8278768010297195,1.1721231422549674,1.2986814576814742,-0.12143928630416818,4.000000000000002,4.735525272403766,0.9401619910573132,-3.208078805953369,0.2490336362781544,0.4201580848757429,0.2849634084172421,4.4,0.4,casci,vtz,4,0.01
-47.087056702688564,11,0.8699762432400521,1.1300237911013524,1.130023820740781,0.8699761449178114,1.5464384778071896,-0.1840619256068079,3.999999999999997,3.5112894763878653,1.1132433178181762,-1.110046095815374,0.9314318270948962,-0.32279932118927923,0.157731809552912,4.4,0.4,casci,vtz,4,0.01
-46.85176063039204,12,1.0203656086903554,0.9796343464569084,0.9796343322880734,1.0203657125646597,1.6308769636416767,-0.7710981645323659,3.999999999999997,4.429303596346217,1.002695280843103,-1.649853548307811,0.6974990972811557,-0.28239912493264874,0.034420585564977874,4.4,0.4,casci,vtz,4,0.01
-46.39843100001557,13,1.0236937807945483,0.9763062359105811,0.976306249820543,1.0236937334743286,1.1087779723557931,1.4540586683113148,4.000000000000001,4.30323864773692,1.0354619618740388,-1.4568612508746153,-0.557419711638688,-0.3473790364969225,0.12397550790245149,4.4,0.4,casci,vtz,4,0.01
-46.3277686863061,14,1.0945200739283916,0.9054799284776205,0.905479908183324,1.0945200894106597,0.07979747516123958,-0.0975356362636555,3.9999999999999956,4.059073589025628,0.9972739348169979,-3.029536794512813,-0.939445583170228,0.49999999999999933,0.24795545111274941,4.4,0.4,casci,vtz,4,0.01
-45.84320533306276,15,1.0152780053119532,0.9847219852239808,0.9847219821202283,1.0152780273438382,0.31163866165972853,0.29257776026023113,4.0,4.1005911279015965,1.0300029929265708,-1.2699208845417964,-0.8687135549076673,-0.39018733970450103,0.16268958439942974,4.4,0.4,casci,vtz,4,0.01
-45.75529736758814,16,1.082679141721158,0.9173208601259738,0.9173208777444795,1.0826791204083843,-0.10820731351898638,0.05348694013505556,3.9999999999999956,4.051194087090096,0.9581024426783328,-2.908001099569249,0.9178323203992501,0.44120202801210057,0.277374803996649,4.4,0.4,casci,vtz,4,0.01
-45.39857357126074,17,0.9092697461856251,1.0907302523295053,1.0907302483443373,0.9092697531405299,-0.053671349238120614,0.026067345706604392,3.9999999999999973,4.152342371264794,0.9954595943092848,-3.076171185632397,-0.8532415417516708,0.4999999999999998,0.24659469573196446,4.4,0.4,casci,vtz,4,0.01
-45.368870045503556,18,0.9887935568757369,1.0112064378111953,1.0112064509908092,0.9887935543222547,0.1692854135047941,0.12101984066737867,3.999999999999996,4.105016259207796,1.0203461073182947,-1.2246383071864066,-0.9048434070845445,-0.41393491120874537,0.17919449169746773,4.4,0.4,casci,vtz,4,0.01
-45.1796412315307,19,1.0174847691701259,0.9825152282711399,0.9825152304289702,1.017484772129761,-0.9495899296460393,-0.14350106527881118,3.9999999999999973,4.276000792343148,0.9260912803581316,-3.138000396171573,0.7104433684888332,0.4999999999999991,0.19456846026859928,4.4,0.4,casci,vtz,4,0.01
-44.75453857548421,20,0.9643007160466605,1.0356993111129558,1.035699289096062,0.9643006837443219,-0.5426490417646614,0.7916889439903612,4.0,4.079951838355232,0.9666025403919609,-3.024813585891791,0.8484128817360056,0.4924188333570876,0.2325330719368825,4.4,0.4,casci,vtz,4,0.01
-44.290727442693324,21,0.9739414370795633,1.0260585802496744,1.0260585567137421,0.9739414259570169,-1.0974266329483968,-0.12476583684931597,3.9999999999999964,4.754164568293671,0.943202602871987,-1.8454698466349524,0.5574356546851083,-0.2658062187559414,-0.02679182909006711,4.4,0.4,casci,vtz,4,0.01
-43.52570319970642,22,0.9693705093200056,1.0306294937117273,1.0306294875889108,0.9693705093793558,-0.051981320066734754,-0.01672124382331691,3.999999999999999,5.782859767443062,0.9968046255476521,-3.8914298837215293,-0.008232418523092217,0.49999999999999906,0.24760346916073933,4.4,0.4,casci,vtz,4,0.01
-43.346333621977976,23,1.022805870944429,0.9771941822915227,0.9771941315007351,1.022805815263311,-0.43284451813377584,0.15441009709378334,3.999999999999998,5.359530717330468,0.9777049733664245,-2.9338000963461237,0.25813488172247356,0.12701736884044526,-0.3937386388156261,4.4,0.4,casci,vtz,4,0.01
-42.744917883461724,24,1.0349740380997832,0.9650259440071618,0.9650259624435213,1.0349740554495332,-1.6254530902322992,0.09204707349064661,3.9999999999999996,5.576703031224057,0.9984796509883453,-3.788258499703837,-0.2071526491593172,0.49995349204590434,0.24890624619535467,4.4,0.4,casci,vtz,4,0.01
-42.550786576472476,25,1.0427246151999685,0.9572753405913006,0.9572753864430081,1.0427246577657225,-1.6213865395388622,0.14957803195769337,3.9999999999999996,5.410122301293682,1.0058083855365891,-3.1152861769553724,0.20702475259959507,0.2051125131542659,-0.4507562240018236,4.4,0.4,casci,vtz,4,0.01
-42.14124060273627,26,0.9632146726568547,1.0367853708611734,1.036785323571224,0.9632146329107456,-0.42209526726655316,-0.008423103311605867,3.9999999999999973,4.241853965669545,1.2324230568188095,-2.5225625330849413,-0.17776975340910062,0.20081777512508428,-0.27650048251097537,4.4,0.4,casci,vtz,4,0.01
-41.569623598745544,27,1.0023972006691828,0.9976027572196302,0.9976028037401734,1.0023972383710067,-1.9257940222692689,-0.17333898936528305,3.9999999999999933,5.126731988799336,1.028149985771015,-2.8118009427982438,0.37351336348279307,0.12421747419928783,-0.35310498487102404,4.4,0.4,casci,vtz,4,0.01
-41.472417443456145,28,1.0161917711687392,0.9838082772661804,0.9838082256813374,1.0161917258837376,-1.8996835580195102,0.5057141545582177,3.9999999999999947,5.2556282110827786,0.9960049656956254,-3.6278141055413897,-0.33866479047287473,0.5,0.24700372427172002,4.4,0.4,casci,vtz,4,0.01
-40.73177555437095,29,0.9578701353713606,1.0421298164883894,1.0421298662455165,0.9578701818947293,-3.224912894906195,0.00251552799858229,3.999999999999996,5.095126740383213,0.9783131358104042,-3.4835455842959306,0.4290786219149857,0.46799110705216207,0.265743744805642,4.4,0.4,casci,vtz,4,0.01
-39.53069502666874,30,0.9993534354088567,1.0006465650851761,1.0006465483318356,0.9993534511741305,-1.741390773763289,0.04940011666625557,3.999999999999999,1.1827288017602657,1.7954535716255422,-0.4784338218475799,-0.8743546701062321,-0.05646528951627648,0.40305546823543337,4.4,0.4,casci,vtz,4,0.01
-38.94218801189702,31,0.9887678951873752,1.0112321007594716,1.0112321170763927,0.9887678869767591,-3.2402542176307323,-0.00024706688452749703,3.9999999999999982,1.7546640684166583,1.6203809996475695,-0.7239172998245931,-0.26718327752399396,-0.07670736719186808,0.2919931169275468,4.4,0.4,casci,vtz,4,0.01
-33.88357165930901,32,1.614867107139605,0.38513289273133516,0.38513289068180356,1.6148671094472546,-0.9438308593664562,0.18312312820286097,3.9999999999999982,5.873850203019686,1.9410882065490545,-3.821449436691174,0.02497717043385078,0.44226216759066556,0.01355398732112707,4.4,0.4,casci,vtz,4,0.01
-33.641308356644366,33,0.3899206521291786,1.6100793476113324,1.6100793489960044,0.3899206512634816,-1.2509379127366427,0.22262761321982757,3.9999999999999973,5.747707729075532,1.9150679787502187,-3.696992704955084,0.49693491358497455,0.411569420208659,0.024731563854006933,4.4,0.4,casci,vtz,4,0.01
-31.58147765951539,34,0.9990301031387743,1.000970249179899,1.0009698947653236,0.9990297529159992,-0.5370984887970212,0.21669728486523174,3.999999999999996,5.958946305665648,1.9773509837888026,-3.9400020630886776,-0.019128694166943558,0.4802644551279267,0.002748782713676204,4.4,0.4,casci,vtz,4,0.01
-31.562381956175855,35,0.9983818975982679,1.0016177507262467,1.001618104662358,0.9983822470131241,-0.5992086330078513,0.20826055735882332,3.9999999999999964,5.94485933737252,1.975175202958324,-3.926726286731208,0.20277114142831304,0.4771483090224741,0.004233093196270217,4.4,0.4,casci,vtz,4,0.01
-56.00213587188941,0,0.9995820000337634,1.0004179999943017,1.0004180005258636,0.9995819994460762,2.6671461294873446,-0.027310049791833907,4.000000000000005,4.707349912062091,0.2278647513346187,0.005688551888976767,0.2236911026485348,-1.1796817539600113,0.35058031746097396,4.4,0.6,casci,vtz,4,0.01
-55.37620690440585,1,1.0011506353235862,0.9988493660120603,0.9988493650461941,1.001150633618162,2.0977656612712225,-0.005333404872707712,4.000000000000003,4.0693135095776345,0.1560558421900673,-0.5732887289513888,0.14488575021603434,-0.730684012918714,0.8477258945612651,4.4,0.6,casci,vtz,4,0.01
-55.107674838049185,2,0.9971205823238898,1.0028794160301153,1.0028794176961866,0.9971205839498082,1.273910616013002,-0.24944935265898813,4.0,5.769964065945525,0.11819315386940718,-3.8849820329727542,0.11218867434978202,0.4999999999999956,-0.4113551345979396,4.4,0.6,casci,vtz,4,0.01
-54.57074900943948,3,1.001092323169698,0.9989076764761569,0.998907676696694,1.0010923236574556,1.0580158058110785,-0.3604836887203622,4.000000000000004,5.631306657649894,0.06452006829147486,-2.8283961955773385,0.05800526123222176,0.006371433376195834,-0.9579813821575915,4.4,0.6,casci,vtz,4,0.01
-54.42802648791961,4,0.9986736495686327,1.0013263502145733,1.0013263505077248,0.9986736497090741,0.6803854342295473,-0.2570769287080765,4.000000000000005,5.877472306574017,0.038833464179304424,-3.8595322787033277,0.03408528863489292,0.4603980627081596,-0.4312729645736819,4.4,0.6,casci,vtz,4,0.01
-54.21233058005282,5,1.0000000000000016,1.0000000000000024,1.0000000000000018,1.0000000000000016,9.43689570931383e-16,8.604228440844963e-16,4.000000000000007,5.333333333333416,1.0680323337312205e-17,-5.333333333333415,4.3368086899608715e-17,1.3333333333333535,0.6666666666666522,4.4,0.6,casci,vtz,4,0.01
-49.54593403205826,6,0.9801344425885495,1.01986555212182,1.0198655578199571,0.9801344474696766,3.7311993716709386,-3.2581504987271026e-05,4.0000000000000036,3.95084084965652,1.120667218342399,-1.5290388673675492,-0.6622210195278253,-0.22319077873035528,0.06369119248715246,4.4,0.6,casci,vtz,4,0.01
-47.95387302661562,7,1.1018477547119416,0.8981522371556335,0.8981522299743614,1.1018477781580656,1.7226034264571775,-1.5479693650281194,4.000000000000002,4.518942550668109,1.0243325873194444,-1.8220327560099978,0.2326532013264957,-0.21871925966202826,-0.013031299848389272,4.4,0.6,casci,vtz,4,0.01
-47.85326227397724,8,1.008302651133214,0.9916973015249425,0.9916973450174272,1.0083027023244213,1.704372793232644,0.06628828395235782,4.000000000000005,4.693089362269172,0.9941601310095444,-3.346544681134588,-0.6505701322168191,0.500000000000001,0.2456200982571574,4.4,0.6,casci,vtz,4,0.01
-47.36778320582992,9,0.829694455372703,1.1703055730756151,1.1703055507518947,0.8296944207997912,1.3956458453725533,-0.2644951077563953,4.0000000000000036,4.717044819126627,0.959586648956607,-3.237283371919539,0.1486930571289299,0.43938048117811257,0.28030950553934253,4.4,0.6,casci,vtz,4,0.01
-47.19296885557941,10,1.1195266221542721,0.8804733875264819,0.8804733780632662,1.1195266122559815,1.2556647254195603,-0.48494925145059453,4.000000000000002,4.49940930207773,0.9713044884651343,-3.20213692760016,-0.2982432136082459,0.47621613828064735,0.25226222806820353,4.4,0.6,casci,vtz,4,0.01
-47.00060529852396,11,0.8262689047001863,1.1737311064468516,1.1737311383661215,0.8262688504868472,1.5077599837697417,-0.07642893005503894,4.000000000000007,3.4779262286955794,1.1095875827014794,-1.072388758954103,0.8544544937350289,-0.3332871776968434,0.1654778647229507,4.4,0.6,casci,vtz,4,0.01
-46.67410936315549,12,1.0363700198926589,0.9636299776035926,0.9636298483247605,1.0363701541789951,1.554769931910228,-0.6746739142624776,4.000000000000007,4.373103791870319,1.0034981466011126,-1.5721826519182838,0.7363202573333619,-0.3071846220084379,0.0598082319592691,4.4,0.6,casci,vtz,4,0.01
-46.56692684541983,13,1.0711521083172775,0.9288478903026395,0.9288480029969077,1.0711519983831805,1.2602723771615008,1.5059906040532016,4.000000000000005,4.3653720538103595,1.0428462879497367,-1.5699138931183776,-0.3878071793909603,-0.3063860668934008,0.08852078285570264,4.4,0.6,casci,vtz,4,0.01
-46.29327238976328,14,1.0943763806124345,0.9056236213922199,0.9056236078674436,1.0943763901279013,0.13387298068891548,-0.112703704370229,3.999999999999999,4.0834836766844465,0.9959348780763093,-3.0417418383422232,-0.9252373073897076,0.5000000000000002,0.2469511585572314,4.4,0.6,casci,vtz,4,0.01
-45.961500933126125,15,1.0310209485420119,0.9689790500747011,0.9689790436731991,1.0310209577100897,0.11567744665108426,0.15940726292401192,4.000000000000002,4.058581711437636,1.0549977381862046,-1.3576838834719163,-0.8005768393871215,-0.3358034861234511,0.12705178976310463,4.4,0.6,casci,vtz,4,0.01
-45.47905693500253,16,1.1175429539415906,0.8824570417155986,0.8824570587328151,1.1175429456099994,-0.2232265020180471,0.12573308554478144,4.0000000000000036,4.068420431649154,0.9323555630006017,-2.844424751403082,0.8658793784451991,0.4051072677892522,0.2941594044611995,4.4,0.6,casci,vtz,4,0.01
-45.25647340226134,17,0.8672615604841245,1.132738447204944,1.1327384308521962,0.8672615614587428,-0.18902354607027938,0.028735076087287273,4.000000000000007,4.316339549066667,0.9815168075895775,-3.1581697745333357,-0.602725495543037,0.5000000000000011,0.23613760569218167,4.4,0.6,casci,vtz,4,0.01
-45.24411462119759,18,0.9509519022602576,1.0490480806348916,1.0490481052053826,0.9509519118994734,0.2601882566235749,0.09003990860325929,4.000000000000005,4.197257299715584,1.0137684195622843,-1.3192630120227689,-0.887345105598979,-0.38968281891751155,0.15000913358922324,4.4,0.6,casci,vtz,4,0.01
-44.97261129427809,19,1.0426351113478023,0.9573648776324339,0.9573648960649983,1.042635114954766,-0.9138365485058333,-0.21573029796351068,4.0,4.2619989640785665,0.9206775246094439,-3.1309994820392832,0.44748273098646685,0.5,0.19050814345708186,4.4,0.6,casci,vtz,4,0.01
-44.43800701073393,20,0.9395192397847496,1.0604807855962537,1.0604807608451545,0.9395192137738453,-0.5569968923749236,0.9392377569542742,4.0000000000000036,4.050103243325939,0.9638573694192529,-2.985804329673537,0.8234207589724977,0.4803763540052837,0.24251667305915522,4.4,0.6,casci,vtz,4,0.01
-44.227100936230485,21,0.9611062541498443,1.038893765909103,1.038893738239493,0.9611062417015631,-1.0322757686227513,-0.1897666225476119,4.0000000000000036,4.8445993947483394,0.9521356586021108,-2.0009881918993333,0.5126975177602315,-0.21065575273741854,-0.07524250331100002,4.4,0.6,casci,vtz,4,0.01
-43.21520763037495,22,0.9733693269641596,1.0266306985580038,1.0266306678226098,0.9733693066552309,-0.08860586893827152,-0.02651123038971734,4.0000000000000036,5.668467910602088,0.993672599068417,-3.834233955301046,-0.01672973045945047,0.5000000000000011,0.2452544493013113,4.4,0.6,casci,vtz,4,0.01
-43.005982791166815,23,1.0315820459836413,0.9684180197156114,0.9684179541667728,1.0315819801339765,-0.4790074698711301,0.2062179665613498,4.000000000000002,5.253925402873785,0.9785279230680046,-2.772167362414918,0.3015317682592883,0.07260233048901299,-0.3387063881880111,4.4,0.6,casci,vtz,4,0.01
-42.70312749598234,24,1.0335917161728756,0.9664082480717731,0.9664082864950845,1.0335917492602729,-1.4795079547994425,-0.05548387079586542,4.000000000000006,5.639693049200119,0.9990421576452724,-3.819665293509196,-0.1570520288442818,0.49990938445456845,0.24937223377938614,4.4,0.6,casci,vtz,4,0.01
-42.45047776430712,25,1.017012207550931,0.9829877321111409,0.9829877954197029,1.0170122649182318,-1.511922462900356,0.21535336590175266,4.000000000000007,5.408074149352721,1.0085449034249514,-3.1234786975586903,0.15728273635435358,0.2097208114411648,-0.45331213387245356,4.4,0.6,casci,vtz,4,0.01
-41.62109063934697,26,1.0016026473427617,0.9983973892224793,0.9983973462573947,1.001602617177368,-0.34509366265018804,-0.003751556598833694,4.0000000000000036,4.151532871856979,1.227979385463147,-2.3632903691551417,-0.24117374705928404,0.1437619666133262,-0.22277742751596727,4.4,0.6,casci,vtz,4,0.01
-41.068336068770705,27,1.0039225119654538,0.9960774538198844,0.9960774962228452,1.0039225379918206,-1.9469189258236965,-0.2095996255553059,4.0000000000000036,4.907279989671743,1.0652034613768473,-2.6633948212951797,0.36910849198727846,0.10487741322965416,-0.3059748171970209,4.4,0.6,casci,vtz,4,0.01
-40.87177484021423,28,1.016934385902207,0.9830656617352057,0.9830656106012813,1.016934341761306,-1.9206904264201627,0.5093712253428085,4.0,5.206656471353574,0.9958449057773118,-3.6033282356767886,-0.36440873972724086,0.5000000000000006,0.24688367933298322,4.4,0.6,casci,vtz,4,0.01
-40.27446500442713,29,0.9603007289137674,1.039699223709797,1.0396992736357333,0.9603007737407057,-3.169730317100468,0.0023677210845879093,4.0000000000000036,5.0785433384688545,0.9789644661437716,-3.4778643182398294,0.4383310090549704,0.4692963245027012,0.26492702510512733,4.4,0.6,casci,vtz,4,0.01
-39.340840728667274,30,0.9983022346138122,1.0016977664062778,1.001697747933572,0.9983022510463458,-1.5620623903720734,0.06732858649886672,4.000000000000008,1.5891359713197903,1.761746898342865,-0.721254427281025,-1.0377313066368616,-0.03665677918943512,0.35796695294658054,4.4,0.6,casci,vtz,4,0.01
-38.64458193412717,31,0.9842888899379376,1.015711106139654,1.015711123059102,0.9842888808633126,-3.3073426889141064,-0.0005803924088378931,4.000000000000006,1.8987590929656846,1.5916717436025016,-0.7901177679297215,-0.2848971428119599,-0.07963088927656028,0.2733846969784348,4.4,0.6,casci,vtz,4,0.01
-34.188914321292735,32,1.5034068868809383,0.49659311299454223,0.4965931113179166,1.5034068888066103,-1.0730025286690648,0.19347022352035842,4.000000000000007,5.833893603097806,1.922171916167546,-3.764458432883777,0.0021037544343200897,0.42375581566743703,0.017873121458219683,4.4,0.6,casci,vtz,4,0.01
-33.796664344096094,33,0.5035648323996196,1.4964351674139427,1.4964351686170834,0.503564831569356,-1.5838519652842589,0.23021864247776402,4.000000000000002,5.5835451348573635,1.8733963610156166,-3.5202748412946825,0.6981600858468142,0.3642511369330003,0.040796133828710925,4.4,0.6,casci,vtz,4,0.01
-30.842298903762842,34,0.9986191731238356,1.001381470028405,1.0013808223038505,0.9986185345439138,-0.4974761923911788,0.21423790734613946,4.000000000000004,5.961850233144619,1.9788724448174206,-3.944944750575958,-0.017389139302555555,0.48200981700182416,0.002144516611239493,4.4,0.6,casci,vtz,4,0.01
-30.83029390387684,35,0.998171911834888,1.0018274454284097,1.0018280928790364,0.9981725498576688,-0.5386786740438531,0.2083322585867155,4.000000000000003,5.953389767211859,1.9776665038302812,-3.937085537826899,0.1731328087976169,0.48019532711048496,0.0030545507622252144,4.4,0.6,casci,vtz,4,0.01
-54.68237680707058,0,0.9999999906725525,1.0000000377146732,1.0000000093398504,0.9999999622731446,1.9266786823148476,-3.116645830303355e-11,4.00000000000022,4.612499628535173,0.0830828921060292,1.1391678624395865,0.08216672468388757,-1.7227088383535865,0.785021007435747,4.8,0.0,casci,vtz,4,0.01
-54.56496567991592,1,1.0000000387769483,0.9999999612243402,0.9999999612597161,1.000000038738993,1.4845661956684864,-8.606323986803943e-12,3.9999999999999973,4.007490675951569,0.06917284207515861,-0.21126386429265498,0.06542750412982024,-0.8962407368415648,0.9481203683979333,4.8,0.0,casci,vtz,4,0.01
-54.380719577673396,2,1.0000000203310049,0.9999999815533663,0.9999999796968624,1.0000000184188118,0.810656725604793,-0.24697252665778305,4.000000000000046,5.917647890134017,0.04258163623381045,-3.881461252606844,0.040577986021566745,0.46131865376991793,-1.429382426572373,4.8,0.0,casci,vtz,4,0.01
-54.35906156718205,3,1.0001372035874092,0.9998628053546765,1.0001372206317836,0.9998627705912433,0.7183921705860288,-0.14205261753731568,4.000000000165112,5.933205226406968,0.03455327694846874,-3.9666026131458834,0.03313038464040084,0.4999999999711997,-0.47408504228455295,4.8,0.0,casci,vtz,4,0.01
-54.35905979507782,4,0.9998627982517159,1.000137200879649,0.9998627870824187,1.0001372136209437,0.718395283411069,-0.14205064887043845,3.9999999998347273,5.933204618112139,0.03455354233533266,-3.9666023090146445,0.03313067336543661,0.4999999999792877,-0.4740848432278147,4.8,0.0,casci,vtz,4,0.01
-54.16518880335175,5,0.9999999999999998,0.9999999999999981,0.9999999999999991,0.999999999999998,1.6153745008296028e-14,1.7069679003611782e-15,3.9999999999999947,5.333333333333353,1.0785669816976987e-15,-5.333333333333333,7.616968855388155e-16,1.3333333333333284,0.6666666666666482,4.8,0.0,casci,vtz,4,0.01
-47.64287249210701,6,1.000005438985614,0.9999945608861665,0.9999945592486106,1.000005440879606,3.5166588458074806,-9.593834233989629e-11,3.999999999999997,4.1542018994684575,1.0723532295098903,-1.593068996750759,-0.7058393616688332,-0.24201597649173504,0.04628089862415402,4.8,0.0,casci,vtz,4,0.01
-46.30252274399952,7,1.0246493388717322,0.9753584412910736,1.0245285961937598,0.9754636248615476,1.603968996797457,-0.5183421317147323,4.000000001218114,4.475252197513611,0.9962265886470079,-3.2376260982188185,-0.6926177188119913,0.49999999973100634,0.2471699417486175,4.8,0.0,casci,vtz,4,0.01
-46.30252065414774,8,0.9754087572492663,1.0245837910069295,0.9754123734603606,1.0245950770656633,1.6039830877943024,-0.5183045864982672,3.99999999878222,4.475254949146837,0.9962268425546694,-3.2376274742556657,-0.6926256680603603,0.49999999984112353,0.2471701320693861,4.8,0.0,casci,vtz,4,0.01
-46.1873489930071,9,1.0049642748927154,0.995035636198858,1.0049421359370212,0.9950579531852581,1.630721856273632,-1.16679353109369,4.000000000213852,4.468892225055751,1.0027860261814783,-1.703338338677176,0.5499308719775482,-0.2655538869253497,0.01764340650983129,4.8,0.0,casci,vtz,4,0.01
-46.18732345293046,10,0.9950409369012394,1.0049553967711062,0.9950526212615394,1.004951044853227,1.6307274843094135,-1.1667520566057739,3.9999999997871125,4.468891966525966,1.0027858083074985,-1.703337950150005,0.5499492231571605,-0.26555401655648886,0.017643372853060196,4.8,0.0,casci,vtz,4,0.01
-46.15946647565495,11,0.9999472512086636,1.0000527513487942,1.000052747073763,0.9999472503687754,1.6374746352063299,-3.119910899074263e-09,3.9999999999999964,4.784708324636371,0.9439985396302376,-3.224349781274706,0.5516443700369311,0.41599780947826015,0.29200109524441664,4.8,0.0,casci,vtz,4,0.01
-46.10137336271245,12,0.9999907617124478,1.0000125931781056,1.0000092403055185,0.9999874048036943,1.5269576000907605,-0.05020891376208478,3.9999999999997664,3.5968411264860514,1.10125465156001,-1.025248097950925,1.0472790882545833,-0.3865862326460503,0.21252722132255747,4.8,0.0,casci,vtz,4,0.01
-45.57803578927156,13,0.999994111172686,0.9999975733377977,1.0000058661304205,1.000002449361493,2.0652642096496976e-10,-6.93255730599418e-11,4.000000000002397,4.000000000432219,0.9999999999989204,-3.0000000002034617,-0.999999999691908,0.4999999999936763,0.24999999999748845,4.8,0.0,casci,vtz,4,0.01
-45.372318460870815,14,0.999995055091922,1.000004944933614,1.0000049674244114,0.9999950325500497,9.614618823317045e-11,1.502599017433326e-10,3.999999999999997,4.000000000050302,0.9999999999916394,-3.0000000000047113,0.9999999998697775,0.49999999998978006,0.2500000000039506,4.8,0.0,casci,vtz,4,0.01
-45.286906403582826,15,1.0004574733127205,0.9995426124250051,1.0004522881461049,0.9995476261179981,0.6752306280620046,1.039691354758181,4.000000000001829,4.134328853989678,1.014284177522247,-1.2014932809888708,-0.808746125503576,-0.43283557300298403,0.1935487061467801,4.8,0.0,casci,vtz,4,0.01
-45.28688811837509,16,0.9995459412714306,1.0004540643799884,0.9995443616600708,1.0004556326866483,0.6752435288421148,1.0397533314039638,3.999999999998138,4.1343264819391905,1.0142842451703635,-1.2014897229109205,-0.8087293805013953,-0.4328367590293375,0.19354994290780453,4.8,0.0,casci,vtz,4,0.01
-44.95681950448595,17,1.000019212700231,1.0000105434681497,0.9999807884878712,0.9999894553517426,-3.1492608520977683e-10,1.8102055965307784e-10,4.0000000000079945,4.004800502864648,0.9999999999867755,-3.0024002514305845,-0.9975997475914677,0.49999999999913036,0.24999999998889433,4.8,0.0,casci,vtz,4,0.01
-44.78757131607238,18,0.9911085766952552,1.0088910005616625,0.9911184768164736,1.0088819468462353,-0.5740648332115459,0.3809357005987737,4.000000000919627,4.11424764993154,0.9706304684505282,-3.0571238251956423,0.9097940179209949,0.5000000001149361,0.22797285122294236,4.8,0.0,casci,vtz,4,0.01
-44.78756404067736,19,1.0088776492970204,0.9911018979084553,1.0088963554537882,0.9911240964111059,-0.574050040533669,0.38100698812876327,3.99999999907037,4.1142437551747015,0.9706308670273676,-3.057121877337978,0.9097868726107079,0.49999999987531335,0.227973150386436,4.8,0.0,casci,vtz,4,0.01
-44.747233020404614,20,0.9999955231463726,1.0000044770058933,1.0000044688768277,0.9999955309709065,1.0915418569013013e-10,2.77830744521701e-10,4.0,4.000000000002572,1.0000000000066498,-1.000000000024662,-0.9999999999062046,-0.4999999999883119,0.24999999999329994,4.8,0.0,casci,vtz,4,0.01
-44.05040931285853,21,0.9999994096909736,1.000000871476764,1.0000005982952067,0.9999991205366549,-1.344204054218769,-1.1874684568979887e-10,3.999999999999599,4.095089242947039,0.9379332774150275,-0.8686055080851198,0.8976497072623485,-0.5894695566941999,0.29291951476137457,4.8,0.0,casci,vtz,4,0.01
-43.34484006766067,22,0.9999997693439704,0.9999984712219708,1.0000002304143019,1.0000015290193878,-3.083450161867063e-12,-1.4095113964884831e-12,3.9999999999996305,5.995199496828937,0.9999999999997375,-3.9975997484137094,-0.002400251578014308,0.4999999999996203,0.24999999999959854,4.8,0.0,casci,vtz,4,0.01
-43.325220037311915,23,1.0000009517218564,0.9999990259004933,0.9999990484592541,1.000000973918392,-0.005616109898101657,0.03579301298594635,3.999999999999996,5.997450771499871,0.9996949310122873,-3.99762344643842,-0.0037984704531721803,0.49944903034424243,-0.749677832085023,4.8,0.0,casci,vtz,4,0.01
-42.309530798119695,24,1.0004859633912504,0.9995150076291421,1.000498970514157,0.9995000585230902,-1.7483109933777585,0.2793881054067523,4.000000000057639,5.477298859127469,0.9985892688436394,-3.738649429574225,-0.2502996131459571,0.5000000000052454,0.24894195162605337,4.8,0.0,casci,vtz,4,0.01
-42.309516980530525,25,0.9995066472699854,1.0004932306162089,0.9995082737343777,1.0004918483217022,-1.7483136708122755,0.27941919333272464,3.9999999999422746,5.477292746187569,0.9985891449547293,-3.7386463730741286,-0.25029894334659053,0.4999999999901723,0.2489418587169412,4.8,0.0,casci,vtz,4,0.01
-42.27105858222405,26,1.0013404205022784,0.9986497761487666,1.0017587200685294,0.9982510834241747,-1.77862525761941,-0.014841025272606279,4.00000000014375,5.432218932787687,1.0018406521233074,-3.148328434680945,0.2763261317147534,0.2161094841435504,-0.46472899507738735,4.8,0.0,casci,vtz,4,0.01
-42.271056248712405,27,0.998454051752111,1.0015558288584294,0.9984467924455094,1.0015433268000478,-1.7786305407021525,-0.01485895041060542,3.9999999998560973,5.432221336122661,1.0018404541689852,-3.148332004385561,0.27632791358033826,0.216110668162115,-0.46473032749801946,4.8,0.0,casci,vtz,4,0.01
-42.24291764510221,28,1.0002043548779866,0.9997956433324762,0.999795644820801,1.0002043569687378,-1.0246861614235998,-6.218826287263113e-10,4.000000000000002,4.948522855677118,1.1308166444031995,-3.0768675049808767,-0.13328860687687372,0.3013030385711589,-0.4531905552687584,4.8,0.0,casci,vtz,4,0.01
-41.419499633033986,29,1.0000076181695403,0.9999923818823686,0.9999923826640432,1.0000076172840404,-3.1220408314837256,2.370270646423478e-11,3.9999999999999925,5.2078009976290875,0.9868286185577501,-3.5643863544887227,0.38292811968803686,0.48024292783708955,0.25987853608122335,4.8,0.0,casci,vtz,4,0.01
-39.11839949777442,30,0.9999999952037889,0.9999999631710882,0.9999999101020367,1.0000001315230742,-1.7041009607849664,0.010379146457938165,3.999999999999988,0.55666775609497,1.8794196074455995,-0.175811635201914,-0.48115643308234246,-0.05126112142278548,0.460825827007013,4.8,0.0,casci,vtz,4,0.01
-38.917403311282435,31,1.0000005218741899,0.9999994781277541,0.9999995732077567,1.0000004267902938,-2.491972726708898,-2.8302360455256803e-13,3.9999999999999947,0.8972752699382898,1.7968301190468616,-0.3300635001392531,-0.16087200789013623,-0.059287067414945854,0.4069096567000946,4.8,0.0,casci,vtz,4,0.01
-32.38894876371317,32,1.0003457999465217,0.9997313700529888,0.9996542000068813,1.0002686299943533,-0.5824746235120166,8.31802141054716e-09,4.000000000000745,5.959077798370253,1.9789838306582985,-3.9372290264032985,0.02018356580381346,0.47884506360908574,0.005392809384453035,4.8,0.0,casci,vtz,4,0.01
-32.380426961987595,33,1.0000244131559968,0.9998711491507322,1.000128429130448,0.999976009183374,-0.5273328164619319,0.14190171139937058,4.000000000620551,5.9645602248317955,1.9810893692382567,-3.9468403364804114,-0.017529254279923016,0.48228011203225696,0.0035369147414771535,4.8,0.0,casci,vtz,4,0.01
-32.38042081809217,34,0.9996337591302739,1.0003463888912854,1.000213386004305,0.9998064653540761,-0.5273348436892331,0.1418991616494669,3.9999999993799404,5.964559951328473,1.9810892744345905,-3.9468399277101502,-0.01752940049291778,0.4822799760229569,0.003536979958002541,4.8,0.0,casci,vtz,4,0.01
-32.32539557295548,35,0.9999959476672557,1.000051125435656,1.0000040523219298,0.9999488745733249,-0.6278972564241517,0.25100927741796253,3.999999999998167,5.931392454937283,1.9770491734535618,-3.919855564614406,0.3970978281636369,0.4770796685728822,0.005707211517755095,4.8,0.0,casci,vtz,4,0.01
-54.66692249160862,0,0.9999272753506827,1.0000727246493868,1.0000727246489305,0.9999272753509983,1.9579899799695735,-0.00873506726740915,3.9999999999999982,4.692561081414025,0.0938662759993408,0.7625169720932133,0.09283593215892962,-1.5543987564001132,0.6247984633996195,4.8,0.2,casci,vtz,4,0.01
-54.51693004890083,1,1.0005042534965831,0.9994957465035235,0.9994957465031875,1.000504253496704,1.5076498080414398,-0.0032092910484809722,3.9999999999999982,4.053812987487026,0.07372297207113589,-0.31729386440712515,0.06988749647467218,-0.8548063146681943,0.9100985437215454,4.8,0.2,casci,vtz,4,0.01
-54.349029971198654,2,0.9995940181702627,1.0004059818297584,1.0004059818295294,0.999594018170448,0.8230926276180887,-0.1394803831478109,3.9999999999999987,5.911269303423866,0.045450293284975025,-3.9556346517119327,0.04394820817315744,0.4999999999999997,-0.46591228003626817,4.8,0.2,casci,vtz,4,0.01
-54.28455742170679,3,0.9999349762493637,1.0000650237507713,1.0000650237505009,0.9999349762493606,0.8220965025363849,-0.2427138991453065,3.9999999999999964,5.828979182762753,0.04002207666871442,-3.5118746870409687,0.03788887783626557,0.29869254782979643,-1.2686759903282598,4.8,0.2,casci,vtz,4,0.01
-54.22659203764462,4,0.9994089775621107,1.0005910224380292,1.000591022437784,0.9994089775620738,0.6350227180275174,-0.14786671346303715,3.999999999999998,5.900916990132327,0.027083097461152013,-3.878962409552153,0.02552442909104182,0.46425195724299495,-0.44393963414713133,4.8,0.2,casci,vtz,4,0.01
-54.0862450364314,5,0.9999999999999988,0.9999999999999992,0.9999999999999997,0.9999999999999997,1.1657341758564144e-15,1.0547118733938987e-15,3.9999999999999973,5.333333333333345,-7.44414068008227e-17,-5.333333333333345,1.0408340855889843e-16,1.3333333333333364,0.6666666666666613,4.8,0.2,casci,vtz,4,0.01
-47.655685917788674,6,0.9858304961509974,1.0141695038657583,1.0141695038242657,0.9858304961589763,3.522891389405989,-0.000951525034776031,3.9999999999999982,4.143224381456207,1.07438907381258,-1.5867202711192294,-0.7048049727322382,-0.24244595980443687,0.0482377651638734,4.8,0.2,casci,vtz,4,0.01
-46.36559673290359,7,1.0809387300113338,0.9190612699810037,0.9190612699400151,1.0809387300676456,1.6486249662732981,-1.3549149726971084,3.9999999999999982,4.465071046771108,1.0121978033739096,-1.7350278234846088,0.41932778474158783,-0.24875384995047262,0.007902202480905951,4.8,0.2,casci,vtz,4,0.01
-46.36223108127871,8,0.9849863237600707,1.0150136763929662,1.0150136761866428,0.9849863236603178,1.6658280299913177,-0.28342184275049614,3.9999999999999973,4.542859282124899,0.9969048003434134,-3.271429641062448,-0.6988222642663535,0.4999999999999992,0.2476786002575605,4.8,0.2,casci,vtz,4,0.01
-46.27678519125885,9,0.8384851010771444,1.161514898900994,1.1615148989589161,0.8384851010629432,1.4942237092186614,-0.6539208974909965,3.999999999999998,4.426225093571799,0.9938920421017909,-3.2047945209301307,-0.6224058276116262,0.49584098707211577,0.24957804450422788,4.8,0.2,casci,vtz,4,0.01
-46.15250514901918,10,1.133683361339462,0.8663166385421147,0.8663166386249128,1.1336833614935065,1.597096160361683,-0.0402842348099408,3.999999999999996,4.760414644421489,0.9500997209682176,-3.233532902469399,0.48941784100681407,0.4266627901293272,0.2859120005968354,4.8,0.2,casci,vtz,4,0.01
-46.06324321225992,11,0.9246745070120598,1.0753254930189156,1.0753254930159724,0.9246745069530509,1.4859499662280937,-0.11012626617277088,3.9999999999999987,3.633724177237384,1.0930050561645466,-1.0467639285570596,1.0103690803226137,-0.385049080030816,0.20480287215422688,4.8,0.2,casci,vtz,4,0.01
-46.00407848197368,12,1.0175681525762137,0.9824318474075342,0.9824318474153337,1.017568152600913,1.5998590022716326,-0.8570215003396344,3.9999999999999947,4.4170892562032895,1.0015266601866455,-1.6271954831406414,0.6827761308794571,-0.29067457248050166,0.04181956762048772,4.8,0.2,casci,vtz,4,0.01
-45.58164949333149,13,1.0736581672278969,0.9263418327873882,0.9263418326131609,1.0736581673715522,0.05071042243382637,-0.06313504053885989,3.9999999999999982,4.03046490361028,0.9993267271063839,-3.015232451805139,-0.9659808832830572,0.4999999999999995,0.249495045329789,4.8,0.2,casci,vtz,4,0.01
-45.40181414280907,14,0.9940350321135394,1.0059649678897626,1.0059649678907887,0.9940350321059063,0.8367092900081927,1.3598747426535878,3.999999999999997,4.181822956520983,1.0181326644030295,-1.2723427017691413,-0.6715710495193599,-0.4092843882456749,0.17288388654794876,4.8,0.2,casci,vtz,4,0.01
-45.320852522703184,15,1.048067972202827,0.9519320277867869,0.9519320279505241,1.0480679720598602,-0.030158375139102786,0.020254630590106737,3.9999999999999982,4.010633894965501,0.9915654684752998,-2.9823509082639648,0.9804153521250625,0.48851698039060687,0.2551571209658688,4.8,0.2,casci,vtz,4,0.01
-45.15459949407972,16,0.9819456443513411,1.018054355655051,1.0180543556852015,0.9819456443084047,0.4858257468686448,0.5943705792302741,3.9999999999999982,4.112848261393632,1.0120564855622995,-1.1820002684126676,-0.8985872859545946,-0.4372119311420739,0.19625429531379926,4.8,0.2,casci,vtz,4,0.01
-44.88186344008145,17,0.9758956185188267,1.024104381568975,1.0241043814958353,0.9758956184163606,-0.0027037185263674712,0.002928284913206375,3.999999999999998,4.025316232998308,0.9998786523761711,-3.0126581164991535,-0.9845860314276057,0.4999999999999997,0.24990898928212896,4.8,0.2,casci,vtz,4,0.01
-44.85513423767537,18,0.969924151847226,1.0300758481553303,1.0300758481559351,0.9699241518415059,-0.7103395101880614,0.11075220764338853,3.9999999999999973,4.159737197431205,0.9605790383372197,-3.079868598715601,0.8946826669260752,0.4999999999999995,0.2204342787529155,4.8,0.2,casci,vtz,4,0.01
-44.748611188688905,19,1.0183456518415783,0.9816543481558628,0.9816543481035929,1.0183456518989642,0.026707005365600445,0.03921704598134583,3.9999999999999982,4.030201392574668,1.006054833696655,-1.0688770527882452,-0.9683667784401262,-0.47311182174954447,0.2276529470220364,4.8,0.2,casci,vtz,4,0.01
-44.599039060796564,20,0.9839038922294049,1.0160961076661619,1.0160961077998683,0.9839038923045614,-0.463505509561895,0.6939782663544034,3.9999999999999964,4.074687886168817,0.9776133952342596,-3.0354352499884922,0.8810317053494728,0.4990456534520417,0.23416439297365277,4.8,0.2,casci,vtz,4,0.01
-44.04814978468998,21,0.9859986225068896,1.0140013774658567,1.0140013775475119,0.985998622479741,-1.2472612662432971,-0.03254787884391197,3.999999999999999,4.246292181073077,0.9437868996697496,-1.1177408079614004,0.8260583672116627,-0.5027026412875689,0.21054281603988156,4.8,0.2,casci,vtz,4,0.01
-43.253823837161136,22,0.9839690633874001,1.0160309366504516,1.0160309366102314,0.9839690633519163,-0.007785658932002518,-0.0036257809787196282,3.999999999999999,5.945554751347146,0.9996950658976045,-3.972777375673572,-0.004894416565234009,0.4999999999999995,0.24977129942320397,4.8,0.2,casci,vtz,4,0.01
-43.19713741691102,23,1.0132738172321383,0.9867261828023705,0.9867261827685161,1.0132738171969722,-0.08946648891038442,0.06403659733168257,3.9999999999999973,5.834719358329705,0.9958504653379241,-3.73534037980679,0.0627653595256317,0.40899035032096875,-0.6621025013175241,4.8,0.2,casci,vtz,4,0.01
-42.49155890774355,24,1.0283014480509376,0.9716985519091169,0.9716985519535201,1.0283014480864239,-1.6365583464056839,0.13061302535923142,3.9999999999999987,5.575047144055392,0.9990795074692618,-3.7874910684637864,-0.21076145614824696,0.4999837482180452,0.2493258823839004,4.8,0.2,casci,vtz,4,0.01
-42.40241043962463,25,1.085870059579754,0.9141299403839136,0.9141299404246752,1.0858700596116564,-1.6617258050518604,0.08471146196065937,3.999999999999999,5.478996496623956,1.0031069745686279,-3.222557737977194,0.21978927018427874,0.2415297448326083,-0.48919951390613603,4.8,0.2,casci,vtz,4,0.01
-42.11233732285346,26,0.9128204318532713,1.0871795683625487,1.0871795681374619,0.9128204316467128,-0.9973124518410559,-0.003062624394831709,3.9999999999999947,4.914566935870275,1.1278998785751355,-3.010413927548115,-0.1511047054743752,0.2765652298064887,-0.43064032087513454,4.8,0.2,casci,vtz,4,0.01
-41.97299337051757,27,1.0005044005814487,0.9994955992018859,0.9994955994318506,1.0005044007848118,-1.844702995337263,-0.08546683983321207,3.9999999999999973,5.35641337707977,1.0041232192236007,-3.0476925754136523,0.31629535447085877,0.18474294343688355,-0.431650529019182,4.8,0.2,casci,vtz,4,0.01
-41.96709424456917,28,1.0119726571627488,0.988027342882865,0.9880273428409481,1.011972657113435,-1.818802192396797,0.3759825548593011,3.9999999999999964,5.3847983290642585,0.9981654226542251,-3.6923991645321284,-0.28434727955697625,0.49999999999999933,0.24862406699066936,4.8,0.2,casci,vtz,4,0.01
-41.30968413212812,29,0.9676449939670893,1.03235500598552,1.0323550060389937,0.9676449940083954,-3.103770164542617,0.00043521450871572553,3.9999999999999987,5.198261359197598,0.986943796218877,-3.5601390759249183,0.38689045971279024,0.48050419816305945,0.259703649001098,4.8,0.2,casci,vtz,4,0.01
-39.08872903804361,30,1.0002668974767108,0.9997331025325198,0.9997331018748035,1.0002668981159666,-1.6929477325822122,0.012274219188187718,4.000000000000001,0.6030579153096443,1.87352730437624,-0.1981391206311852,-0.5226453825475711,-0.051694918511818434,0.4568403967939988,4.8,0.2,casci,vtz,4,0.01
-38.877622135969006,31,0.9978469065191466,1.0021530934704768,1.002153094133714,0.9978469058766577,-2.5184308010533583,-2.1996376442290355e-05,3.9999999999999956,0.9305120042695313,1.7897584156935524,-0.3430900175468346,-0.166332136964849,-0.06108299229396553,0.40340180406413145,4.8,0.2,casci,vtz,4,0.01
-32.934503437360235,32,1.6988985602568651,0.3011014397431347,0.30110143974329134,1.698898560256706,-0.6386902839361196,0.11920044470405433,3.999999999999997,5.944862210231158,1.9735692842446637,-3.9206588404356753,0.023404623669790105,0.47411386766004837,0.006063095523451198,4.8,0.2,casci,vtz,4,0.01
-32.87127399132162,33,0.30212531655732056,1.6978746834428278,1.6978746834428662,0.3021253165569857,-0.7318272315320669,0.14069291966595762,4.0,5.917187704829916,1.968312530030098,-3.894272568036926,0.2410724269090146,0.46783935781098374,0.008395039711590866,4.8,0.2,casci,vtz,4,0.01
-31.795095866666827,34,0.9997726631419865,1.000227348142425,1.000227336832177,0.9997726518834102,-0.45781408596558026,0.14275855897341508,3.999999999999999,5.972561271608398,1.985207677904491,-3.959145241467053,-0.013369521497549563,0.4864323028314268,0.0024734555969418972,4.8,0.2,casci,vtz,4,0.01
-31.781734458889826,35,0.9994218586373061,1.0005781300780008,1.0005781413885584,0.999421869896135,-0.5064747064741881,0.13842600041626335,4.0,5.9619754751070655,1.9836064205081707,-3.949330205622428,0.16419862522057024,0.4841712340344476,0.0035335813466815646,4.8,0.2,casci,vtz,4,0.01
-54.748967910650464,0,0.9997783972253435,1.0002216027746993,1.0002216027738822,0.9997783972260743,2.0600439375233988,-0.019421700021383825,3.999999999999999,4.767128994527619,0.11619452602166162,0.3482011920508653,0.11485329538394941,-1.3658828446573372,0.45302873917358355,4.8,0.4,casci,vtz,4,0.01
-54.51027768565337,1,1.000521962637011,0.9994780373630858,0.9994780373626015,1.0005219626372979,1.5680889971293064,-0.004181774488259585,3.9999999999999964,4.067899018280232,0.0831898820221284,-0.3730938587558469,0.0790977639885075,-0.8304278251921344,0.8928202367087305,4.8,0.4,casci,vtz,4,0.01
-54.3625553482546,2,0.9992201223865428,1.0007798776135122,1.0007798776130583,0.9992201223868845,0.9271740980201347,-0.14318290193650024,3.999999999999998,5.885875601132549,0.05821438733938471,-3.942937800566274,0.05650106062012626,0.4999999999999998,-0.4563392094954607,4.8,0.4,casci,vtz,4,0.01
-54.178820408414644,3,1.0001617538083112,0.9998382461918472,0.9998382461915993,1.0001617538082384,0.8110965244646804,-0.23743510728447298,3.9999999999999964,5.734754958443065,0.036565860398302674,-3.114913525870847,0.03426084385690692,0.12376802332465703,-1.0963436280259282,4.8,0.4,casci,vtz,4,0.01
-54.11317749409046,4,0.9994085140682969,1.0005914859318343,1.000591485931615,0.9994085140682515,0.5648880830443028,-0.1520167106992153,3.9999999999999973,5.89413554933363,0.0229594397797284,-3.852787316197836,0.021350230634693858,0.4528597707655106,-0.43564019093071404,4.8,0.4,casci,vtz,4,0.01
-54.00403766485871,5,0.9999999999999988,0.9999999999999987,0.9999999999999989,0.9999999999999992,-1.6930901125533637e-15,3.622102617839573e-15,3.9999999999999956,5.333333333333114,-4.8623744917564084e-17,-5.333333333333114,-6.938893903057895e-17,1.3333333333332786,0.6666666666667175,4.8,0.4,casci,vtz,4,0.01
-47.7300798859514,6,0.9787614337128266,1.0212385663112042,1.0212385662546395,0.9787614337213268,3.5371447120472714,-0.0022592734746782438,3.9999999999999973,4.117548642203721,1.0791911209577276,-1.5721058512809596,-0.7027468762302841,-0.24333423491045056,0.052727575628748,4.8,0.4,casci,vtz,4,0.01
-46.51091263237072,7,1.1101160897520423,0.8898839102328572,0.8898839102065724,1.1101160898085245,1.6280421572203572,-1.4692729352737384,3.9999999999999964,4.4781107440233185,1.01523937673349,-1.7579450740854479,0.31072126966867786,-0.24055514896310562,0.001984681513224673,4.8,0.4,casci,vtz,4,0.01
-46.49708885279444,8,0.9894078161357454,1.010592184008684,1.0105921838478662,0.9894078160077011,1.622408462000783,-0.14268630640299462,3.9999999999999964,4.5791959981769725,0.9973261459178123,-3.2895979990884854,-0.6967272325904338,0.49999999999999956,0.2479946094383603,4.8,0.4,casci,vtz,4,0.01
-46.286242379419086,9,0.768908589995708,1.231091409979205,1.2310914099999724,0.7689085900251145,1.4803543934392942,-0.5854089033086998,3.9999999999999996,4.44576595227024,0.9896259199061936,-3.1963101632184436,-0.47748237535121324,0.4867135935416615,0.2555058463879841,4.8,0.4,casci,vtz,4,0.01
-46.19041655636504,10,1.177350758901228,0.8226492409950303,0.8226492410484235,1.1773507590553183,1.4945338716864418,-0.16100740887041848,4.0,4.693659959874962,0.9610499522441485,-3.2403501392346397,0.33191843497241164,0.4467600796485792,0.27402738453453224,4.8,0.4,casci,vtz,4,0.01
-46.04392688927378,11,0.8839023022239687,1.1160976977989958,1.1160976978001855,0.8839023021768433,1.4354904469412055,-0.11831557572191811,3.999999999999993,3.6285114776783765,1.0887653548883058,-1.0365882174467715,0.9746333686536446,-0.38883376069620834,0.20540777686243972,4.8,0.4,casci,vtz,4,0.01
-45.91963432986534,12,1.0311469971004188,0.9688530029018307,0.9688530028453384,1.0311469971524074,1.5310939245144366,-0.6973767745902182,3.9999999999999956,4.3616657845098,1.0015511087336906,-1.54680265365637,0.7456378205543004,-0.317015119299265,0.06817845084953558,4.8,0.4,casci,vtz,4,0.01
-45.59360477183001,13,1.111878286232267,0.8881217137775956,0.8881217136205957,1.1118782863695422,0.1360581042313831,-0.14484562023102626,4.0,4.063345602512296,0.998011687722612,-3.031672801256148,-0.9264255001614043,0.4999999999999998,0.24850876579196007,4.8,0.4,casci,vtz,4,0.01
-45.56852087007501,14,1.0065993779137774,0.9934006220889617,0.993400622153489,1.0065993778437754,0.981240511148106,1.5005026465213147,4.0000000000000036,4.25263352901228,1.0216727326265747,-1.378194642268614,-0.5506866912675659,-0.3740610611187628,0.1403156105886928,4.8,0.4,casci,vtz,4,0.01
-45.24857226977788,15,1.091412575335752,0.9085874246576338,0.9085874248083003,1.091412575198309,-0.1002697435812095,0.0635906686750746,3.999999999999995,4.02420190157256,0.9763530533877463,-2.946208936699983,0.9444281882162784,0.46705399295685146,0.2652107970839592,4.8,0.4,casci,vtz,4,0.01
-45.119241812671824,16,0.9954558074574684,1.0045441925324585,1.0045441925476695,0.9954558074624017,0.22699985305629977,0.2703854567878415,3.9999999999999982,4.06947613715599,1.0196694529483126,-1.1859665419103333,-0.9043851088644499,-0.42438576333383093,0.18913785304506645,4.8,0.4,casci,vtz,4,0.01
-44.879396584550896,17,0.8400559869978631,1.159944012996931,1.159944013025522,0.8400559869796835,-0.7705260204050228,0.06037009887039055,4.0,4.211119409825596,0.9517136865146574,-3.105559704912798,0.7532259734399462,0.5,0.2137852648859933,4.8,0.4,casci,vtz,4,0.01
-44.752766881874614,18,1.0595626063563601,0.9404373937666546,0.9404373936420893,1.0595626062348908,-0.02913858050732926,-0.0022819561798396726,3.9999999999999947,4.068718237242581,0.9977104178734713,-3.0343591186212886,-0.8634461536217991,0.49999999999999895,0.24828281340510383,4.8,0.4,casci,vtz,4,0.01
-44.72560536424634,19,0.9968047652484688,1.003195234782679,1.0031952347020745,0.9968047652667755,0.17286555341193885,0.15279991487102884,3.9999999999999982,4.11682513451292,1.0094712709121496,-1.1968774264701763,-0.9244399960011547,-0.43076757039314195,0.18787102357725471,4.8,0.4,casci,vtz,4,0.01
-44.39727581219841,20,0.967626020691199,1.0323739791758841,1.0323739793465063,0.9676260207864095,-0.4373029383627426,0.8001431912749944,3.999999999999999,4.04594456947467,0.9801101688330232,-3.014448050569084,0.875227441247404,0.4957378829158744,0.23934474370889197,4.8,0.4,casci,vtz,4,0.01
-44.001055341130176,21,0.9688801913871479,1.0311198085594095,1.0311198086734894,0.9688801913799513,-1.1620381377616917,-0.07929490113650889,3.9999999999999982,4.349556478259527,0.95024675815032,-1.2926848890092915,0.7754164287514851,-0.4410466750602361,0.15373174367297707,4.8,0.4,casci,vtz,4,0.01
-43.12054614407033,22,0.9815168306722617,1.0184831694072614,1.0184831693214287,0.9815168305990493,-0.023545687673602517,-0.011879013114584863,4.000000000000001,5.875602712958142,0.9989230429391643,-3.9378013564790706,-0.004046063728573222,0.49999999999999967,0.2491922822043735,4.8,0.4,casci,vtz,4,0.01
-43.046081563022966,23,1.0249309853584587,0.9750690147088583,0.9750690146419799,1.0249309852907005,-0.13551038435618717,0.10461539809887332,3.9999999999999973,5.7149236257435,0.9938928001909679,-3.5444768692173256,0.10812367220965721,0.3435075281727876,-0.5980879280295607,4.8,0.4,casci,vtz,4,0.01
-42.564011775767874,24,1.0299255330551693,0.9700744668632105,0.9700744669531935,1.0299255331284227,-1.5115138451225922,0.038764460195435946,3.9999999999999964,5.649191566705731,0.9993332801488712,-3.8245597152088235,-0.17119071932135504,0.49998196592797883,0.24951799418367482,4.8,0.4,casci,vtz,4,0.01
-42.44430130015033,25,1.0439094572377543,0.956090542691391,0.9560905427686895,1.0439094573021637,-1.5605692565065197,0.14031332147169104,3.9999999999999982,5.5207876685905575,1.0024315877128747,-3.281211735437049,0.1769598438725149,0.2604089505708853,-0.5085852597862283,4.8,0.4,casci,vtz,4,0.01
-41.8567401382079,26,0.9582748437960895,1.0417251564159682,1.041725156189544,0.9582748435983965,-0.922194675541487,-0.002887989054028678,3.9999999999999982,4.835763373776375,1.1259920306390874,-2.881329976549936,-0.20145688656887678,0.23172414483087422,-0.3872301218515577,4.8,0.4,casci,vtz,4,0.01
-41.64119148371615,27,1.0041475719996968,0.9958524277879505,0.9958524280223058,1.0041475721900415,-1.874446656905148,-0.10780099714775127,3.9999999999999947,5.259021208372506,1.012699026394403,-2.943067466349777,0.34909864826274706,0.15677843108176232,-0.3972541612859586,4.8,0.4,casci,vtz,4,0.01
-41.60195184767933,28,1.01835835136654,0.9816416487234317,0.981641648635357,1.0183583512746686,-1.8624303756663632,0.3845056989945792,3.9999999999999973,5.316142438151829,0.9981006316928913,-3.6580712190759135,-0.31908208395785187,0.49999999999999917,0.24857547376966888,4.8,0.4,casci,vtz,4,0.01
-41.09205645237605,29,0.964846045168057,1.0351539547400235,1.035153954843453,0.9648460452484646,-3.0587788182328186,0.00011647722109944803,3.9999999999999982,5.179201482487918,0.9873783036781545,-3.552241820115314,0.3966510356132406,0.4813205394356773,0.2592131883229376,4.8,0.4,casci,vtz,4,0.01
-39.02056374048673,30,1.0005888080802685,0.99941119194136,0.9994111911413137,1.0005888088370551,-1.6580083229457954,0.016124221326567073,3.9999999999999973,0.7200162916769596,1.8598979507273143,-0.2573982297258943,-0.618614329821332,-0.051304958056292746,0.44622842110177985,4.8,0.4,casci,vtz,4,0.01
-38.784483437807516,31,0.9960646359931138,1.0039353639844726,1.0039353647912796,0.9960646352311324,-2.5743697547548123,-0.00012596626110744635,3.9999999999999982,1.00155002992156,1.7743926260557852,-0.3704458785247148,-0.1783070793554389,-0.06516456821803263,0.3959590377598725,4.8,0.4,casci,vtz,4,0.01
-33.408072042002146,32,1.575171086342369,0.4248289136576277,0.4248289136579778,1.5751710863420243,-0.7369127000519842,0.11615729881452302,3.999999999999999,5.926078617798371,1.9646638080733836,-3.8934158251622453,0.010804035100534713,0.4651882581315302,0.008309597923507137,4.8,0.4,casci,vtz,4,0.01
-33.30969969056218,33,0.4262881409974099,1.573711859002621,1.5737118590031403,0.4262881409968262,-0.9064412307479015,0.1596183198020631,3.9999999999999973,5.8654635329261495,1.9537319018200754,-3.8364144687773303,0.36153061054878755,0.451841351157128,0.013457575207930058,4.8,0.4,casci,vtz,4,0.01
-31.164782161751383,34,0.9995820734527652,1.0004179538256674,1.0004179264550879,0.9995820462664772,-0.4109703562271427,0.1391513102494962,3.9999999999999973,5.976383229329034,1.9873008020403615,-3.965259936170443,-0.011261717406608402,0.488534160752963,0.001941440777308906,4.8,0.4,casci,vtz,4,0.01
-31.15682406246054,35,0.9994352809123421,1.0005646918090645,1.0005647191797817,0.9994353080988106,-0.4425561445290662,0.13452333202247693,3.9999999999999987,5.9704672082051395,1.9864299039751852,-3.959768650804162,0.12985884865250336,0.4872675233507963,0.0025549046305936227,4.8,0.4,casci,vtz,4,0.01
-54.87485925338303,0,0.9997219071786009,1.000278092821451,1.0002780928197823,0.9997219071801746,2.224857490918009,-0.02228571811837686,4.000000000000009,4.783907995648701,0.14709351457170217,0.12054390636592294,0.14531366669939944,-1.2562489520951368,0.3665690880239101,4.8,0.6,casci,vtz,4,0.01
-54.50708416571991,1,1.0003761119743362,0.9996238880257385,0.9996238880249173,1.0003761119750134,1.6510612483972358,-0.0033961772098235893,4.000000000000005,4.056742490436377,0.0967462325697692,-0.39025998344828045,0.09225833106115464,-0.8190556308849539,0.8916153053122806,4.8,0.6,casci,vtz,4,0.01
-54.372668824588565,2,0.9988317726198267,1.0011682273803233,1.0011682273793787,0.9988317726204785,1.0397425945536791,-0.1496425295862663,4.000000000000007,5.8539865053192885,0.07427772544180741,-3.926993252659647,0.07224628264475935,0.5000000000000014,-0.444291705918646,4.8,0.6,casci,vtz,4,0.01
-54.04747080869151,3,1.0004885623792013,0.9995114376210014,0.9995114376207703,1.0004885623790334,0.7815995474369719,-0.24269778820939064,4.000000000000006,5.687606334567423,0.03464713619326121,-2.913789976578637,0.03199146826773988,0.034993404647462756,-1.0090080525025198,4.8,0.6,casci,vtz,4,0.01
-53.98259180012408,4,0.9996225402240239,1.0003774597761184,1.0003774597759163,0.9996225402239471,0.5105165935850208,-0.16005574158039254,4.000000000000005,5.9094420819895985,0.021090282375172797,-3.877377326063824,0.019358943417125837,0.4613281425345125,-0.44551043075313257,4.8,0.6,casci,vtz,4,0.01
-53.887104243792216,5,1.000000000000001,1.0000000000000004,1.0000000000000007,1.0000000000000022,1.7208456881689926e-15,-1.4155343563970746e-15,4.000000000000004,5.333333333333311,1.6106760652343012e-17,-5.333333333333311,1.0234868508270544e-16,1.333333333333328,0.6666666666666772,4.8,0.6,casci,vtz,4,0.01
-47.84572128743635,6,0.9756587944945404,1.0243412055401901,1.0243412054611978,0.9756587945040784,3.5610127823172517,-0.0030383629261304633,4.000000000000007,4.076005510488855,1.0870870665618386,-1.5491882884110073,-0.6995902612156641,-0.24440723341670986,0.05972253333808564,4.8,0.6,casci,vtz,4,0.01
-46.66902282465321,7,1.1192744738529112,0.8807255261230327,0.8807255261027409,1.1192744739213227,1.581704388198568,-1.5816075400843066,4.000000000000008,4.496710147693315,1.0162819850358171,-1.7705674891790664,0.19201061765725777,-0.23889379233379554,0.0011052811106553595,4.8,0.6,casci,vtz,4,0.01
-46.65737727794287,8,1.001885849746614,0.9981141504127602,0.9981141502490771,1.001885849591554,1.5814105662692608,-0.041995590816277004,4.000000000000005,4.608962365848326,0.9976843424976158,-3.3044811829241656,-0.6903442204185501,0.5000000000000011,0.24826325687320977,4.8,0.6,casci,vtz,4,0.01
-46.31867423881676,9,0.783210577604212,1.2167894223227944,1.216789422365626,0.7832105777073709,1.5532321561019407,-0.27727452515914197,4.0000000000000036,4.622958500523516,0.9772667542139976,-3.243304639408474,-0.0015531461347384988,0.46591269457335804,0.2670373710871402,4.8,0.6,casci,vtz,4,0.01
-46.24047118503228,10,1.1480525020245063,0.8519474979142974,0.851947497911488,1.1480525021497145,1.3033888071388424,-0.4993515501293556,4.000000000000006,4.485341636374871,0.9798726461185026,-3.20070012140388,-0.159383051570045,0.4790146516082223,0.255889832980654,4.8,0.6,casci,vtz,4,0.01
-46.02599210934521,11,0.8308592707802881,1.1691407292439062,1.1691407292423464,0.8308592707334644,1.3922703701096575,-0.05885128686012718,4.000000000000005,3.605293228851579,1.0865825120030421,-1.0129559037167088,0.9091797494591859,-0.39484535535454035,0.20978223935681928,4.8,0.6,casci,vtz,4,0.01
-45.839673651521274,12,1.0457735702339808,0.954226429807352,0.954226429456261,1.045773570502408,1.4427329664750492,-0.5900774759387948,4.000000000000002,4.306770470957325,1.0020658492399672,-1.4683807047761803,0.7869639127771104,-0.3425022653512412,0.09405165228121452,4.8,0.6,casci,vtz,4,0.01
-45.72036015184205,13,1.0516548196722522,0.9483451803095759,0.9483451806648109,1.051654819353364,1.1362867727568933,1.5698382457994033,4.000000000000003,4.319620893373143,1.0259061487861945,-1.486609669595408,-0.3891905850358536,-0.3366003885455818,0.10603000013522502,4.8,0.6,casci,vtz,4,0.01
-45.60069956691615,14,1.109692241098478,0.8903077588995156,0.890307758763972,1.1096922412380374,0.21593427332058268,-0.16557965698687055,4.0000000000000036,4.091989476292564,0.997148469663786,-3.0459947381462844,-0.9108475857387519,0.5000000000000011,0.247861352247838,4.8,0.6,casci,vtz,4,0.01
-45.22804585908682,15,1.0110104065434453,0.9889895934177877,0.9889895934400035,1.0110104065987655,0.08074800051036019,0.1457705360677104,4.000000000000002,4.0701215506365624,1.0347636667007105,-1.275878178170713,-0.8543518806894126,-0.37959129857378393,0.15566404859931493,4.8,0.6,casci,vtz,4,0.01
-45.1276227276402,16,1.1206951078465799,0.8793048921547315,0.879304892291713,1.1206951077069816,-0.18876208979623016,0.11186620780190573,4.000000000000006,4.037095730370476,0.9581807762281709,-2.899632641240229,0.9049852070129393,0.4405423880274955,0.27809319414363226,4.8,0.6,casci,vtz,4,0.01
-44.84330283408381,17,0.845529871332334,1.1544701286622718,1.1544701287075134,0.8455298712978871,-0.8565067647579372,-0.005099716011940092,4.000000000000006,4.278736250795101,0.9391688144523984,-3.139368125397553,0.6938120074961736,0.5000000000000013,0.20437661083929717,4.8,0.6,casci,vtz,4,0.01
-44.60022010256921,18,0.9615793773305084,1.0384206227550883,1.0384206226230925,0.9615793772913153,0.22698629158343167,0.11478419132441384,4.000000000000004,4.183897326510626,1.0070777448533528,-1.2816376530301317,-0.9041028580253048,-0.4051555051125906,0.16046381375260294,4.8,0.6,casci,vtz,4,0.01
-44.584558543948695,19,1.0358928212113248,0.9641071789451172,0.9641071787757767,1.0358928210677878,-0.04611966128217418,-0.006797693298527502,4.000000000000007,4.116953138910636,0.995896442476321,-3.0584765694553213,-0.7993863437294055,0.5000000000000018,0.24692233185723955,4.8,0.6,casci,vtz,4,0.01
-44.1641141584215,20,0.9501757657895109,1.0498242340392425,1.0498242342606996,0.9501757659105543,-0.4687586096537594,0.898826396931331,4.000000000000007,4.029142982456017,0.9792929092346269,-2.994387512821089,0.8608623892773999,0.48990801079654,0.24456167112943045,4.8,0.6,casci,vtz,4,0.01
-43.92410291628545,21,0.952415814253614,1.0475841856483916,1.0475841858164041,0.952415814281596,-1.072613857014416,-0.13451489221670632,4.000000000000005,4.467956145792855,0.9574606553016185,-1.4906016351791456,0.7169488153431536,-0.371688218858641,0.08978371033485193,4.8,0.6,casci,vtz,4,0.01
-42.930097787253544,22,0.9885777062158037,1.0114222939632955,1.0114222937698267,0.9885777060510784,-0.040553643571611675,-0.018367403802736576,4.000000000000004,5.79273045547134,0.9977938859097313,-3.8963652277356733,-0.01552457842541572,0.5000000000000013,0.24834541443229685,4.8,0.6,casci,vtz,4,0.01
-42.8360413450721,23,1.0376364331248977,0.9623635670139388,0.9623635668739436,1.0376364329872243,-0.18710215407570593,0.15126919802386718,4.000000000000004,5.587638978197948,0.9923161221032624,-3.3428894501976063,0.16392643506807053,0.2745349805493162,-0.5302978889718722,4.8,0.6,casci,vtz,4,0.01
-42.55015192235547,24,1.0288649713246603,0.9711350284937876,0.9711350286923515,1.0288649714892089,-1.3617517400934829,-0.07002842265309386,4.000000000000008,5.705327354542602,0.9995788238609005,-3.852594029661975,-0.12667972457588872,0.499965176195337,0.24971894170033823,4.8,0.6,casci,vtz,4,0.01
-42.39838611482531,25,1.0289472099593313,0.9710527898955787,0.9710527900513694,1.0289472100937291,-1.442117938027387,0.1964060522913665,4.000000000000009,5.535710236876032,1.0033105534016096,-3.306757775418379,0.12856656398211214,0.2694513284901815,-0.5169684134389779,4.8,0.6,casci,vtz,4,0.01
-41.48639856321518,26,0.983483956086673,1.0165160442053551,1.0165160438821386,0.9834839558258439,-0.8261806577205457,-0.0011824541862552884,4.000000000000011,4.735648139624457,1.127109693508125,-2.7346397391333355,-0.25104568192009175,0.18340783466055327,-0.3380755645294633,4.8,0.6,casci,vtz,4,0.01
-41.24633078959898,27,1.0055924643259824,0.9944075353811633,0.9944075357177684,1.005592464575094,-1.8892842893089767,-0.12978038226704003,4.000000000000008,5.140290728653624,1.0274916174878115,-2.8366501926961236,0.3758541396033386,0.13325241418465583,-0.3626337010688008,4.8,0.6,casci,vtz,4,0.01
-41.159596911989944,28,1.0195897380417307,0.9804102621363883,0.9804102619547934,1.0195897378670908,-1.893907364531787,0.3874825905026088,4.0000000000000036,5.256641807362832,0.998030319558357,-3.628320903681419,-0.3499555618288136,0.5000000000000014,0.2485227396687669,4.8,0.6,casci,vtz,4,0.01
-40.75866748346518,29,0.9690024229460811,1.0309975768736295,1.0309975770769655,0.9690024231033308,-2.998926365679555,-0.0005861880014383924,4.000000000000007,5.153949223306657,0.9879715753988776,-3.5417437459523207,0.41015105151206466,0.4823845671494962,0.25859411439966273,4.8,0.6,casci,vtz,4,0.01
-38.91736272002818,30,1.0008885642876435,0.9991114357507376,0.9991114348195448,1.0008885651420794,-1.588594058342614,0.023489183508300093,4.000000000000005,0.9226036183726656,1.8399649448347206,-0.367231510603407,-0.7661863487191242,-0.04703514929146292,0.42700885791750065,4.8,0.6,casci,vtz,4,0.01
-38.630051785003715,31,0.9941502423159865,1.0058497576458036,1.005849758585645,0.9941502414525689,-2.666960094692426,-0.00038975303614585677,4.000000000000004,1.1132927011285245,1.7501912486833466,-0.4147556698328643,-0.19639185796809466,-0.07094534036569902,0.3835887768782068,4.8,0.6,casci,vtz,4,0.01
-33.794832472066915,32,1.3561337665587823,0.6438662334412177,0.643866233441869,1.3561337665581372,-0.8381534503201896,0.13359323224368344,4.000000000000006,5.905248207366472,1.9529889547671755,-3.8609772814024295,-0.021537987969689726,0.4541765888595965,0.010565127215781596,4.8,0.6,casci,vtz,4,0.01
-33.643170234840234,33,0.6460327982372978,1.3539672017627007,1.3539672017644915,0.6460327982355133,-1.1439252147396195,0.15724482099066564,4.0000000000000036,5.774692033736505,1.9313479548988328,-3.7393513106365828,0.5318412433241329,0.4260026468841652,0.02250831928995769,4.8,0.6,casci,vtz,4,0.01
-30.500596058414498,34,0.999396476128392,1.0006035896197267,1.000603523613425,0.9993964106384627,-0.3762213504457226,0.13772726640382527,4.000000000000006,5.9785540637777155,1.9883941770510787,-3.9687619912274377,-0.010047936940661022,0.48974247966929,0.0015531531190153543,4.8,0.6,casci,vtz,4,0.01
-30.49567737079635,35,0.9993010922557131,1.0006988419960026,1.0006989080024058,0.9993011577458872,-0.3970455456185584,0.13430292719000736,4.000000000000009,5.975098354412637,1.9879184540166017,-3.9655861532475853,0.1098487863023973,0.48901848802063336,0.0019203524918137743,4.8,0.6,casci,vtz,4,0.01
-54.31000537367503,0,0.9999999910511976,1.0000000089487662,1.0000000089763854,0.9999999910236477,1.7305064871682703,1.697253448895708e-14,3.9999999999999973,4.623399557766663,0.06602343885984904,1.179091513407106,0.06546205110524181,-1.7453956461452187,0.794913225290107,5.0,0.0,casci,vtz,4,0.01
-54.221323132242816,1,0.9999999925341363,1.0000000074658666,1.0000000074855795,0.9999999925144147,1.2969874724270665,-1.9359513991901167e-14,3.9999999999999973,4.00458816975561,0.05270329968060743,-0.16040398391979171,0.05040921480284992,-0.9209450504790065,0.9604725252394625,5.0,0.0,casci,vtz,4,0.01
-54.08771687848911,2,0.9999999972787896,1.0000000027211926,1.0000000027361313,0.9999999972638851,0.6954881301711519,-0.20165452099452685,3.9999999999999987,5.939479412587043,0.0312566837939551,-3.9119850322549174,0.029967056412942752,0.4711226629806978,-1.4476801501352299,5.0,0.0,casci,vtz,4,0.01
-54.07626043604657,3,1.0000001728617005,0.9999998271382786,1.0000001719075895,0.9999998280924299,0.63192641054515,-0.11172402250464296,3.9999999999999987,5.948747263780682,0.026357548562284498,-3.9743736318901854,0.025504250386947716,0.4999999999999223,-0.4802318385782092,5.0,0.0,casci,vtz,4,0.01
-54.07626029443192,4,0.9999998216433015,1.0000001783566477,0.9999998336102904,1.0000001663897566,0.631926123764467,-0.11172410318649131,3.9999999999999964,5.948747311648995,0.026357525807542914,-3.9743736558244955,0.02550422666342561,0.49999999999999933,-0.48023185564434195,5.0,0.0,casci,vtz,4,0.01
-53.942011735285064,5,1.0000000000000002,0.9999999999999994,0.9999999999999984,1.0000000000000007,3.0531133177191805e-16,-3.1502578323738817e-15,3.9999999999999987,5.333333333333318,-2.4284928789298558e-17,-5.333333333333318,-3.469447181829753e-17,1.3333333333333295,0.6666666666666687,5.0,0.0,casci,vtz,4,0.01
-46.923591372086044,6,1.0000002674085295,0.9999997325978194,0.999999731249678,1.0000002687439755,3.417072957192283,4.3472170307978786e-13,4.000000000000003,4.197025736891478,1.0595401088751353,-1.593239149712884,-0.7228668049286704,-0.25263685936642744,0.04729194102277892,5.0,0.0,casci,vtz,4,0.01
-45.79227463165106,7,0.9991912230662332,1.0008087525845837,0.9991813669272188,1.0008186574219617,1.5766326947535396,-0.5455415405128371,3.9999999999999973,4.441609682451002,0.9975403200189779,-3.2208048412206933,-0.7108499270801099,0.4999999999975961,0.24815524001663825,5.0,0.0,casci,vtz,4,0.01
-45.792274241248386,8,1.0008137354841933,0.9991862889216484,1.000813672118924,0.9991863034752346,1.576631842426678,-0.545543759467829,4.0,4.441609437770536,0.9975403101270841,-3.2208047188852675,-0.7108495276119879,0.49999999999999967,0.2481552325953129,5.0,0.0,casci,vtz,4,0.01
-45.70130775679405,9,0.9999952673304143,1.0000047326177537,1.0000047307642423,0.9999952692875845,1.7410363382423777,-1.7827808673764878e-11,3.9999999999999947,4.740185307095764,0.9572737482372424,-3.2419138982598437,0.5871810946297732,0.4359106223559806,0.282044688821952,5.0,0.0,casci,vtz,4,0.01
-45.68954402417188,10,0.9999534395959746,1.000046560185592,0.999953278751397,1.000046721467035,1.5874724149289239,-1.1683815650586045,3.9999999999999987,4.437770633165226,1.0021119726263885,-1.6566559497478428,0.5630533305876564,-0.281114683417385,0.03269866288717768,5.0,0.0,casci,vtz,4,0.01
-45.689542598836745,11,1.0000458790368059,0.999954121189042,1.000047398245143,0.9999526015290066,1.5874723651378542,-1.1683803555625292,3.999999999999998,4.437770448442517,1.002111966598851,-1.656655672670445,0.5630539732783231,-0.281114775775407,0.032698750724545894,5.0,0.0,casci,vtz,4,0.01
-45.59473049761655,12,1.0000017632056852,0.9999982367845198,0.9999982379908554,1.0000017620189379,1.4192342456975402,-0.045891744473643345,3.9999999999999982,3.6776216918976634,1.082658875611392,-1.0171701652642833,1.0428919437027824,-0.4108203403422742,0.22281449705081835,5.0,0.0,casci,vtz,4,0.01
-45.20775814028825,13,1.000000917396175,0.999999082609546,0.999999069862435,1.0000009301318398,-1.0366707492437399e-14,-2.9419106040151632e-12,3.9999999999999956,4.000000000001011,0.9999999999999575,-3.0000000000005027,-0.9999999999960768,0.49999999999999856,0.24999999999996772,5.0,0.0,casci,vtz,4,0.01
-45.03216985717135,14,1.0000000062485475,0.9999999937473402,1.0000000064928827,0.9999999935112298,-1.2790185577316038e-12,1.0556833185404457e-13,4.0,4.0000000000004645,0.9999999999998723,-3.000000000000087,0.9999999999997178,0.4999999999999273,0.24999999999997596,5.0,0.0,casci,vtz,4,0.01
-44.92009081858338,15,0.9990791621527594,1.0009208422312792,0.9990800712451622,1.0009199243707991,0.62067517470772,1.0687703610490187,4.0,4.1137231878326395,1.011284836642841,-1.170584781749681,-0.806450249432168,-0.4431384060833193,0.20160203356545098,5.0,0.0,casci,vtz,4,0.01
-44.92009036816692,16,1.0009201087511488,0.9990798868668291,1.0009206619527327,0.9990793424292881,0.6206756033840679,1.0687724228453912,3.999999999999999,4.113723035366867,1.0112848470787696,-1.1705845530503511,-0.8064497000247659,-0.4431384823165411,0.2016021176256198,5.0,0.0,casci,vtz,4,0.01
-44.64575925924395,17,1.0000040068760487,0.9999959931619189,0.999995994714909,1.0000040052471226,-1.3958015299131432e-11,2.244086860780925e-11,3.999999999999999,4.001015748411005,0.9999999999992669,-3.0005078742055025,-0.9994921257294016,0.49999999999999994,0.24999999999945216,5.0,0.0,casci,vtz,4,0.01
-44.5462034791308,18,0.999571479961834,1.000428509640765,0.9995717129720132,1.0004282974253877,-0.5040893183857298,0.4161386483810812,4.0,4.094028870775567,0.9770658637615623,-3.0470144353877817,0.9182161458166926,0.49999999999999895,0.23279939782117268,5.0,0.0,casci,vtz,4,0.01
-44.54620325242921,19,1.0004235681657747,0.9995764421882875,1.0004332405413652,0.9995667491045664,-0.5040884304082317,0.4161423190783467,3.999999999999994,4.094028705870489,0.9770658919866129,-3.0470143529352436,0.9182157442105987,0.4999999999999992,0.23279941898996084,5.0,0.0,casci,vtz,4,0.01
-44.46937136347793,20,0.999999984270757,1.0000000157272857,1.000000009871783,0.999999990130175,4.530820163495264e-13,-1.8293699888261017e-13,4.000000000000001,4.0000000000000915,1.0000000000000409,-1.0000000000002747,-0.9999999999998677,-0.49999999999988554,0.2499999999999168,5.0,0.0,casci,vtz,4,0.01
-43.917065045290634,21,0.999999552487568,1.0000004475091697,1.0000004533509514,0.9999995466523076,-1.225253873604387,-4.959643806756731e-13,3.999999999999997,4.074310903918052,0.9498232768465711,-0.8931359181002481,0.9191784604847875,-0.5720097669293891,0.28437722456431896,5.0,0.0,casci,vtz,4,0.01
-43.07132874037899,22,1.0000006354054154,0.9999993645994456,0.9999993645382026,1.000000635456934,-1.4842294060457561e-12,3.1566416147654763e-13,3.999999999999998,5.998984251591935,0.9999999999999982,-3.999492125795966,-0.0005078742040041881,0.4999999999999994,0.24999999999999922,5.0,0.0,casci,vtz,4,0.01
-43.05255639809345,23,1.0000005879366445,0.9999994120691116,0.9999994121630151,1.000000587831231,-0.0051143765235626415,0.03659476856435216,4.000000000000003,5.9974607396711335,0.9997453303202344,-3.9973753086823516,-0.002459865427836726,0.49932246942339215,-0.7495134716832164,5.0,0.0,casci,vtz,4,0.01
-42.20536656510142,24,1.0001605614398166,0.9998394358024637,1.000162038860861,0.9998379638968579,-1.7044695357656652,0.2411255435881023,3.999999999999999,5.51561454470235,0.9990362720795609,-3.757807272351174,-0.23287044334049584,0.49999999999999944,0.24927720405967135,5.0,0.0,casci,vtz,4,0.01
-42.205365776976876,25,0.9998398524714325,1.0001601502863422,0.9998375479674357,1.0001624492747856,-1.704469786909316,0.2411269146220245,3.9999999999999956,5.515614183006797,0.9990362676556788,-3.7578070915033432,-0.2328704690617918,0.4999999999999726,0.24927720074178628,5.0,0.0,casci,vtz,4,0.01
-42.17402259978919,26,0.9997269092490573,1.0002730058952811,0.9997283789670699,1.0002717058885895,-1.7425917196209157,-0.013158904476906569,3.999999999999998,5.476007184178339,1.0011129820023101,-3.214010776267516,0.25704462464815503,0.23800359208917313,-0.4871688555874397,5.0,0.0,casci,vtz,4,0.01
-42.17402221605315,27,1.000280827933739,0.9997192569545337,1.000263884137779,0.9997360309739463,-1.7425919893877855,-0.013159679056126722,3.999999999999998,5.476007176837696,1.001112976939538,-3.2140107652962087,0.25704473044432735,0.23800358843868027,-0.48716885573402613,5.0,0.0,casci,vtz,4,0.01
-42.056986669132044,28,0.999991506231767,1.0000084937290348,1.0000084937075808,0.9999915063316136,-1.2761175263553384,-1.0920708781725352e-12,3.9999999999999964,5.165209455926473,1.08773135703743,-3.1864709690762067,-0.15420120087630856,0.30193312055648475,-0.4861346027784105,5.0,0.0,casci,vtz,4,0.01
-41.45407403934979,29,0.9999987591149154,1.0000012408791434,1.0000012412359867,0.9999987587699535,-3.0380238106735993,1.2362333379201118e-13,3.999999999999999,5.255226523137702,0.9900229520837356,-3.5976821178200646,0.36240969051386285,0.4850344281256067,0.25748278593719587,5.0,0.0,casci,vtz,4,0.01
-38.756331856757775,30,0.9999999736664789,1.000000026333547,0.9999999422159198,1.0000000577840518,-1.5710128714374751,0.006458266798536227,3.9999999999999973,0.43551371932708416,1.9034526470528224,-0.13287756740698176,-0.39983698320483185,-0.04243964612828016,0.4700291314178986,5.0,0.0,casci,vtz,4,0.01
-38.63608077800036,31,1.0000000458840674,0.9999999541159688,1.0000000383296053,0.9999999616703527,-2.140955430880764,-1.2406742300186124e-14,3.999999999999994,0.6377648072084423,1.8527285340795983,-0.22028988121067053,-0.12293199415697334,-0.0492962611967753,0.43884266175647585,5.0,0.0,casci,vtz,4,0.01
-32.10416284427696,32,1.0002439635271645,0.9997560384142525,0.9997560364641433,1.000243961594435,-0.5052526123425924,3.409708126955735e-09,3.999999999999995,5.968956205094656,1.9841532843353349,-3.952622262169141,0.015359487538533287,0.48407207981090655,0.004042883440596176,5.0,0.0,casci,vtz,4,0.01
-32.09668148726685,33,0.9998053843491206,1.0001946357451978,1.0001947302339964,0.9998052496716836,-0.46555582154472985,0.11276889567665202,3.9999999999999987,5.972499179392071,1.985490214712697,-3.9587487690832495,-0.013648347170627916,0.48624958969360677,0.0028680713409174026,5.0,0.0,casci,vtz,4,0.01
-32.09668103493904,34,0.9999999306975511,1.0000000476500732,0.999999954700551,1.0000000669518219,-0.4655560288641887,0.11276882130410587,3.9999999999999973,5.972499154611944,1.9854902033631276,-3.9587487319179226,-0.01364836104760657,0.4862495773059753,0.0028680752163721263,5.0,0.0,casci,vtz,4,0.01
-32.05846762741757,35,0.9999507252850734,1.000049274331602,1.0000492747100722,0.9999507256732507,-0.5385951278265131,0.20449322997584485,3.9999999999999987,5.949924436550495,1.9828864632230858,-3.9405919264125595,0.32943784806690457,0.4828148540686565,0.004349993348659317,5.0,0.0,casci,vtz,4,0.01
-54.29031207469878,0,0.9999400932158544,1.0000599067841442,1.0000599067842253,0.9999400932157738,1.758332255732038,-0.007408993145306297,3.9999999999999982,4.706121116079508,0.0742312359559184,0.8058165644967756,0.0735966311836041,-1.5794385612682649,0.6351119882352058,5.0,0.2,casci,vtz,4,0.01
-54.17822295618554,1,1.0003154420585736,0.999684557941467,0.9996845579414824,1.0003154420584757,1.318342009651289,-0.0027612975407039914,3.9999999999999987,4.054788006215499,0.05633797014076946,-0.2715455840094645,0.0539890869683316,-0.8779242095491426,0.9201776871547204,5.0,0.2,casci,vtz,4,0.01
-54.060519027561746,2,0.9997472337045608,1.000252766295409,1.0002527662954597,0.9997472337045674,0.7272752842131669,-0.10945298373517608,3.999999999999997,5.931483480224124,0.03494673550329004,-3.9657417401120605,0.03405651810179637,0.4999999999999993,-0.47378994837253186,5.0,0.2,casci,vtz,4,0.01
-54.00913566811401,3,0.9999661388245595,1.0000338611754365,1.0000338611754565,0.999966138824547,0.7065655355779378,-0.19810364800706637,3.9999999999999996,5.850159078033936,0.029435838257409013,-3.5443867082462424,0.02806404521715524,0.30965358461463727,-1.28757670592158,5.0,0.2,casci,vtz,4,0.01
-53.97084959421607,4,0.9996408217767805,1.0003591782232102,1.0003591782232397,0.9996408217767692,0.5555756118846016,-0.11648496432631263,4.0,5.909583632785981,0.020406518869435272,-3.8777823434931857,0.019458691119627197,0.46149526355009785,-0.44619037439802145,5.0,0.2,casci,vtz,4,0.01
-53.87594268638424,5,0.9999999999999989,1.0000000000000009,0.9999999999999983,0.9999999999999998,1.1102230246251565e-15,-6.245004513516506e-16,3.9999999999999982,5.333333333333329,-1.061476386869454e-16,-5.333333333333329,6.071532165964147e-17,1.3333333333333321,0.6666666666666654,5.0,0.2,casci,vtz,4,0.01
-46.93592384515862,6,0.9851531133934623,1.0148468866110139,1.014846886603695,0.9851531133918285,3.4216040412953093,-0.0015192963323122123,3.9999999999999996,4.187423986704663,1.061209743829004,-1.5871486000434682,-0.7221557435116993,-0.2532816966544317,0.049189004526185603,5.0,0.2,casci,vtz,4,0.01
-45.84151753705299,7,0.9830872624963989,1.0169127375508333,1.0169127374950193,0.9830872624577457,1.6208363604551386,-0.31070860895556424,3.9999999999999973,4.504883725653517,0.9980150192452175,-3.2524418628267577,-0.7178885707211851,0.4999999999999995,0.24851126443391375,5.0,0.2,casci,vtz,4,0.01
-45.83238565652511,8,1.073451209941939,0.9265487900559904,0.9265487900499969,1.0734512099520725,1.5912814258417183,-1.398124223154024,3.999999999999999,4.455826688929668,1.0079199647939405,-1.7029773961317765,0.40398683145743824,-0.2624679741665288,0.018407947761985788,5.0,0.2,casci,vtz,4,0.01
-45.78224219087908,9,0.8327252014384344,1.1672747985556726,1.16727479857174,0.8327252014341515,1.4748670011043514,-0.6585037712591661,3.9999999999999987,4.392598226765099,0.9957929790750442,-3.189920564418129,-0.6442041056586568,0.49681072551779004,0.2500340087884926,5.0,0.2,casci,vtz,4,0.01
-45.69267755166817,10,1.1353892013127003,0.8646107986485192,0.8646107986789544,1.1353892013598226,1.6948304506724232,-0.04955481325874053,3.9999999999999964,4.720941880959635,0.9612127495995284,-3.246477837026543,0.5202180890742136,0.4430034482733629,0.2779061139262835,5.0,0.2,casci,vtz,4,0.01
-45.57151902310193,11,0.9405093840220802,1.0594906160089228,1.0594906159935507,0.9405093839754464,1.3857964426432652,-0.08171340285082472,4.0,3.694007262902479,1.077936976463957,-1.0254562456186411,1.0219062857151398,-0.410773692916299,0.21922642526426783,5.0,0.2,casci,vtz,4,0.01
-45.5471711255783,12,1.0217223865438267,0.978277613427996,0.9782776134444089,1.021722386583769,1.5498395372567468,-0.8445524333943613,4.0,4.383589328735596,1.0011393896151692,-1.5767201089757676,0.702074445294264,-0.3075372776960152,0.0583918199073931,5.0,0.2,casci,vtz,4,0.01
-45.2121051446166,13,1.0800399917277312,0.9199600082757404,0.9199600082443307,1.0800399917521917,0.06786259401850034,-0.07823077999632955,3.9999999999999942,4.031913892343628,0.9994251611385554,-3.015956946171811,-0.962308800890709,0.4999999999999986,0.24956887085391743,5.0,0.2,casci,vtz,4,0.01
-45.029327213868186,14,0.9853675863589946,1.0146324136418272,1.0146324136419111,0.9853675863572673,0.7823704457207128,1.3967063523657037,4.0,4.162361420094475,1.0141120586935717,-1.243101138084976,-0.6587294945025719,-0.4190397859811311,0.17962383000130988,5.0,0.2,casci,vtz,4,0.01
-45.002126825330265,15,1.0516194692049567,0.9483805307919861,0.9483805308206499,1.0516194691824055,-0.0329142453251903,0.025444345513570388,3.9999999999999982,4.006392210473363,0.9940074964109502,-2.9873023004886208,0.9836667010029172,0.4920530976259697,0.253452524682244,5.0,0.2,casci,vtz,4,0.01
-44.79870557413838,16,0.9740274677511211,1.0259725322491948,1.0259725322534947,0.9740274677461874,0.4356296396486274,0.6068490263642522,3.9999999999999982,4.090410836506667,1.009579999153612,-1.1468691758877378,-0.9053269669255415,-0.44916812118279803,0.20635312054800792,5.0,0.2,casci,vtz,4,0.01
-44.62480993813698,17,0.9442804735327359,1.0557195264672972,1.0557195264678128,0.9442804735321512,-0.6261586084354827,0.17145243349343287,3.9999999999999973,4.131674352642305,0.9690665815902856,-3.0658371763211516,0.9089989155320239,0.49999999999999944,0.2267999361927151,5.0,0.2,casci,vtz,4,0.01
-44.572954638234684,18,0.994613465443729,1.0053865345795963,1.0053865345573407,0.9946134654193318,0.00221770942381376,0.0006888177241085175,3.999999999999998,4.016939301930593,0.9999898684053103,-3.0084696509652957,-0.9915190247936114,0.4999999999999995,0.2499924013039838,5.0,0.2,casci,vtz,4,0.01
-44.46081844021481,19,1.0217496542860856,0.9782503457129137,0.9782503457051597,1.0217496542958397,0.03508475287732547,0.05218200766737907,3.9999999999999987,4.033669802022709,1.0042080105812508,-1.0649618772220282,-0.9712190945402097,-0.47593651189466335,0.22909251983060253,5.0,0.2,casci,vtz,4,0.01
-44.367375456138866,20,0.9839462944473911,1.0160537055272258,1.0160537055586296,0.983946294466751,-0.4077698159528633,0.6923636119364112,3.999999999999998,4.059822364208612,0.9827345687305771,-3.0285276527786613,0.8925802677831429,0.49930823533717766,0.2377426912107554,5.0,0.2,casci,vtz,4,0.01
-43.89730996206624,21,0.9880524044822521,1.011947595512816,1.011947595526789,0.9880524044781425,-1.1661758902496473,-0.02134243534336025,3.999999999999999,4.1616154089176725,0.9531775648543419,-1.0361356673573578,0.877736929271911,-0.5223360185507391,0.23721919219149612,5.0,0.2,casci,vtz,4,0.01
-42.99942925552353,22,0.9847682914783544,1.0152317085296543,1.0152317085212035,0.9847682914707856,-0.005447981303644406,-0.003594978308579494,3.9999999999999973,5.961860962766095,0.9998232319596462,-3.980930481383046,-0.0018665905142249157,0.49999999999999933,0.24986742396973527,5.0,0.2,casci,vtz,4,0.01
-42.95927316716424,23,1.0103115698137093,0.9896884301954512,0.9896884301861641,1.0103115698046743,-0.04585178263438658,0.05525449592532107,3.9999999999999987,5.899854935095062,0.9980633946120581,-3.842740160479788,0.03488254184945978,0.44640634646612865,-0.6978588005070838,5.0,0.2,casci,vtz,4,0.01
-42.36289391038192,24,1.0263273568269553,0.9736726431642609,0.9736726431736153,1.0263273568351647,-1.5826728218685306,0.10945884290500904,3.9999999999999964,5.611481049356989,0.9993720353023795,-3.8057211308512784,-0.19289202108270073,0.4999903030863919,0.24953872339039251,5.0,0.2,casci,vtz,4,0.01
-42.294289119352456,25,1.0663728593984532,0.9336271405921985,0.9336271406021965,1.0663728594071524,-1.627059296087231,0.07459318909063936,4.000000000000001,5.531295516312024,1.0016993453414877,-3.298231397819122,0.20563607955809624,0.2662918198315549,-0.5150173108254379,5.0,0.2,casci,vtz,4,0.01
-41.94800091368337,26,0.9320992921106204,1.0679007079997493,1.0679007078857885,0.9320992920038386,-1.2462964259236204,-0.0013458488753431974,3.9999999999999964,5.13134765018256,1.086343864567374,-3.1280737575479454,-0.17099602088373472,0.2811999662283325,-0.46644206780280045,5.0,0.2,casci,vtz,4,0.01
-41.91116995623866,27,1.001844990559169,0.9981550093302293,0.9981550094450191,1.0018449906655773,-1.8141827071768521,-0.07499183458747008,3.9999999999999947,5.398770122188643,1.0027470558039648,-3.107184451928858,0.29746261401984986,0.20389969541726827,-0.4518394035642922,5.0,0.2,casci,vtz,4,0.01
-41.90976217390193,28,1.0134632816436069,0.986536718363491,0.9865367183568038,1.0134632816360951,-1.7865853583714841,0.3298460997781053,3.999999999999997,5.421244284439689,0.9987334021576855,-3.710622142219843,-0.26947244671408604,0.4999999999999992,0.24905005161826493,5.0,0.2,casci,vtz,4,0.01
-41.359439810931306,29,0.9700362129070805,1.0299637870856393,1.0299637870936842,0.9700362129135951,-3.0202581901660706,3.8046029927241154e-05,3.999999999999999,5.244392629234779,0.9901356818713082,-3.592722586934091,0.3671832907931112,0.4852631361583507,0.2573386252451304,5.0,0.2,casci,vtz,4,0.01
-38.73626114348241,30,1.000349962898989,0.999650037102576,0.999650036942069,1.0003499630563633,-1.5688901226556062,0.0074872068463631425,3.9999999999999973,0.46945261750563183,1.8986432104002318,-0.1481726898744938,-0.4338916333426914,-0.04327680943916107,0.4672592172393367,5.0,0.2,casci,vtz,4,0.01
-38.60941141340768,31,0.9990231877319755,1.0009768122664437,1.0009768124270004,0.999023187574577,-2.1661865002263214,-5.5960626568068994e-05,3.9999999999999964,0.6633790987185915,1.8470607525032188,-0.22946502195778815,-0.1276690510350926,-0.051112263700753766,0.4364078280781696,5.0,0.2,casci,vtz,4,0.01
-32.6391180845326,32,1.7070442515143456,0.2929557484856522,0.2929557484855818,1.7070442515144153,-0.5630163087674674,0.09434300055436964,3.9999999999999947,5.9575027415550394,1.9796284695550606,-3.9386453310702665,0.021173119819237834,0.4799469801463734,0.004774372019923801,5.0,0.2,casci,vtz,4,0.01
-32.59710034895649,33,0.2934848820839844,1.706515117916029,1.7065151179160516,0.2934848820839342,-0.628736518684106,0.11730559377538186,3.999999999999999,5.9391007014571215,1.9763609300315028,-3.9215600431122546,0.20101640482453492,0.47600484619184724,0.006265851331779984,5.0,0.2,casci,vtz,4,0.01
-31.527949598500953,34,0.999852040436701,1.000147962660749,1.000147959557994,0.9998520373445557,-0.402615748840825,0.11384931610630827,3.9999999999999996,5.978883780817156,1.988758894408872,-3.9685300605461284,-0.010343647956078792,0.4895440850687752,0.002025085737879816,5.0,0.2,casci,vtz,4,0.01
-31.519242828893287,35,0.99967752463192,1.0003224722706199,1.0003224753733613,0.9996775277240921,-0.43749277534758574,0.1105878876209079,3.999999999999993,5.97189457390736,1.9877433005780252,-3.962123399258751,0.13279572448693866,0.48808805615253564,0.0027194192809849296,5.0,0.2,casci,vtz,4,0.01
-54.34871620149031,0,0.9998343626009483,1.000165637399057,1.000165637399106,0.9998343626008834,1.851353670725231,-0.01685255569485912,3.9999999999999947,4.788396464891681,0.09160385606803975,0.38741214061454876,0.09076880912853416,-1.3908051865301947,0.45950807858122666,5.0,0.4,casci,vtz,4,0.01
-54.17015581537865,1,1.0003119323246425,0.9996880676754143,0.9996880676753918,1.0003119323245464,1.3753673572520602,-0.0034434379738498555,3.9999999999999947,4.066958095965127,0.06399144075362871,-0.31834683315870516,0.061476626649501424,-0.8575661074119291,0.9055596879771506,5.0,0.4,casci,vtz,4,0.01
-54.06719787618966,2,0.999518594793692,1.000481405206267,1.0004814052063202,0.999518594793716,0.8230496588240785,-0.11177734485679765,3.9999999999999956,5.9113125255065455,0.04507157293760133,-3.95565626275327,0.0440678668772598,0.499999999999999,-0.4661963202967976,5.0,0.4,casci,vtz,4,0.01
-53.92666386893574,3,1.0001157387201407,0.9998842612798671,0.9998842612798522,1.0001157387201347,0.6991495049773329,-0.1927077803211264,3.9999999999999947,5.752525228598804,0.0269536195700981,-3.139885518197045,0.025483124119000312,0.13181145194882127,-1.111596237271245,5.0,0.4,casci,vtz,4,0.01
-53.88277937880264,4,0.9996602579981418,1.0003397420018647,1.0003397420018556,0.9996602579981338,0.49142179804535197,-0.11987698733995654,3.999999999999996,5.903111046736326,0.017127800511893783,-3.8548601371700104,0.016147914717799652,0.45165230690092345,-0.43880645651700245,5.0,0.4,casci,vtz,4,0.01
-53.81077701447312,5,0.9999999999999997,0.9999999999999993,0.9999999999999962,0.9999999999999994,-1.27675647831893e-15,1.942890293094024e-16,3.9999999999999947,5.333333333333316,1.0229295198476502e-16,-5.333333333333316,-1.7347234759675984e-17,1.3333333333333286,0.6666666666666663,5.0,0.4,casci,vtz,4,0.01
-47.00493161620568,6,0.9774264186198804,1.0225735813848917,1.0225735813756491,0.9774264186195739,3.4330699419410147,-0.003666762586584056,3.9999999999999956,4.164249452598298,1.0652950158295864,-1.5727408871758126,-0.7208395588463471,-0.25469191956166837,0.05366318143386076,5.0,0.4,casci,vtz,4,0.01
-45.96597155780335,7,0.9870293223118056,1.0129706777188687,1.0129706776859844,0.9870293222833371,1.5533263370150605,-0.16869018087951193,3.9999999999999956,4.53502888485713,0.9983359870624041,-3.267514442428563,-0.7186922590904579,0.4999999999999991,0.24875199029680373,5.0,0.4,casci,vtz,4,0.01
-45.95874495619352,8,1.110718692280115,0.8892813077173822,0.889281307712288,1.1107186922902073,1.5535453499714844,-1.5161465340049767,3.9999999999999925,4.465836206742191,1.0110209165564767,-1.7229244632671512,0.27957583298200883,-0.254996820051972,0.013262507469332274,5.0,0.4,casci,vtz,4,0.01
-45.8036699325546,9,0.7821816647251065,1.2178183352702399,1.2178183352757688,0.78218166472888,1.4452532331310095,-0.6086583225222453,3.999999999999995,4.382217182069597,0.9941052431502255,-3.1766632558237644,-0.5789122163977451,0.49277733239448296,0.2528015999681863,5.0,0.4,casci,vtz,4,0.01
-45.72599713113517,10,1.158069273984529,0.8419307259917124,0.8419307260062971,1.1580692740174605,1.6049764405083733,-0.13266068144987728,3.999999999999999,4.6910580522838945,0.9670370749388273,-3.2535916565346925,0.43229984875997834,0.45403131519637263,0.2712464910077484,5.0,0.4,casci,vtz,4,0.01
-45.57096178354917,11,0.8970109628713523,1.102989037136035,1.1029890371362647,0.8970109628563441,1.335083081605219,-0.09807550407603666,3.999999999999996,3.690675450065601,1.074361237273818,-1.017518853050285,0.9917384708969758,-0.4139094359912578,0.21968036394662366,5.0,0.4,casci,vtz,4,0.01
-45.494623426721596,12,1.0365911769234257,0.9634088230724906,0.9634088230655857,1.0365911769384906,1.4733513269478573,-0.6746159377671672,3.999999999999993,4.327859231876968,1.0011932050810954,-1.495391702509301,0.7666111657230792,-0.3342689567145915,0.08516386052541602,5.0,0.4,casci,vtz,4,0.01
-45.23111552237748,13,1.121475997150498,0.8785240028520802,0.8785240028221495,1.1214759971752688,0.17414836825520885,-0.1779354112597236,3.9999999999999964,4.068521627828944,0.9982999833916081,-3.0342608139144693,-0.9168168867527169,0.4999999999999989,0.24872498754370728,5.0,0.4,casci,vtz,4,0.01
-45.18312821099088,14,0.992013927146689,1.0079860728537153,1.0079860728640524,0.9920139271355364,0.9316785571095881,1.5425519768255431,3.9999999999999933,4.234631464682656,1.0164873508370518,-1.3502869573494034,-0.5301242073746604,-0.38351438749596223,0.14587990062375444,5.0,0.4,casci,vtz,4,0.01
-44.969452489043405,15,1.0936204685280893,0.9063795314693274,0.9063795314973453,1.0936204685052333,-0.10126044828683549,0.06868017209080196,3.9999999999999956,4.014569146662682,0.9827862621001608,-2.9597445181755004,0.9539188778631926,0.47622997242208004,0.2608597241530398,5.0,0.4,casci,vtz,4,0.01
-44.78073079840085,16,0.9846959885299754,1.0153040114671894,1.0153040114691572,0.9846959885336727,0.18806247447185948,0.2662853834668709,3.9999999999999947,4.057694803501427,1.015337182940356,-1.151577406681605,-0.9182338063307048,-0.43863499753455437,0.20013788473982327,5.0,0.4,casci,vtz,4,0.01
-44.66903048002062,17,0.8712170503835343,1.1287829496157218,1.1287829496195756,0.8712170503811633,-0.7098114018180648,0.12376978725978163,3.999999999999995,4.170100330758373,0.9604674220537255,-3.085050165379184,0.8500972138449271,0.4999999999999987,0.22035056654029558,5.0,0.4,casci,vtz,4,0.01
-44.450266250253456,18,1.0177777328644786,0.9822222671583709,0.9822222671353111,1.0177777328418327,0.015022851054804734,0.008233597888076746,3.999999999999993,4.058570277222827,0.9997746596192569,-3.0292851386114106,-0.9518062346115915,0.49999999999999856,0.2498309947144438,5.0,0.4,casci,vtz,4,0.01
-44.41320856733075,19,1.001947316709923,0.9980526832955159,0.9980526832827157,1.0019473167118391,0.18198305409408266,0.18013454189155303,3.999999999999994,4.11518052648886,1.00648405296027,-1.1829335717846121,-0.9303855878624825,-0.4373283457299092,0.1921913854501141,5.0,0.4,casci,vtz,4,0.01
-44.18172739168639,20,0.9704892782226358,1.0295107217537423,1.029510721784861,0.9704892782387575,-0.3873503726177909,0.7646442434561395,3.9999999999999964,4.037215144712253,0.9848993676711177,-3.0124896440877285,0.8913812434197124,0.49694103586580096,0.24173348988753754,5.0,0.4,casci,vtz,4,0.01
-43.83829263673126,21,0.9723482815147615,1.0276517184770393,1.0276517184958491,0.9723482815123425,-1.0896061610569983,-0.054482272690428935,3.9999999999999925,4.232663467792683,0.9579280682291367,-1.1574560112834316,0.843580206742115,-0.47943786130645494,0.1978839124783106,5.0,0.4,casci,vtz,4,0.01
-42.8969346784351,22,0.9824607443486837,1.0175392556655518,1.017539255650352,0.9824607443354071,-0.01661234805075365,-0.01142408129655706,3.9999999999999947,5.908442879863973,0.9993607361041708,-3.9542214399319846,-0.00024541355314507975,0.4999999999999989,0.24952055207812932,5.0,0.4,casci,vtz,4,0.01
-42.84678079771925,23,1.021011317031612,0.978988682982881,0.9789886829681568,1.0210113170173463,-0.069745556180592,0.08419101442481089,3.999999999999996,5.814713800245232,0.9971310736663416,-3.708868081443778,0.06410740832614774,0.400755590660581,-0.6529072854108229,5.0,0.4,casci,vtz,4,0.01
-42.429413028388495,24,1.0267500971555084,0.9732499028296248,0.97324990284566,1.0267500971692036,-1.4523904202234243,0.03193090320048195,3.999999999999997,5.683177660867063,0.9995394074606545,-3.841570500315421,-0.15511201613179096,0.49999083494094476,0.24966372065454628,5.0,0.4,casci,vtz,4,0.01
-42.34021978593884,25,1.0414719162726493,0.9585280837125978,0.9585280837283705,1.041471916286376,-1.5168863546783067,0.12175866488065623,3.9999999999999933,5.576434224889129,1.0015295347645692,-3.3646698378012445,0.16342994653935167,0.2882263626783398,-0.5370792116049103,5.0,0.4,casci,vtz,4,0.01
-41.73246595076411,26,0.9599164417489914,1.0400835582911778,1.0400835582489263,0.9599164417109018,-1.1781727902776766,-0.0007928208915910784,3.9999999999999973,5.0569067181778,1.0853065385729568,-3.0098998057507975,-0.21366558717190473,0.24072322333094878,-0.4267433194012292,5.0,0.4,casci,vtz,4,0.01
-41.61963332203009,27,1.0057926112823299,0.9942073886775046,0.9942073887208617,1.0057926113193019,-1.8487192936225336,-0.08997959484743623,3.9999999999999982,5.309984278308775,1.0085345165610828,-3.001490072926243,0.33256042083701653,0.17324896688592767,-0.4168480794651135,5.0,0.4,casci,vtz,4,0.01
-41.59481170949982,28,1.0205205581738102,0.9794794418369874,0.9794794418264355,1.0205205581627643,-1.8391234652803372,0.3378236331447389,3.9999999999999973,5.348023473962136,0.99868963883122,-3.6740117369810665,-0.30660428671427514,0.49999999999999933,0.24901722912341578,5.0,0.4,casci,vtz,4,0.01
-41.17250786229206,29,0.9689170270348539,1.0310829729542101,1.0310829729666313,0.9689170270443034,-2.9760175878087605,-0.0006158894615045929,3.9999999999999987,5.221693670702979,0.9905134034134809,-3.5827334547341323,0.3787997211193217,0.4859433096913215,0.256941742868789,5.0,0.4,casci,vtz,4,0.01
-38.69143858850645,30,1.0007980277772146,0.9992019722263313,0.999201972029163,1.00079802796729,-1.5571323577897263,0.009572345016782141,3.9999999999999987,0.5536603128433752,1.8876103839277816,-0.18811944538591652,-0.5134540193990944,-0.04435535551788557,0.46006314346372246,5.0,0.4,casci,vtz,4,0.01
-38.54808979913974,31,0.9982258296378775,1.0017741703585648,1.0017741705560348,0.9982258294475188,-2.2213520128018436,-0.00025592825247910955,3.999999999999996,0.7196960008590403,1.8344293921997883,-0.24935545491443845,-0.1382582764354055,-0.05524627275754085,0.4310683169073841,5.0,0.4,casci,vtz,4,0.01
-33.11697577459669,32,1.4859396841398969,0.5140603158601037,0.5140603158600432,1.4859396841399537,-0.646600934042288,0.09654297909384318,3.9999999999999973,5.944489259905829,1.9728048583856062,-3.918793428602886,-0.0010415146284153687,0.4732743993249857,0.006329244464219523,5.0,0.4,casci,vtz,4,0.01
-33.05730641630211,33,0.5147637108740917,1.4852362891259112,1.4852362891259636,0.5147637108740293,-0.7762857568689017,0.12753278607947838,3.9999999999999956,5.901017629708329,1.96569293573889,-3.8788870946293255,0.31145428484153426,0.46418913988758026,0.01008056191659016,5.0,0.4,casci,vtz,4,0.01
-30.923284977164293,34,0.9997249145157642,1.0002750912213823,1.0002750854697124,0.9997249087931391,-0.360055639696997,0.11115285925872956,3.999999999999998,5.981979041608399,1.9904250776513552,-3.973431333382153,-0.008658295615584325,0.49122090628897686,0.0015979019495415566,5.0,0.4,casci,vtz,4,0.01
-30.918094584278435,35,0.9996526808024306,1.0003473134604142,1.0003473192120835,0.9996526865250688,-0.3827201048278287,0.10785314019440884,3.9999999999999973,5.978073102881392,1.989871183185648,-3.969848881145703,0.10535118352883421,0.4904061648525036,0.001997222536733541,5.0,0.4,casci,vtz,4,0.01
-54.44098706275073,0,0.9997924829349446,1.0002075170650628,1.0002075170650455,0.9997924829349486,2.0058380756044962,-0.01973987340480459,4.000000000000002,4.813223378677528,0.11617498374274135,0.16175367038437538,0.11505382315109962,-1.2841826798615696,0.3713139176686253,5.0,0.6,casci,vtz,4,0.01
-54.16495215667417,1,1.000205019906276,0.9997949800937946,0.9997949800937269,1.0002050199062023,1.453432533109039,-0.0026951102002691074,3.9999999999999996,4.053132861461262,0.0750562635057298,-0.32313046634981435,0.07228822272211645,-0.8517179821904084,0.9080101798197061,5.0,0.6,casci,vtz,4,0.01
-54.07157829371566,2,0.9992812623437916,1.0007187376561577,1.0007187376561921,0.9992812623438584,0.9282560795726198,-0.11615126661873884,3.9999999999999996,5.885639009886673,0.05797986699769993,-3.942819504943335,0.05680047332799716,0.49999999999999944,-0.456515099751725,5.0,0.6,casci,vtz,4,0.01
-53.82422048302533,3,1.000323569625274,0.9996764303747354,0.9996764303747209,1.0003235696252681,0.6734695039978461,-0.19602445894574005,3.9999999999999982,5.703747228560761,0.025484278552804218,-2.935723645552958,0.02380413012566321,0.041925015636288976,-1.022811806721685,5.0,0.6,casci,vtz,4,0.01
-53.78125659564406,4,0.9998088808960034,1.0001911191040036,1.0001911191039943,0.9998088808959984,0.44220877724216506,-0.12633245425037837,3.9999999999999996,5.92019616687765,0.015603989275346498,-3.8841956797138986,0.014545121851916261,0.4620487981375367,-0.45034580618102793,5.0,0.6,casci,vtz,4,0.01
-53.71913112184249,5,0.9999999999999976,1.0,0.9999999999999993,0.9999999999999989,3.677613769070831e-15,9.71445146547012e-17,3.9999999999999956,5.333333333333266,-1.094141635068838e-16,-5.333333333333266,1.7173762412191593e-16,1.3333333333333166,0.6666666666666807,5.0,0.6,casci,vtz,4,0.01
-47.11251902610953,6,0.9737669761210513,1.0262330238849748,1.0262330238726345,0.9737669761213378,3.4551328145298372,-0.005039279113114994,3.9999999999999987,4.126459493036145,1.0721853499865062,-1.550448071313331,-0.718684916810509,-0.25639083760237075,0.060529850092250176,5.0,0.6,casci,vtz,4,0.01
-46.11716414522308,7,0.9993785665925554,1.0006214334342978,1.0006214334070058,0.9993785665661414,1.4970016206754106,-0.07066294677437882,4.0,4.560507299976258,0.99859873505808,-3.2802536499881283,-0.714269489928067,0.49999999999999967,0.24894905129356,5.0,0.6,casci,vtz,4,0.01
-46.10489326404397,8,1.126585714661742,0.8734142853343335,0.8734142853297033,1.1265857146742189,1.4949431305445184,-1.6150189636906638,3.9999999999999973,4.474349371563688,1.013122166829586,-1.7282800038252533,0.15229469315454097,-0.2544473409782956,0.014288966100485828,5.0,0.6,casci,vtz,4,0.01
-45.837501522616236,9,0.7603762496658742,1.23962375032762,1.2396237503303862,0.7603762496761204,1.4888657795259441,-0.43120907920157936,4.0,4.455362434938644,0.9892571251973084,-3.1957670567514134,-0.3609123306827049,0.4840429196410455,0.25789992425693486,5.0,0.6,casci,vtz,4,0.01
-45.7843043388872,10,1.1634941648905985,0.8365058350926347,0.8365058350982509,1.163494164918518,1.433839515349394,-0.3237697982900328,4.000000000000002,4.592087465489914,0.9765037184699976,-3.238216696216236,0.19122080125647228,0.4710864817356396,0.26129130711685933,5.0,0.6,casci,vtz,4,0.01
-45.57629845834421,11,0.8381159519366909,1.1618840480682366,1.1618840480710717,0.8381159519239982,1.2867372173004263,-0.059755617992760676,3.9999999999999973,3.6732347851412093,1.0724496417303198,-0.9998429638675255,0.9308880037205463,-0.4183872143515395,0.2227244456492801,5.0,0.6,casci,vtz,4,0.01
-45.45047628776951,12,1.050187276133234,0.9498127238694658,0.9498127238238723,1.050187276173426,1.3789219812420646,-0.5610794169774183,3.9999999999999982,4.274493988713921,1.0015888003781095,-1.41829867666753,0.808505539243247,-0.359474158844715,0.1106657591282981,5.0,0.6,casci,vtz,4,0.01
-45.32553937470318,13,1.0362568806168242,0.9637431193817956,0.9637431194283728,1.0362568805730092,1.0895226623048868,1.613711004182731,4.000000000000002,4.305443957742293,1.0192382866603644,-1.4604712492140848,-0.36586458412920786,-0.3461253648285306,0.11055407982380362,5.0,0.6,casci,vtz,4,0.01
-45.25173002431748,14,1.1182192330572083,0.8817807669433009,0.881780766916566,1.118219233082923,0.268922958388563,-0.20251565742059052,3.9999999999999982,4.100636733211054,0.9975924117369752,-3.0503183666055262,-0.8996420058347402,0.49999999999999933,0.24819430880273224,5.0,0.6,casci,vtz,4,0.01
-44.90272715318647,15,1.1203830383144235,0.8796169616839179,0.8796169617108567,1.1203830382907989,-0.18073494779814148,0.10660587944668301,3.999999999999997,4.024256234655773,0.9682209939278941,-2.9216190420969954,0.9214809597219424,0.4547454623845547,0.27142028306136684,5.0,0.6,casci,vtz,4,0.01
-44.88377093728898,16,1.000371466517138,0.9996285334762951,0.999628533478692,1.000371466527876,0.06540004356489804,0.14484415343141346,4.000000000000001,4.074533122483405,1.0265339584358149,-1.242159128101954,-0.8755460216236604,-0.39755371656987426,0.1674541853967349,5.0,0.6,casci,vtz,4,0.01
-44.66723360775223,17,0.8655376827355605,1.1344623172633712,1.1344623172703416,0.865537682730722,-0.8091123147548894,0.05364819604646909,3.999999999999995,4.216762876676695,0.9492131511262009,-3.1083814383383466,0.8104943922479924,0.49999999999999956,0.2119098633446515,5.0,0.6,casci,vtz,4,0.01
-44.2954408069031,18,1.0055473287664602,0.9944526712603774,0.9944526712318977,1.0055473287412657,0.02057981154354062,0.01304615625105189,4.000000000000001,4.111518760201237,0.9993056020962233,-3.055759380100619,-0.9039128227857571,0.5000000000000004,0.24947920157216763,5.0,0.6,casci,vtz,4,0.01
-44.285685375206015,19,0.9682311091156204,1.0317688908975369,1.0317688908775167,0.9682311091093228,0.22279429497794645,0.13940887392460635,3.9999999999999964,4.1725735000481805,1.0051919164153365,-1.260769247111285,-0.9112253105752313,-0.41275875145640284,0.16665268876790607,5.0,0.6,casci,vtz,4,0.01
-43.97571486344604,20,0.9563946535652491,1.0436053464072612,1.0436053464437762,0.9563946535837127,-0.4167174852699047,0.8382612822869401,3.999999999999999,4.026536283373758,0.9846334557148535,-2.9992282636155183,0.8817288936381285,0.4929800609643198,0.24549503082182028,5.0,0.6,casci,vtz,4,0.01
-43.752429080121054,21,0.9550492613108383,1.0449507386747352,1.0449507387010561,0.9550492613133674,-1.0037748066614491,-0.09839366025381693,3.9999999999999973,4.330754912457866,0.9634499032334638,-1.3206362993493796,0.7954375587929008,-0.42237057843977677,0.1449580058648762,5.0,0.6,casci,vtz,4,0.01
-42.74941682691679,22,0.9901279901721359,1.0098720098577318,1.0098720098258733,0.9901279901442587,-0.02852814488976685,-0.017714069971502377,3.9999999999999996,5.841521927232186,0.9986666514614917,-3.9207609636160914,-0.009433047051482594,0.4999999999999992,0.24899998859611833,5.0,0.6,casci,vtz,4,0.01
-42.68689256652546,23,1.03477585601962,0.9652241440071421,0.9652241439799074,1.03477585599333,-0.10269949489983035,0.12157668443779024,3.9999999999999996,5.7106089229335515,0.996134829095541,-3.5454405497641623,0.10860344186339918,0.3450680441486934,-0.5979669223270377,5.0,0.6,casci,vtz,4,0.01
-42.42503719350622,24,1.025499406894483,0.9745005930750654,0.9745005931078662,1.0254994069225845,-1.304313637499139,-0.05946017671850165,3.999999999999999,5.736939276745716,0.9997021439128784,-3.8684349483529337,-0.11501842464285776,0.4999826549900376,0.24979395294462087,5.0,0.6,casci,vtz,4,0.01
-42.312961169345044,25,1.0302114976322612,0.969788502340545,0.969788502369595,1.0302114976575985,-1.3959150267308023,0.17153224320013638,4.0,5.5977262507456444,1.0020416887611527,-3.398294663840849,0.11835656092201963,0.2997157692340132,-0.5481845026631489,5.0,0.6,casci,vtz,4,0.01
-41.41706727611423,26,0.9803154705060003,1.0196845295422388,1.0196845294901078,0.980315470461651,-1.0860812508091824,0.0008385913276535983,3.999999999999998,4.962145102709597,1.086586200786455,-2.8722054536486676,-0.25934641554987803,0.1955664511469348,-0.38062680055709264,5.0,0.6,casci,vtz,4,0.01
-41.27201457413127,27,1.0072636645759276,0.9927363353755969,0.9927363354297618,1.0072636646187139,-1.8659143659887643,-0.10466133637691191,4.0,5.211130223288249,1.0181604466828027,-2.8991624883578906,0.36401703451097084,0.146798688356883,-0.38317835334478095,5.0,0.6,casci,vtz,4,0.01
-41.214257417881704,28,1.0219079363719499,0.9780920636492232,0.9780920636276693,1.0219079363511558,-1.8771200105354509,0.3403495884876929,3.9999999999999982,5.283413392815875,0.9986435815233252,-3.6417066964079376,-0.3400374999759416,0.5000000000000002,0.24898268614249452,5.0,0.6,casci,vtz,4,0.01
-40.886225790703605,29,0.9738385858274075,1.0261614141512552,1.0261614141755993,0.9738385858457348,-2.9165805346593237,-0.0014005430728589174,3.9999999999999964,5.191489276457265,0.9910223099959878,-3.5694078469031774,0.39466675613498736,0.48683160433727246,0.25643512815971853,5.0,0.6,casci,vtz,4,0.01
-38.622817366178936,30,1.0013142225599823,0.9986857774459936,0.998685777220761,1.00131422277326,-1.5262294745541383,0.013753710666463775,3.9999999999999973,0.697758646514925,1.8714913535240387,-0.2616036947961091,-0.6394337670946735,-0.04363781423067669,0.4472563293737065,5.0,0.6,casci,vtz,4,0.01
-38.445803331973885,31,0.9973160504265063,1.0026839495676536,1.002683949793297,0.997316050212538,-2.312056042926211,-0.0006240961102455811,3.9999999999999947,0.8082977022228608,1.8145514324080807,-0.28154093609625674,-0.15438559626953774,-0.061303957507586805,0.4222175318136494,5.0,0.6,casci,vtz,4,0.01
-33.527262661427876,32,1.1426403302591437,0.8573596697408556,0.8573596697408359,1.1426403302591623,-0.7366645131211615,0.12282067596232962,3.9999999999999973,5.929258065900681,1.9636283289036949,-3.894267233387749,-0.03161369607442714,0.4648191002187039,0.007902146459068893,5.0,0.6,casci,vtz,4,0.01
-33.434902281827476,33,0.858327774742403,1.1416722252575955,1.1416722252577483,0.8583277747422497,-0.9721163956642613,0.11408389578221176,3.9999999999999964,5.835646204498961,1.9496471431238604,-3.80876424283848,0.4579711210285155,0.44547057029449955,0.01676478704839743,5.0,0.6,casci,vtz,4,0.01
-30.29220793399744,34,0.9996001598709802,1.0003998526232873,1.0003998400922889,0.9996001474134428,-0.3281968138485192,0.11011893031696957,3.999999999999999,5.98377084004022,1.9913206528285383,-3.9762838232201143,-0.007673839336448518,0.4921992016000022,0.0012912880214021897,5.0,0.6,casci,vtz,4,0.01
-30.289021745438582,35,0.9995542844337102,1.0004457030720046,1.0004457156030124,0.9995542968912703,-0.34311153886252527,0.10764793963317973,3.9999999999999973,5.981510969386971,1.9910186379207708,-3.974227966097489,0.08884224095066787,0.4917362407020016,0.0015277377385770191,5.0,0.6,casci,vtz,4,0.01
