energy,state,n_0,n_1,n_2,n_3,n_4,n_5,n_6,n_7,t_1,t_2,trace,densityNN,doccp,exchange,hophop,sisj,sisjNNN,r,delta,method,basis,CAS active nMO,hf smearing
-108.17096625322239,0,0.999999991830328,0.9999999779574587,1.0000001031391768,0.9999999286912826,0.9999999220095737,1.000000106803454,0.9999999744203354,0.999999995148384,7.181447702494608,-0.0346234669071758,7.999999999999993,9.153207998967115,0.658871573600226,0.23686520353250873,0.6008031267670978,-2.4067346015080333,2.2138210375583194,3.6,0.0,casci,vtz,8,0.01
-107.72038726201166,1,1.0000000230177375,0.9999999431295448,1.000000080279627,0.9999999525256447,0.9999999562045259,1.0000000777537232,0.9999999446285277,1.0000000224606647,6.824581848095013,-0.06404279680226582,7.999999999999995,8.755196778224988,0.6513500447682461,-0.3496240066305063,0.5695987995592607,-2.013987191240994,2.29787617532695,3.6,0.0,casci,vtz,8,0.01
-107.36087421753474,2,1.0000000101378537,0.9999999637289624,1.0000000805147304,0.999999945555123,0.9999999480822455,1.0000000797201885,0.9999999649839866,1.000000007276905,6.481173469878409,-0.34847552388769154,7.999999999999995,9.666662126042146,0.6413747046939341,-1.7406882591117219,0.565951676004392,-1.5463214019546758,0.5221772677481797,3.6,0.0,casci,vtz,8,0.01
-106.96526378566827,3,1.000666980112218,0.9993331795839759,0.9993330973292844,1.0006667472439115,1.000666920044221,0.9993332797443308,0.9993330009020205,1.0006667950400248,5.8764466247229485,-0.3648814314029657,7.999999999999988,10.0157398084575,0.5584648950142558,-2.4829431395822326,0.503831851368901,-1.262463382323259,1.0453659587278006,3.6,0.0,casci,vtz,8,0.01
-106.96526348405007,4,0.9993331336056421,1.000666661489586,1.0006669424313328,0.9993332612391467,0.999333083266591,1.0006667638348166,1.000666839147141,0.9993333149857438,5.87644714845882,-0.36488231132009763,8.0,10.015738246661794,0.5584650879633106,-2.482942385951549,0.5038320379299456,-1.2624633686896747,1.0453650269657506,3.6,0.0,casci,vtz,8,0.01
-106.65595243022916,5,0.9995614848557344,1.000438413685039,1.0004385767009643,0.9995615309852365,0.9995614329561042,1.0004385031743839,1.0004384974684775,0.9995615601740662,5.593345360977047,-0.35150132413153024,8.000000000000007,9.772537378642332,0.542676805138547,-2.8573781814805983,0.47487356874098036,-1.0144452539202833,1.3277584340835982,3.6,0.0,casci,vtz,8,0.01
-106.65595178252181,6,1.0004384188129922,0.9995616312481651,0.9995616658197706,1.000438285164419,1.0004383624628046,0.9995617432391548,0.999561549283924,1.0004383439687627,5.593345086624142,-0.35150083081838557,7.999999999999993,9.772538534145696,0.5426767894284693,-2.857379538101186,0.4748734376554129,-1.0144448644858308,1.327756727752608,3.6,0.0,casci,vtz,8,0.01
-106.34049842545545,7,0.9999875688401089,1.0000124136043897,0.9999877119134605,1.0000123105546224,0.9999874661941328,1.0000125497718373,0.9999875888065094,1.000012390314927,5.19896291734053,-0.7012812854018773,7.999999999999988,10.22906117627949,0.5096485022773298,-3.704562732566514,0.4477770232680834,-0.7049839277866159,0.5463533356901551,3.6,0.0,casci,vtz,8,0.01
-106.3404983375972,8,1.0000123913994037,0.9999875779465828,1.0000124988073757,0.9999875262149568,1.000012358776136,0.9999876704154176,1.0000124023513202,0.9999875740888171,5.198962619404998,-0.7012809026246678,8.00000000000001,10.22906122635127,0.5096484164475252,-3.7045625165351925,0.44777695646156945,-0.7049840483202207,0.5463534502632859,3.6,0.0,casci,vtz,8,0.01
-106.26857083273902,9,1.003972645138441,0.9960278055427838,0.9960274509129787,1.0039720985463823,1.0039726093133723,0.9960279533024685,0.9960273045971787,1.0039721326463986,5.203406577861461,-0.7163657895055254,8.000000000000004,10.385257783216463,0.5260503715001494,-3.9894247809777372,0.4623231531877826,-0.6016020553152471,-0.06678540052153503,3.6,0.0,casci,vtz,8,0.01
-106.26856993882828,10,0.9960273586723769,1.0039721152987213,1.0039727617163492,0.9960277668183717,0.9960272669492705,1.0039722448359114,1.0039726327974785,0.9960278529115065,5.203406052964835,-0.7163664208350357,7.999999999999987,10.385258206679143,0.5260502372668732,-3.9894252581508316,0.4623229607981166,-0.6016019225943704,-0.06678559161470432,3.6,0.0,casci,vtz,8,0.01
-106.14183000685045,11,1.0000000691771196,0.9999999089967053,1.0000000030258351,1.0000000173478272,1.0000000219249838,1.0000000010981958,0.9999999109975641,1.0000000674317677,4.916990320928918,-0.03919111714005313,7.999999999999999,9.413285853205153,0.45510929390110655,-3.096142628953829,0.4116259104875595,-0.8052501488243732,2.5930145442659667,3.6,0.0,casci,vtz,8,0.01
-106.10957010461709,12,1.0000047543166943,0.9999952120607677,1.0000048254393705,0.9999952071404297,1.0000047466279975,0.9999952878118172,1.0000047470188267,0.9999952195840937,4.94071752033539,-0.8034952141670926,7.9999999999999964,10.518493648194424,0.48934268879956333,-4.315968180819926,0.43114548031591704,-0.47163932163864297,0.32964831934335537,3.6,0.0,casci,vtz,8,0.01
-106.10957009136575,13,0.999995257986622,1.00000476172251,0.9999952542312828,1.0000047239257355,0.999995188276051,1.000004791972166,0.9999952205645026,1.000004801321127,4.940717462483894,-0.8034950883249949,7.999999999999997,10.518493649282778,0.48934268043607493,-4.315968199020204,0.43114544855653847,-0.4716393128105928,0.3296482417430956,3.6,0.0,casci,vtz,8,0.01
-105.66292611972004,14,0.9999998999554173,1.0000000849246753,0.999999949844768,1.000000064295519,0.9999998416823406,1.0000001739905184,0.9999998574112595,1.0000001278954949,4.440631596864748,-0.33034641972564577,7.999999999999993,10.00469493246379,0.4300824705414195,-4.468717368698021,0.3815440942453168,-0.2668150487669372,1.1472962313982995,3.6,0.0,casci,vtz,8,0.01
-105.66292607474261,15,1.0000001122334257,0.9999998365827973,1.0000002315441479,0.9999998219155369,1.0000000557163864,0.9999999977619098,1.0000000712030521,0.9999998730427447,4.44063246378364,-0.33034688684645724,8.0,10.004694647059694,0.4300827101557018,-4.468717863284418,0.3815443374803596,-0.2668147301227146,1.1472961051834336,3.6,0.0,casci,vtz,8,0.01
-105.63007793294011,16,1.0000000076102595,0.9999999677526896,1.0000000615572946,0.9999999616742347,0.9999999671392451,1.0000000578703565,0.9999999712179843,1.0000000051779308,4.432764153717141,-0.5481150619422622,7.999999999999995,10.707570502930867,0.44318102799587955,-5.256299261797201,0.38629621558992494,-0.04874299483411637,0.9516106551157069,3.6,0.0,casci,vtz,8,0.01
-105.47221246696115,17,0.9962872174134629,1.0037122133062972,1.0037128284173071,0.9962877450399679,0.9962871877346999,1.0037122760083776,1.0037127738071587,0.9962877582727214,4.193185560746155,-0.36242343666459964,7.999999999999993,10.024697300268315,0.4029680737964513,-4.718432629320309,0.35906081671727985,-0.14695801040692458,1.4049348033336702,3.6,0.0,casci,vtz,8,0.01
-105.47221066652567,18,1.0037127780260686,0.9962877629497775,0.9962872978269388,1.003712163056986,1.0037127064271836,0.9962878565833866,0.996287203941964,1.0037122311876916,4.193184962871426,-0.3624218092070005,7.9999999999999964,10.024696924094311,0.40296785589141115,-4.71843212708683,0.35906070965025666,-0.14695816748016222,1.4049359788926026,3.6,0.0,casci,vtz,8,0.01
-105.42617072184773,19,0.9999999945168826,0.9999999891998845,1.000000063805405,0.9999999544096754,0.9999999511996884,1.0000000652098313,0.9999999872085947,0.9999999944500357,4.227759890947224,-0.4895923988814229,7.999999999999997,9.706842609905875,0.42577233343105847,-4.3820917351783475,0.38875466599483477,-0.2356647848872948,0.050081978777584135,3.6,0.0,casci,vtz,8,0.01
-105.2998160649951,20,1.0070754308616345,0.9929247524239823,0.9929246287846771,1.0070751926693713,1.0070753704655546,0.9929248209207122,0.9929245629040531,1.0070752409699955,4.038034563398735,-1.0139417749322188,7.9999999999999805,11.100891492028694,0.4150708653000174,-6.110526224165579,0.3603346679180323,0.2800402390756159,-0.011782285669630244,3.6,0.0,casci,vtz,8,0.01
-105.29981395981213,21,0.9929245177787691,1.0070752959440714,1.0070755028448766,0.9929246872539752,0.9929244894785514,1.0070753223290188,1.007075483010563,0.9929247013601734,4.0380328221090975,-1.0139440333598229,7.999999999999999,11.100892391750744,0.4150705354545224,-6.1105260354173,0.3603341609055982,0.2800399197709643,-0.011784975360659034,3.6,0.0,casci,vtz,8,0.01
-105.23551489688343,22,0.9999999281222596,1.000000064203415,1.0000001210618965,0.9999998880119298,0.9999998829097543,1.0000001239908811,1.0000000641482378,0.9999999275516218,3.9988940037528513,-1.1381512196496093,7.9999999999999964,11.069247498338097,0.42053970084401726,-6.17835685995199,0.3637704002567494,0.32186655539147035,-0.5181411350147498,3.6,0.0,casci,vtz,8,0.01
-105.13271111146216,23,0.9999999861513434,0.9999999941957909,1.00000005692667,0.999999960426657,0.9999999535210399,1.0000000539806915,0.9999999967703667,0.9999999980274432,3.9246447535908775,-0.5656724223545093,8.000000000000002,11.05679056479684,0.40495857769686633,-6.14369942003373,0.3705063462102537,0.3076520688176555,-0.46878806700535325,3.6,0.0,casci,vtz,8,0.01
-105.01421613541946,24,1.0000006294277357,0.999999358160164,1.00000069719793,0.9999993160473508,1.0000005934766985,0.9999994197632047,1.0000006351656394,0.9999993507612586,3.790380005138073,-0.6511671100646134,7.999999999999982,11.44514095942507,0.39516112444167983,-6.7834477251770995,0.35467344043679455,0.5304386227322825,-0.48354464818841714,3.6,0.0,casci,vtz,8,0.01
-105.01421612626064,25,0.9999993515161324,1.000000614394518,0.9999994301086486,1.0000006046075003,0.9999993331077912,1.000000702169313,0.9999993432427849,1.0000006208533105,3.7903798636069403,-0.6511668863180058,7.999999999999999,11.445140938279074,0.3951610791337616,-6.783447620066417,0.35467343642902155,0.5304385754634392,-0.48354456885067654,3.6,0.0,casci,vtz,8,0.01
-104.95482253080696,26,1.0006653325105352,0.9993347926791729,0.9993347309963936,1.0006651538034714,1.000665248662027,0.9993348528813526,0.9993346877937734,1.0006652006732684,3.6623057070821,-0.4730565555950393,7.999999999999996,11.345290530274463,0.3671019434664607,-6.749400670770925,0.3303555210589357,0.5383777028168467,0.7061287474213422,3.6,0.0,casci,vtz,8,0.01
-104.95482222011891,27,0.999334653577729,1.0006652157063542,1.0006653716873801,0.9993347571085356,0.9993346284927704,1.0006652687217252,1.0006653275637278,0.9993347771417684,3.662306764092009,-0.4730570760059222,7.999999999999991,11.345287136468931,0.3671022284707045,-6.749397215602556,0.33035580437505996,0.5383768236840454,0.7061221235595615,3.6,0.0,casci,vtz,8,0.01
-104.8767588826579,28,1.0054694889798945,0.99453094948786,0.9945305665054172,1.005469001706833,1.0054694255928773,0.994531007094606,0.9945305244377918,1.0054690361947025,3.576468995370412,-0.7000063053150698,7.999999999999982,10.385139114924398,0.3647253184170331,-5.920334225773264,0.32614693441663806,0.3638823341555327,0.017087243630877436,3.6,0.0,casci,vtz,8,0.01
-104.87675547127921,29,0.9945305147124546,1.0054690193720166,1.0054695478614923,0.9945309120799359,0.9945304917131659,1.0054691025322584,1.0054694578260865,0.9945309539025886,3.5764664406067492,-0.7000085692042954,7.999999999999998,10.385143242614834,0.3647247438983767,-5.92033736490732,0.326146159293027,0.3638828717999516,0.01709329782708624,3.6,0.0,casci,vtz,8,0.01
-104.7503841935289,30,0.9999999359103368,1.0000000583598725,1.0000001052834424,0.9999999014269719,0.9999999027753842,1.0000001042519377,1.00000006097016,0.9999999310218858,3.384551285256312,-0.7366794260821179,7.999999999999991,10.638334558537013,0.33945433778164213,-6.379160503757063,0.30010283419623507,0.529996612244278,0.26736222664481135,3.6,0.0,casci,vtz,8,0.01
-104.71313359942566,31,1.000821027277824,0.9991791164144304,0.9991789753769762,1.0008208687950466,1.0008210249077325,0.9991791557466984,0.9991789417759551,1.0008208897053321,3.370272734583253,-0.33254950203726197,7.999999999999996,11.023443083934872,0.3348535338295597,-6.860776932318396,0.2946896519331704,0.6745276951754797,1.423738232872352,3.6,0.0,casci,vtz,8,0.01
-104.71313293099591,32,0.9991789867045802,1.0008208318900023,1.0008210572701994,0.999179121675678,0.9991789621880223,1.000820889945777,1.000821006916642,0.9991791434090946,3.370272365358601,-0.33254911449930846,7.999999999999996,11.023442770291421,0.3348534283574533,-6.860776660808151,0.2946894502606847,0.6745276378312208,1.4237369348836222,3.6,0.0,casci,vtz,8,0.01
-104.63537944839057,33,1.0056172345401646,0.9943831901473217,0.9943828242289222,1.0056167460810104,1.0056171897798243,0.9943832565159355,0.9943827570845365,1.005616801622279,3.3274109158042453,-0.7202244196657022,7.999999999999994,11.424148433880903,0.3465362387646448,-7.286737511675575,0.3109233516169667,0.7873316473675617,-0.13741325619134892,3.6,0.0,casci,vtz,8,0.01
-104.63537612963898,34,0.994382755328495,1.0056167902695972,1.0056172982298444,0.9943831562923295,0.994382722994609,1.0056168613462675,1.005617227358063,0.994383188180789,3.327410246218122,-0.7202253749154056,7.999999999999995,11.424148407571245,0.3465361243857085,-7.286737156676609,0.3109231344935153,0.7873314764454933,-0.13741315644518304,3.6,0.0,casci,vtz,8,0.01
-104.49837077690336,35,0.9999986423985592,1.0000013537323127,0.9999983834709654,1.0000016222685884,0.9999985964074551,1.0000014066595944,0.9999983332387901,1.0000016618237364,3.103997747794425,-0.46835058869607743,8.000000000000002,11.038672821746689,0.30857909693580454,-7.1619552009788725,0.27225377425153746,0.8213093950527642,1.3551694228579763,3.6,0.0,casci,vtz,8,0.01
-104.49837074853443,36,1.000001605695429,0.9999983785990919,1.0000014843477965,0.9999985520545132,1.000001533121241,0.9999984746031263,1.0000014278752756,0.9999985437035139,3.10399684681114,-0.46835146250098886,7.999999999999988,11.038673094581524,0.3085789077743957,-7.161954949635321,0.27225351538617787,0.8213092011722793,1.3551696142655356,3.6,0.0,casci,vtz,8,0.01
-104.32691083136278,37,0.9999998619382693,1.0000001303515704,1.0000001951307502,0.9999998055825687,0.9999998212533038,1.0000001873676765,1.0000001343305853,0.9999998640452754,2.943363064596222,-0.9078561431027603,8.0,11.58963736723249,0.3131693124275937,-7.983723595855854,0.274061817116077,1.0944524561198046,-0.18691379426814336,3.6,0.0,casci,vtz,8,0.01
-104.32558424520515,38,0.9999999196613947,1.0000000959372874,1.0000001189870265,0.9999998778334359,0.9999998695912071,1.0000001358317019,1.0000000980022197,0.9999998841557259,2.940463094023084,-0.9101236285726904,8.0,11.567810777872728,0.31249441045759885,-7.960612524438198,0.27316402012651786,1.0883535677509173,-0.2432884250604458,3.6,0.0,casci,vtz,8,0.01
-104.28800169702008,39,0.9999999585882184,1.0000000218754754,1.0000000868102314,0.9999999343173827,0.9999999204551856,1.0000000896125707,1.0000000422469493,0.9999999460939846,2.908400492445082,-0.7701878407545619,7.999999999999998,11.68765790576855,0.3043836201499949,-8.05997353791515,0.27196942266876084,1.1080722925154372,0.15149856483289348,3.6,0.0,casci,vtz,8,0.01
-104.28673107554944,40,0.9999999898493819,0.9999999867793053,1.0000000790236019,0.999999943376362,0.9999999433409783,1.0000000785610061,0.9999999848166714,0.999999994252688,2.8971279594846835,-0.776070163579744,7.999999999999995,11.575270136134181,0.30139282595618927,-7.9572750290623375,0.26901110783973536,1.084819980497624,-0.2578440079140416,3.6,0.0,casci,vtz,8,0.01
-104.11801217517547,41,1.000000028176466,0.9999999768277563,1.000000005079834,1.0000000030423892,0.9999999991245916,1.0000000066580128,0.9999999988650733,0.9999999822258754,2.638215178030371,1.0895173652158974e-12,7.999999999999999,10.35061677730462,0.24818166796145938,-7.063980958222875,0.21700084532386615,0.9443362847852825,2.8798973993469454,3.6,0.0,casci,vtz,8,0.01
-104.05476250125962,42,1.0000866515313853,0.9999133512140161,0.9999133758055645,1.0000866163880096,1.0000866473278065,0.9999133732637704,0.9999133368657793,1.0000866476036636,2.6726133290509635,-0.9352206382360676,7.999999999999996,11.916828812141205,0.29471620714000935,-8.664210195936906,0.2597737236990258,1.352897894933151,-0.44779379610326175,3.6,0.0,casci,vtz,8,0.01
-104.05476235009725,43,0.9999132543605936,1.000086731526182,1.0000867798676456,0.9999132374218926,0.9999132209266489,1.0000867712751704,1.0000867423321558,0.9999132622896987,2.672613500333413,-0.9352217808057153,7.999999999999988,11.91682679670684,0.29471628811091993,-8.664208263988787,0.25977370891669155,1.3528974328176828,-0.44779343799448124,3.6,0.0,casci,vtz,8,0.01
-103.96227578288615,44,0.9999999965371736,0.9999999921726428,1.000000038155758,0.9999999705449354,0.9999999611165493,1.000000035183951,1.0000000083374863,0.9999999979515034,2.5983490997912497,-0.9030552484570729,8.0,11.821584434354651,0.2897239579430371,-8.629724069646,0.26265387760467473,1.3594659262343374,-1.07782646416278,3.6,0.0,casci,vtz,8,0.01
-103.84457419801576,45,0.9999978024609107,1.000002180597844,0.9999979422817367,1.0000020936596439,0.9999976994242679,1.0000022887323086,0.9999978351606981,1.0000021576825806,2.4429900466815826,-0.8849509626592716,7.999999999999989,11.363814584720998,0.27284127400609276,-8.382757505460106,0.24306841647078326,1.3504251065498027,-0.7009563929401323,3.6,0.0,casci,vtz,8,0.01
-103.84457413469839,46,1.000002180703687,0.9999978128495836,1.0000021613375352,0.9999978470666749,1.0000021446613503,0.9999978581766706,1.000002130845123,0.9999978643593554,2.4429884722069763,-0.8849518114693253,7.9999999999999805,11.363815174732284,0.272840931357004,-8.382757479438986,0.24306777974181548,1.3504249460364208,-0.7009567441103104,3.6,0.0,casci,vtz,8,0.01
-103.83643310415744,47,1.0064209610428811,0.9935793452228805,0.9935790629475356,1.0064206409651821,1.0064208950398865,0.9935793969237532,0.9935790340754642,1.0064206637824151,2.3195131387403967,-0.32626455411665634,7.999999999999998,10.623914272115403,0.2268439369741699,-7.730532057992182,0.1985806399454467,1.2092874609672397,1.9022335183235055,3.6,0.0,casci,vtz,8,0.01
-103.83642979070586,48,0.9935790799110569,1.0064205459551272,1.0064210768815034,0.9935792790484593,0.9935790246169336,1.0064207452354936,1.006420845418151,0.9935794029332653,2.3195110547305244,-0.3262671415170595,7.999999999999991,10.623915341521709,0.2268435034992571,-7.7305318203236,0.19857997711752476,1.2092870747813729,1.9022334939760852,3.6,0.0,casci,vtz,8,0.01
-103.7674858853812,49,0.9986731717526629,1.0013265640804563,1.0013268914422555,0.9986733611840379,0.9986731491147565,1.0013266253404676,1.0013268313740253,0.9986734057113413,2.2902980754407225,-0.7644154302220562,8.000000000000004,11.601710467627232,0.24263237064692325,-8.754298294434834,0.2143308102281976,1.4767215303106094,0.3120027384877083,3.6,0.0,casci,vtz,8,0.01
-103.76748503783257,50,1.001326792247724,0.9986734473304687,0.9986732711826429,1.0013264906494803,1.0013267365901284,0.9986735463934369,0.9986731947912701,1.001326520814835,2.2902979157852594,-0.7644125689200487,7.999999999999987,11.601711340083694,0.24263226465865012,-8.754299775141872,0.21433074697765206,1.4767220525500124,0.3120009244681675,3.6,0.0,casci,vtz,8,0.01
-103.63791103940274,51,0.9999950347492594,1.0000049293881177,0.9999951672104705,1.00000485237892,0.9999950345874802,1.0000049695329414,0.9999951093336096,1.0000049028191975,2.2078480690720745,-0.884444653655078,7.999999999999996,12.058041740792834,0.2504772322980674,-9.370749390651614,0.22297188417130043,1.6708642601275976,-0.4049778790367783,3.6,0.0,casci,vtz,8,0.01
-103.63791088202792,52,1.00000488758207,0.9999950807657002,1.0000049912063687,0.9999950428617974,1.0000048391734322,0.9999951699945828,1.0000048922967673,0.9999950961192823,2.207848420344551,-0.8844460337564217,8.0,12.058042059538236,0.25047733889640383,-9.370750081618194,0.22297201110654571,1.670864525924538,-0.4049777822589695,3.6,0.0,casci,vtz,8,0.01
-103.28822417998165,53,1.0002284958953158,0.9997715802797145,0.9997715711576838,1.0002283964013756,1.0002284161647936,0.9997716146068374,0.9997715253829855,1.0002284001112849,1.8008570398481347,-0.7685442471694997,7.999999999999991,12.401155896361345,0.2066097715828538,-10.203999508766818,0.18530858855984025,2.0017107802930725,0.053009943979213325,3.6,0.0,casci,vtz,8,0.01
-103.2882214265671,54,0.9997714345400406,1.000228532801934,1.000228565669393,0.9997714495857909,0.9997714297699483,1.0002285346270683,1.0002285725723659,0.9997714804334495,1.8008566102679169,-0.7685438872622127,7.99999999999999,12.401156877981034,0.2066096377071361,-10.204000934430022,0.185308372621059,2.0017112477197516,0.05301090816856313,3.6,0.0,casci,vtz,8,0.01
-103.19617839839543,55,1.000000401785645,0.9999994203544111,0.9999998296719703,1.0000003765602197,1.0000002911979333,0.9999999127385704,0.9999993592510554,1.0000004084401857,8.530220523380939,-0.07132115049068632,7.999999999999991,8.760937547580983,1.6115607515471577,-2.3483718169887697,0.04118175194858236,-1.0160484784008608,1.0202344031441672,3.6,0.0,casci,vtz,8,0.01
-103.17632930347156,56,1.0000000752399982,0.999999793257552,1.000000123692336,1.0000000649567995,1.0000000664860504,1.0000000375876361,0.9999998423783847,0.9999999964012147,1.6761967409381335,-0.6441188682334926,7.999999999999972,11.09668238702455,0.19609505661057242,-9.083030875839757,0.17587125083737387,1.7673448411637402,0.14534276702002802,3.6,0.0,casci,vtz,8,0.01
-103.08763689423559,57,0.999974109699781,1.0000259124932613,0.9999738511343677,1.0000261018588699,0.9999739333202082,1.0000260771582807,0.9999738305817554,1.000026183753469,1.4992579967750228,-0.5891436459814072,7.999999999999993,11.366793395492005,0.16261782196548993,-9.512547757621565,0.14329340353875594,1.9145755299377818,0.8128741377966959,3.6,0.0,casci,vtz,8,0.01
-103.08763679953145,58,1.0000260493969906,0.9999739504101686,1.000026136992687,0.9999738389538015,1.0000260627327333,0.9999739552349016,1.0000261605854566,0.9999738456932545,1.4992496095218073,-0.5891478888342164,7.999999999999993,11.366796892638913,0.16261586715738086,-9.512548895318975,0.1432909632187624,1.9145752244997598,0.8128714751566454,3.6,0.0,casci,vtz,8,0.01
-102.98443149166289,59,1.0014864211916212,0.9985137171688097,0.9985136572133451,1.0014862303401801,1.0014863420980329,0.99851378586746,0.9985136025210739,1.0014862435994614,1.447268410403618,-0.6280815213279727,7.999999999999984,11.574431778781777,0.17178778343046044,-9.831186038030715,0.15406544736733824,2.0219850743199133,0.3560301691757215,3.6,0.0,casci,vtz,8,0.01
-102.98442989991777,60,0.9985136797420517,1.0014861870478073,1.001486379519854,0.9985137698430593,0.9985135388243658,1.0014863394930906,1.0014863556310387,0.9985137498987184,1.4472722740549584,-0.6280756307972869,7.999999999999986,11.57443275886334,0.17178841039052709,-9.831187600436783,0.15406733266602263,2.0219856105025564,0.3560324009046908,3.6,0.0,casci,vtz,8,0.01
-102.81510590309863,61,0.9999999904313337,1.000000000244005,1.000000043623798,0.9999999688614791,0.9999999665557726,1.0000000494598016,0.999999979907578,1.0000000009162222,1.2349801211150373,-0.5874681637096972,7.99999999999999,12.47365479204613,0.1434089258180822,-10.967778506668264,0.12833695447148932,2.3654755553225986,0.8629352277112204,3.6,0.0,casci,vtz,8,0.01
-102.76741663088481,62,1.0000000029022742,1.0000000057660703,1.0000000185649902,0.9999999741586882,0.999999981639666,1.0000000501632962,0.9999999927654024,0.999999974039602,1.2189895094875949,-0.6231912866411894,7.999999999999989,11.319204902892123,0.1539471435545558,-9.86782632087237,0.13871296467090266,2.1041119347131545,0.4198895674401816,3.6,0.0,casci,vtz,8,0.01
-102.60769425406122,63,1.000298315212846,0.999701717834518,0.999701711513798,1.0002982510002087,1.000298288893172,0.9997017729998058,0.9997016839894959,1.000298258556156,1.0283779622892477,-0.5589162074430222,8.0,13.051571963508913,0.13209560773472617,-11.826682948986466,0.11929734503422654,2.6504484836160045,0.8554693248842911,3.6,0.0,casci,vtz,8,0.01
-102.60769378147289,64,0.9997015618334052,1.00029839191675,1.000298437829011,0.9997015943673514,0.9997015590898852,1.000298390981497,1.0002984625018532,0.9997016014802442,1.0283766760711353,-0.558917418783974,7.999999999999998,13.051575012833327,0.13209541934613178,-11.826685935860565,0.11929693283436232,2.6504492147219514,0.8554698847499739,3.6,0.0,casci,vtz,8,0.01
-102.5969412735832,65,0.9999999278980344,1.0000001548573954,0.999999924759311,0.9999999920882374,1.0000000258895325,0.9999999318339426,1.0000001412309478,0.99999990144258,1.0240601739527158,-0.5791193970015472,7.999999999999981,12.723681908552095,0.1341516594666224,-11.50908038986773,0.12112959634498986,2.5736197177958418,0.7866505667548022,3.6,0.0,casci,vtz,8,0.01
-102.47720102779648,66,0.9999997994128115,1.0000001737316864,0.9999998356968776,1.000000178514763,0.999999760057521,1.0000002416271516,0.9999998047918572,1.0000002061673192,0.8551592341706684,-0.4576816309544314,7.999999999999988,12.854437059091335,0.10737553950007672,-11.82797849065359,0.09699381175886057,2.7003799805539614,1.2230795662204,3.6,0.0,casci,vtz,8,0.01
-102.4772010048769,67,1.0000002031111723,0.9999997849751088,1.0000002085498292,0.9999997947849129,1.0000001763585442,0.9999998396851478,1.0000001634353775,0.9999998290999131,0.8551589246664482,-0.4576819880933043,8.000000000000007,12.854437071490057,0.10737544182836192,-11.827978622495323,0.09699376103972518,2.7003800433751475,1.2230796254829235,3.6,0.0,casci,vtz,8,0.01
-102.20567037637605,68,0.9996370899722374,1.0003628550076948,1.0003629160823022,0.9996371443244968,0.9996370710464275,1.0003628689008355,1.000362908108657,0.999637146557328,0.5108817131164812,-0.28133089608544043,7.999999999999979,12.30407709079396,0.06272883777549848,-11.6865936044929,0.056409755057042245,2.7672775295479606,1.9005171306715634,3.6,0.0,casci,vtz,8,0.01
-102.20566916021967,69,1.0003628526019435,0.999637261366414,0.9996370311660995,1.0003628536035958,1.0003629141949084,0.9996370657062768,0.9996372156574354,1.0003628057033125,0.5108813861115573,-0.2813298372482417,7.999999999999986,12.30407746961991,0.06272871830387781,-11.686594056264251,0.05640965820811994,2.7672776607271476,1.900517016505988,3.6,0.0,casci,vtz,8,0.01
-101.79074372414425,70,0.9999999999979182,1.0000000000004088,1.0000000000007396,1.000000000000512,1.0000000000012093,0.999999999998471,1.0000000000009328,0.9999999999997997,6.899039672880747e-11,-1.861701071081967e-11,7.999999999999991,11.428571287221256,3.9730806218714287e-10,-11.428571286373122,9.654152677058724e-12,2.8571428213812466,2.857142928932059,3.6,0.0,casci,vtz,8,0.01
-101.47218049961204,71,1.0024239441699545,0.9975773761118828,0.9975763192493141,1.0024223264347236,1.002423989393669,0.9975778984034221,0.9975757393732716,1.0024224068637606,7.031075518471442,-0.034333817485228936,7.999999999999998,9.656159446172293,1.4683352302276853,-4.444654109815184,-0.05665143211191196,-0.19171280663548096,0.8264621596272025,3.6,0.0,casci,vtz,8,0.01
-101.4721801793745,72,0.9975772264599843,1.0024208334780464,1.002423222228442,0.9975787182447362,0.9975770832656603,1.0024216140381204,1.0024224453021882,0.9975788569828126,7.031074585545301,-0.03433388326981913,7.99999999999999,9.656158970344944,1.468335022650182,-4.444653168199326,-0.05665197510132646,-0.19171315848657278,0.8264621654844543,3.6,0.0,casci,vtz,8,0.01
-100.7234402763009,73,1.002843271427265,0.997155025307056,0.9971563078881631,1.0028453563935793,1.0028457452033646,0.9971566687690827,0.9971546290630591,1.002842995948419,6.47629922766831,-0.6199967397665012,7.999999999999989,9.038030297477956,1.3547742095327964,-2.9427816454535685,-0.06894975779743331,-0.7881167516427047,1.2815141703730635,3.6,0.0,casci,vtz,8,0.01
-100.72343786737825,74,0.9971566404560013,1.0028428015954067,1.0028436815980561,0.9971569252965957,0.997156534862303,1.0028433029409525,1.002843261272948,0.9971568519777239,6.476297842195208,-0.6199979245012679,7.999999999999988,9.038029827673425,1.3547741184688542,-2.9427810483614474,-0.0689504682443909,-0.7881169327376325,1.2815153316342158,3.6,0.0,casci,vtz,8,0.01
-100.69960718248024,75,1.0801680934681055,0.9198985043091726,0.9198324581357307,1.0801009445384238,1.0801680955491906,0.91989946854666,0.9198314443167743,1.0801009911359492,6.551811975896863,-1.6545502744525442,8.000000000000007,9.244775376773747,1.3934485804940087,-2.1177262868990874,0.05340417652218802,-1.2523307007438935,1.1454055461618091,3.6,0.0,casci,vtz,8,0.01
-100.69960526750297,76,0.919832778687651,1.0801002050917656,1.0801675048366604,0.9198995002328285,0.9198323481402952,1.0801005012725717,1.0801672490309808,0.9198999127072559,6.551816036417147,-1.6545509227884816,8.000000000000009,9.244776806280212,1.3934489774787313,-2.1177289537535646,0.05340550432403964,-1.2523297246932708,1.1454041901518552,3.6,0.0,casci,vtz,8,0.01
-100.61032943085897,77,1.0000029366695,0.9999989789774777,0.9999978774081569,1.0000002404915127,1.000000224097281,0.9999979042231908,0.999999015587991,1.0000028225448823,6.660649059833171,-0.3621792649737563,7.999999999999993,9.163858969144412,1.3615641789055404,-2.9101514352098636,0.27880291003860846,-0.8358890246811712,1.212733535921962,3.6,0.0,casci,vtz,8,0.01
-100.58881455790416,78,1.0000007474950272,0.9999990817532385,0.9999994388152603,1.000000659954895,1.0000006883743366,0.9999994059409273,0.999999094459308,1.0000008832070002,5.81071061527455,-0.022263248378216985,7.999999999999994,8.536530692066522,1.3642963838174833,-2.2974077745106767,-0.38088978611647106,-0.9854287857612922,1.5429217050362303,3.6,0.0,casci,vtz,8,0.01
-100.47210683152717,79,1.0007129061962141,0.9992869443254939,1.0007141593388855,0.9992860196892093,1.000713212633939,0.9992870752606557,1.000714144056304,0.9992855384993027,6.046157879672972,-1.2551304389293896,8.000000000000004,9.905797884199188,1.3434810247749316,-5.05774012883032,-0.05368352932448066,0.05242059336536242,0.5980144416797922,3.6,0.0,casci,vtz,8,0.01
-100.4721066506122,80,0.9992864547076898,1.0007134229490755,0.9992864210710202,1.0007137016781817,0.9992865173582444,1.0007135871123145,0.9992862543993578,1.0007136407241037,6.046156332263845,-1.2551302931547026,7.999999999999988,9.905797473783261,1.3434807230526904,-5.057739202799853,-0.053684250075766035,0.05242023295411102,0.5980145574858977,3.6,0.0,casci,vtz,8,0.01
-100.40976610794789,81,1.0000006248228481,0.9999991041383998,0.9999996823483728,1.0000006556076348,1.0000005731228412,0.9999996811719906,0.9999991649274784,1.0000005138604326,5.895671518688612,-0.02971190267074602,7.999999999999998,9.802976005801618,1.3078078409555993,-5.6903518325022056,-0.17409681847132571,0.3944319148006983,1.6666712828366168,3.6,0.0,casci,vtz,8,0.01
-100.30873734232637,82,1.0044090991780956,0.9955892669783664,0.9955903313889511,1.0044113188997335,1.004412100698528,0.9955910989999837,0.9955885333149054,1.0044082505414347,6.176227047704611,-0.5979505815332902,7.999999999999998,9.83946135696418,1.3465140615513311,-4.136506506225861,-0.08491051933767513,-0.3916120861281144,0.12909551866444124,3.6,0.0,casci,vtz,8,0.01
-100.30873475365088,83,0.9955903165591211,1.0044089032986814,1.0044097356719035,0.9955910583806101,0.995590271530318,1.0044090337932168,1.0044096154477749,0.9955910653183744,6.176228626926581,-0.5979518569500875,8.0,9.839458638624006,1.3465150712713307,-4.136506659642189,-0.08491092741156539,-0.3916113298349071,0.12909645743328224,3.6,0.0,casci,vtz,8,0.01
-100.21941590918607,84,1.0000027753599938,0.9999994383794596,0.9999982969432812,0.9999994529971652,0.9999995480055301,0.9999982205337068,0.9999994621343951,1.0000028056464665,6.450774534377228,-0.3337744628798771,7.999999999999999,9.48547262160481,1.3995961206873664,-3.491434413523988,0.347313681765479,-0.6256509486392086,0.5044045805224464,3.6,0.0,casci,vtz,8,0.01
-100.18449270953197,85,1.000000841931707,0.9999988200158512,0.9999996377258573,1.0000006736186595,1.0000006594521,0.9999996801023463,0.9999988921457967,1.0000007950076706,5.559139584686957,-0.06845377713470711,7.999999999999989,9.208791657087097,1.3708236404252885,-3.310772241525407,-0.387448613065258,-0.6468117935090719,0.31257266375745485,3.6,0.0,casci,vtz,8,0.01
-100.05882319062815,86,1.0001929987837446,0.9998068114449397,1.0001921795962965,0.999807948843229,1.000193172375584,0.9998070633534093,1.0001919162488577,0.9998079093539286,5.824762354062336,-0.34411624378102285,7.999999999999989,10.271627524204632,1.3388519639226564,-5.80602850849021,-0.129034451452598,0.3351073731939469,0.39865062683634445,3.6,0.0,casci,vtz,8,0.01
-100.05882304140972,87,0.9998072748332264,1.000192232093014,0.9998080752314321,1.0001924308231929,0.9998072300944278,1.0001932146440518,0.9998071318319464,1.0001924104486992,5.824757670371891,-0.34411557019813455,7.999999999999991,10.271628496289528,1.3388508425309935,-5.80602636446501,-0.12903670449547766,0.3351060581601226,0.39865028316297524,3.6,0.0,casci,vtz,8,0.01
-99.78607961264412,88,1.068940509678391,0.9310652546755553,0.9310594955114468,1.0689347140309688,1.0689404923848982,0.9310653939145913,0.9310594049317396,1.068934734872412,6.563649710627509,1.3361532717486377,8.000000000000004,9.366468783418721,1.3788768025964433,-2.307547981336816,0.007965352292338515,-1.1878432051862722,1.0394034134140222,3.6,0.0,casci,vtz,8,0.01
-99.78606995416546,89,0.9310602825410663,1.0689337732689759,1.0689395930138479,0.931066349352623,0.9310604197442627,1.0689338831069133,1.0689396178889106,0.9310660810833968,6.5636491235661465,1.3361520448515125,7.9999999999999964,9.366470543358925,1.3788764446642607,-2.307549057398536,0.007966507381435246,-1.1878431071404632,1.0394025720634836,3.6,0.0,casci,vtz,8,0.01
-99.7689554142571,90,1.003763718473748,0.9962368962956275,0.9962365076272202,1.003762899692405,1.0037636728767108,0.9962373520122623,0.9962360971453365,1.0037628558766898,5.500438639092701,-0.6890642115465238,8.0,9.88625143240305,1.3097066327156113,-4.576939626694374,-0.1719469907939954,-0.1830930447535758,1.0156003506129112,3.6,0.0,casci,vtz,8,0.01
-99.7689545320171,91,0.996237644197141,1.0037614645143158,1.0037625455866954,0.9962383748553799,0.9962374951952703,1.0037617992064285,1.0037623024868876,0.9962383739578679,5.500439576339778,-0.6890619171487862,7.999999999999986,9.886252992181968,1.3097060466775765,-4.57693665326291,-0.1719467234064307,-0.18309492141403672,1.0156018399298121,3.6,0.0,casci,vtz,8,0.01
-99.52993968154266,92,1.0200923489631064,0.9798631467103027,0.9799077059694392,1.0201367896824918,1.0200925123408102,0.9798633411389563,0.9799074727584249,1.0201366824364555,5.0061114808547496,-1.220849969543232,7.999999999999987,10.123051886211666,1.23061956167849,-6.555613490465296,-0.16849157702308937,0.7470437736797311,1.0896122030998985,3.6,0.0,casci,vtz,8,0.01
-99.52993932711291,93,0.9799083017800092,1.0201355402167458,1.0200919159998114,0.9798642159904518,0.9799085870223985,1.020136284764296,1.0200911767265728,0.9798639774997097,5.006111086536318,-1.2208539937383116,7.999999999999995,10.123052522103235,1.2306193711808298,-6.555613559678594,-0.16849121738780856,0.7470436493134888,1.0896124912862735,3.6,0.0,casci,vtz,8,0.01
-99.4683116850977,94,1.0002494764628032,0.9997503192302037,1.0002474789811098,0.9997527055925929,1.0002493218967285,0.9997509171803429,1.0002470059979194,0.9997527746582964,5.22786711624516,-0.49759386391603894,7.9999999999999964,9.892084387374643,1.286116860862076,-4.468925952125887,-0.26607760625417676,-0.23855812078071748,0.6504857522059386,3.6,0.0,casci,vtz,8,0.01
-99.46831167974867,95,0.9997528239763617,1.0002469750472402,0.9997507398715203,1.0002494634334003,0.9997527791591928,1.0002472993702476,0.9997504485427406,1.000249470599293,5.227865192069732,-0.4975940305938267,7.9999999999999964,9.89208529176576,1.2861164110982344,-4.468926988783755,-0.26607750200389696,-0.2385578285495622,0.6504845768380513,3.6,0.0,casci,vtz,8,0.01
-99.46161446251935,96,1.000000477063287,0.9999991981245866,0.9999997310723858,1.0000006167805593,1.0000005976618207,0.999999677548814,0.9999992612260267,1.0000004405225182,5.236740376421472,-0.6864797683350227,7.999999999999998,9.609855278112235,1.346524952899184,-5.895652136782803,-0.15597628608895509,0.5453622488633424,0.45973791189560353,3.6,0.0,casci,vtz,8,0.01
-99.29754814603413,97,1.013083038214999,0.9869170864081043,0.986916801273864,1.013083094773981,1.0130832087026613,0.9869169608573127,0.9869169610920729,1.0130828486769923,5.303821771572821,-0.41648919599947287,7.999999999999987,9.73638705355148,1.366624879170501,-4.554966400523363,-0.0888133647934254,-0.1566135631261889,0.667521832139445,3.6,0.0,casci,vtz,8,0.01
-99.29754741049365,98,0.9869180688261177,1.0130814162669326,1.0130823206119768,0.9869181780824972,0.9869180323582316,1.013082208024549,1.0130814696754256,0.9869183061542557,5.303815787215036,-0.41649038054019666,7.999999999999986,9.73638834170994,1.3666241902302267,-4.5549721975088815,-0.08881856887422893,-0.15661098667304407,0.667519962972771,3.6,0.0,casci,vtz,8,0.01
-99.2948138275035,99,1.012328409855112,0.9876688697638545,0.9876715628612662,1.0123311676505247,1.012329115013522,0.9876696358911786,0.9876708750749121,1.0123303638896317,5.138689257623652,-0.9082287639096243,8.000000000000002,10.116103908525272,1.2388139188289118,-5.23781134021116,-0.08162768930169553,0.0898796929742618,0.4741644967010088,3.6,0.0,casci,vtz,8,0.01
-99.29481256593432,100,0.9876716672878063,1.0123289336339791,1.0123281460352795,0.9876712131406458,0.9876730953555092,1.0123299504893095,1.0123271234797726,0.9876698705776884,5.138691666423578,-0.9082307193617878,7.99999999999999,10.116100956053096,1.238814951709141,-5.237810978993547,-0.08162681136762509,0.08988025048349979,0.4741667918913284,3.6,0.0,casci,vtz,8,0.01
-99.22912863735274,101,1.0000013996715325,0.9999996106601063,0.9999991430572337,0.9999998201916955,0.9999998772836193,0.9999991285345107,0.9999996107732578,1.0000014098280352,5.233334308726167,-1.0356181798208572,7.999999999999991,10.05989243168317,1.2693346351591168,-5.0456987976181855,-0.1331840203979849,0.007876290888299997,0.814039158260222,3.6,0.0,casci,vtz,8,0.01
-99.18649191311854,102,1.0000018499191299,0.9999986567358651,0.9999984526744421,1.0000010019740646,1.0000010548073637,0.9999984160129025,0.9999986138330624,1.0000019540431593,5.182314280512578,-0.6198262600148728,7.999999999999989,10.107483753039242,1.2622962531497899,-5.121506980204823,-0.17639907129685006,0.03388255184260114,0.9545507419905845,3.6,0.0,casci,vtz,8,0.01
-99.08838233701833,103,1.0013725404664036,0.9986272798373668,1.001371349910541,0.9986288180296254,1.0013726514008978,0.9986275105226756,1.0013711608999012,0.9986286889325828,4.566266381122642,-1.9606738694005108,7.999999999999995,10.062549656320769,1.244166462562536,-6.224119055826389,-0.22117967668419397,0.5964221138330019,1.2091463102545963,3.6,0.0,casci,vtz,8,0.01
-99.08838232837391,104,0.9986291926919043,1.0013710447226787,0.9986268439906795,1.001372932925971,0.998629032695251,1.0013707174969295,0.9986271342005748,1.0013731012760116,4.5662688519828905,-1.9606761248977644,8.0,10.06254819509778,1.2441673271784535,-6.224119215624481,-0.22117950179039753,0.5964225590377961,1.2091465836874136,3.6,0.0,casci,vtz,8,0.01
-99.0538340050954,105,1.0000006030436408,0.9999991133201348,0.9999994628619893,1.0000008199286852,1.0000008318026112,0.9999994225802418,0.9999991694962471,1.0000005769664462,4.927118372129194,-0.7586132744528968,7.9999999999999964,10.390702794429126,1.3411784191680571,-6.905372489433045,-0.16698187283130247,0.8550105461092415,0.28590019845018555,3.6,0.0,casci,vtz,8,0.01
-98.96923256114886,106,1.000827250140809,0.9991724613860855,1.0008220869158602,0.999178046901695,1.0008276630738637,0.9991728067974586,1.0008216764999047,0.9991780082843167,5.556728271921527,0.4614336732216251,7.999999999999993,10.034109418312386,1.2696605800286107,-4.565135629791549,-0.0020178116068469004,-0.22595953968232174,0.9121539936590636,3.6,0.0,casci,vtz,8,0.01
-98.96923237364476,107,0.9991837399544636,1.0008160231375964,0.9991670894516458,1.0008331521890383,0.999183772526067,1.000816370918708,0.999166762437696,1.000833089384784,5.556730513921976,0.4614343693919208,7.999999999999999,10.034108531767103,1.269661296765449,-4.565137132126135,-0.0020179696226754274,-0.22595856687870797,0.912153820006063,3.6,0.0,casci,vtz,8,0.01
-98.94154267456457,108,1.0009729988617417,0.9990271425824506,1.000971888535398,0.9990278622062447,1.0009732403383578,0.9990265915394243,1.0009725696414695,0.9990277062949013,5.323058565945254,-1.8075660769724968,7.999999999999988,9.212186986033723,1.3775378689770623,-2.1777379823132006,0.14930133821727104,-1.2141777553518303,1.247799885222165,3.6,0.0,casci,vtz,8,0.01
-98.94154171405144,109,0.999030896396037,1.000969047829946,0.9990235005643063,1.0009766071574715,0.999031212231579,1.0009687521572208,0.9990238619546854,1.000976121708749,5.323056710512925,-1.8075687077577676,7.999999999999995,9.212188662418587,1.3775371139055008,-2.1777363937931336,0.1493007898134388,-1.2141789687080802,1.2478008319735954,3.6,0.0,casci,vtz,8,0.01
-98.91509632849962,110,0.9999931084603935,1.000006714052402,1.0000072216145088,0.9999931037336769,0.9999930816145621,1.0000070534637309,1.000006670560005,0.9999930465007029,4.808221132377044,-0.755099382737537,7.999999999999982,9.706749192910761,1.2836631691369857,-4.067444929355393,-0.2815939355099327,-0.39296483354999423,0.752801888584957,3.6,0.0,casci,vtz,8,0.01
-98.90652811747329,111,0.9999977795699189,1.000001770166186,1.000001564826312,0.9999989044668589,0.9999987691007186,1.0000013677232014,1.0000021088789595,0.9999977352678404,4.968398856067512,-1.3680692237588108,7.9999999999999964,10.15171347649853,1.3005283660217122,-5.130424186723557,0.05876037829177932,0.027283724237146423,0.3584568263390745,3.6,0.0,casci,vtz,8,0.01
-98.8889539958889,112,0.9999987241158916,1.0000012007785026,1.0000012262270823,0.9999989106994137,0.9999988933406716,1.0000012303906924,1.0000010980564351,0.9999987163913082,4.878737115975837,-0.45443140157557127,7.9999999999999964,9.851529568448715,1.2988722086858762,-4.218793967435567,-0.4043346764743483,-0.35348540839439546,0.9536429843041452,3.6,0.0,casci,vtz,8,0.01
-98.81708927398833,113,1.0210806735994744,0.9789192869427095,0.9789199956502508,1.021079985008341,1.0210792715320658,0.9789190810169016,0.978920037051706,1.0210816691985463,5.0398537765110545,-0.1358603002292364,7.999999999999996,10.267755634683176,1.2561870359131446,-5.440757952397083,0.04153018957704129,0.15344006752774686,0.3169089650508923,3.6,0.0,casci,vtz,8,0.01
-98.81708749943391,114,0.978920921410628,1.0210794351250145,1.0210788085858242,0.9789208807526685,0.9789216397188214,1.0210796950777357,1.0210784640868917,0.9789201552424105,5.0398650149371615,-0.13585740722257783,7.999999999999995,10.267751399220458,1.2561887937813465,-5.440748215697607,0.04153718259280635,0.15343625804368877,0.3169140129817871,3.6,0.0,casci,vtz,8,0.01
-98.7624255338829,115,0.9923964971162812,1.0069275431563414,1.0076034592872487,0.9930724375611346,0.9923969414844813,1.006927816831606,1.0076031111248347,0.9930721934380669,4.488182473397342,-0.8347281707476195,7.999999999999995,10.907137899334067,1.229678677728122,-7.801394976606443,-0.20778385925878048,1.1739130134697044,0.7125877886911574,3.6,0.0,casci,vtz,8,0.01
-98.76242552904294,116,1.0076041792650523,0.9930710958635051,0.9923958668452311,1.006928877041124,1.0076044264047024,0.9930715148745662,0.9923954493493804,1.0069285903564267,4.4881810401174045,-0.8347318282152476,7.999999999999988,10.907137492415476,1.2296785111549822,-7.801394640838976,-0.20778479415849876,1.173912947315619,0.7125863280952676,3.6,0.0,casci,vtz,8,0.01
-98.67442360301384,117,1.0229458510915554,0.9770529749530664,0.9770541291691832,1.0229470226735367,1.0229465070439123,0.9770536416866424,0.9770534751222816,1.0229463982598244,4.709733618808027,-0.25055189752774926,8.000000000000004,10.716356845556968,1.2350351249414058,-7.0164705074311975,-0.2023454594962812,0.829146042326357,0.5375941178948724,3.6,0.0,casci,vtz,8,0.01
-98.67441953083106,118,0.9770555928675531,1.022944873552087,1.0229444377660575,0.9770551755052443,0.9770554528734636,1.0229449958467884,1.0229445961186048,0.9770548754701861,4.709729317181081,-0.2505458152083392,7.999999999999985,10.716353770565904,1.2350353018459879,-7.016473084280786,-0.2023482687243793,0.8291480994989171,0.5375917042570164,3.6,0.0,casci,vtz,8,0.01
-98.64486014828957,119,1.0000005201275974,0.9999999405004004,0.9999998037291362,0.9999996752772229,0.9999997922669082,0.9999999326359725,0.9999999688204347,1.0000003666423212,4.8729563207756,-0.3242946761765989,7.999999999999993,10.087241572775373,1.2942937735437887,-5.411909290092842,-0.2657201615081974,0.18414425185257788,0.19647185926650856,3.6,0.0,casci,vtz,8,0.01
-98.57492558403855,120,0.9999998470648073,0.9999999747000872,1.0000008667870985,0.9999993084717904,0.9999996224402179,1.0000010633183467,0.9999997679797945,0.9999995492378506,5.588035776501179,-0.49817845070528544,7.999999999999993,10.383953162183163,1.301257568431441,-4.761994861334428,0.38133899092325063,-0.21499085987857658,0.8583808597135811,3.6,0.0,casci,vtz,8,0.01
-98.5535617669331,121,1.000001628525335,0.9999982988113765,0.9999984501207784,1.00000153131244,1.0000017488745825,0.9999984179601844,0.999998405615279,1.000001518780004,5.60823788002846,-0.025405417474329856,7.999999999999979,10.013921857941789,1.3111136836068293,-4.372359628712447,0.3575211263719652,-0.31730065012922415,0.8053104252987612,3.6,0.0,casci,vtz,8,0.01
-98.49290295994292,122,1.0017393164940116,0.9982598272236094,1.0017407336393291,0.9982599936953749,1.0017397408715558,0.9982613041863606,1.0017393433904713,0.998259740499275,5.194677804116022,-0.3940982840034839,7.9999999999999885,9.188257188519653,1.331652310724977,-3.0188922294878546,-0.03286540936863568,-0.7876181823859862,1.2701434313881828,3.6,0.0,casci,vtz,8,0.01
-98.49290258849237,123,0.9982587914415435,1.0017413355697835,0.9982620925226802,1.001737820587954,0.998258159678965,1.001741737624773,0.9982620849153161,1.001737977658978,5.194673360711217,-0.39410287685055617,7.999999999999993,9.188257390802368,1.3316515365071167,-3.0188928405160307,-0.032866061616270724,-0.7876179274425765,1.2701426493763845,3.6,0.0,casci,vtz,8,0.01
-98.46272178026425,124,1.0000007617288436,0.9999990039769517,0.9999997937296006,1.000000461175888,1.0000005389514866,0.99999972649169,0.9999991961178283,1.000000517827711,4.015715169384713,-0.3577967477903791,8.0,10.622457789274538,1.1911811061916853,-7.03274087066414,-0.46071160995935834,0.8607559880134351,0.4280041578130678,3.6,0.0,casci,vtz,8,0.01
-98.4379008892868,125,0.999999440557817,1.0000006675214648,1.0000006911145696,0.9999994710859978,0.9999993582656088,1.0000005434946984,1.0000007631134342,0.9999990648464027,4.011299296947206,-2.6107138388734104,7.999999999999993,10.40708827629317,1.1980782788360036,-7.246469361678426,-0.2172383193909384,1.0214626117659207,0.5598368836816299,3.6,0.0,casci,vtz,8,0.01
-98.36717275010626,126,1.0560857429104547,0.9439100547418666,0.9439138918440038,1.0560901784941708,1.0560861271061948,0.9439098264513334,0.9439140649415775,1.0560901135104,4.115766907181383,-1.8608214911412702,8.000000000000002,10.543533320549013,1.2200877477359326,-6.940719261548912,-0.2831653916899513,0.8344763006372021,0.2521437976850286,3.6,0.0,casci,vtz,8,0.01
-98.36716771808574,127,0.9439155555663624,1.0560884415530052,1.0560845855674514,0.9439114338702169,0.943915516772067,1.056088694489203,1.056084376457836,0.9439113957238732,4.115768155978618,-1.8608090014227834,8.000000000000014,10.543531836004991,1.2200874539426574,-6.94069946318962,-0.28316770170115807,0.8344667725935622,0.2521435349482042,3.6,0.0,casci,vtz,8,0.01
-98.33294579159536,128,1.004820302748189,0.9951786094097016,0.995179987458378,1.0048210511278546,1.0048199758207201,0.9951788402957923,0.9951798249665329,1.00482140817283,4.22744458838554,-0.021423001480191474,7.999999999999999,9.659667402278178,1.1775398167095035,-5.216658975934264,-0.45762497559376925,0.19341263739758707,1.8198339940316266,3.6,0.0,casci,vtz,8,0.01
-98.33294251546533,129,0.9951826707048964,1.0048181122129378,1.0048176292856992,0.9951816774100796,0.9951826445664973,1.004818600853512,1.004817066083847,0.9951815988825231,4.227448645280154,-0.02142856942931298,7.999999999999992,9.659666419640923,1.177540841736356,-5.216661464509398,-0.45762322146834844,0.19341412734446906,1.8198363419105,3.6,0.0,casci,vtz,8,0.01
-98.28714761736211,130,1.0036691939444915,0.9963304321616406,1.0036662119639188,0.9963340787594013,1.003670708778377,0.9963294590345979,1.0036671426476178,0.9963327727099573,5.085259473743084,-0.2790461689288195,8.000000000000004,9.882642214418244,1.3301514739438913,-3.97156622766625,-0.03952867199193554,-0.48487743977143527,0.41835407634495914,3.6,0.0,casci,vtz,8,0.01
-98.2871475894992,131,0.9963319880830117,1.0036680938895242,0.9963313098052231,1.0036686339763556,0.9963319697725743,1.0036679517142462,0.996331353178753,1.0036686995803077,5.085262621633639,-0.2790537335094461,7.999999999999996,9.882640647398297,1.3301528283266948,-3.9715687965921975,-0.03952926568588931,-0.4848757635534753,0.41835524986987593,3.6,0.0,casci,vtz,8,0.01
-98.24774031435409,132,1.0000474421309162,0.9999527164510867,1.000044668276066,0.9999552364487188,1.0000476903025675,0.9999521690290412,1.0000452608061694,0.9999548165554237,4.027667536300077,-1.7584450228695543,7.999999999999989,10.828811984986366,1.2586943847100125,-7.469835585902736,-0.2161797231350021,1.0277147967047773,0.33977698574852844,3.6,0.0,casci,vtz,8,0.01
-98.24774029442398,133,0.9999543032501069,1.0000457509593486,0.9999527415949703,1.000047142614831,0.9999546261146222,1.000045172149803,0.9999533545057826,1.0000469088105242,4.0276627685588275,-1.7584414560567363,7.9999999999999885,10.828815630636832,1.2586930700464558,-7.469837336946727,-0.216182179985329,1.0277147608141548,0.339777368538573,3.6,0.0,casci,vtz,8,0.01
-98.22670651138456,134,1.064248246477863,0.9357528551521639,0.935751907390423,1.0642469919962294,1.064248395777899,0.9357533533103326,0.935751466637464,1.0642467832576203,4.9461712287246264,-1.4875392443353006,7.9999999999999964,8.932050498352904,1.4365468552131795,-2.5519839184881805,0.6966457145190256,-0.9570206653441364,1.1710501481054065,3.6,0.0,casci,vtz,8,0.01
-98.22670077932811,135,0.9357531630454002,1.0642456713156614,1.0642469346942036,0.9357542280369522,0.9357529597469385,1.0642457693675464,1.0642468548956732,0.9357544188976317,4.946175885089298,-1.4875289852132054,8.000000000000007,8.932050290990238,1.4365474244317507,-2.5519853324068764,0.6966531142445648,-0.9570199065441213,1.1710477948283766,3.6,0.0,casci,vtz,8,0.01
-98.21880039939096,136,1.0105442769558768,0.9894559705878023,0.9894560553044267,1.0105437003139728,1.0105441756788154,0.9894566564695588,0.9894553380694311,1.0105438266200975,4.637275916213692,-0.49349268750550335,7.999999999999981,9.994666794266434,1.2550729582102502,-4.6821033718705625,-0.08766124725202618,-0.15761501263132704,0.6701627210086994,3.6,0.0,casci,vtz,8,0.01
-98.21879896702183,137,0.9894584366272999,1.010540930863221,1.0105424791002775,0.9894584282353982,0.9894575493739222,1.0105418182316885,1.010541466786596,0.9894588907815902,4.6372726059564515,-0.49349314471877315,7.999999999999995,9.994669419735445,1.25507164867654,-4.682105099727899,-0.08766150327522536,-0.15761480506991166,0.6701645584916411,3.6,0.0,casci,vtz,8,0.01
-98.18793329707684,138,1.0048111633380867,0.9951883554883434,1.0048108930403414,0.9951898391629665,1.0048113294680672,0.9951889752522822,1.004810084190529,0.995189360059374,5.079832474830051,-0.35883018705764186,7.999999999999989,9.580365584627451,1.3462803656744222,-3.1575144604835046,-0.02223949722678992,-0.8163341659151103,0.3551306243180703,3.6,0.0,casci,vtz,8,0.01
-98.18793307451149,139,0.9951908358374165,1.0048094022268197,0.9951883156775051,1.0048114045079113,0.9951895903639852,1.0048096402561897,0.995187932226035,1.0048128789041382,5.079825747515427,-0.35882571657160567,8.0,9.580364854520234,1.346279203597819,-3.157514446179748,-0.022242081059672764,-0.8163339905401847,0.35512987417066244,3.6,0.0,casci,vtz,8,0.01
-98.14320749763479,140,1.0563539841137266,0.9436392078287006,0.9436468274294636,1.0563600797836727,1.0563534494926174,0.9436401686009038,0.9436458158645127,1.0563604668863884,4.249136881180956,-1.0403275085681594,7.999999999999986,9.714070487069366,1.270936856301183,-4.973046536115939,-0.32662942559684127,0.05800564629062799,0.7324301873080165,3.6,0.0,casci,vtz,8,0.01
-98.1432016528791,141,0.943646579100532,1.0563599858514305,1.0563535825374037,0.9436399339907601,0.9436466294744196,1.0563603102884251,1.0563531614440804,0.9436398173129432,4.2491297192185655,-1.040326664091707,7.999999999999995,9.714075544670985,1.270935363879377,-4.973075156897351,-0.32663162924969685,0.05801869228092893,0.7324282596427543,3.6,0.0,casci,vtz,8,0.01
-98.07296933603428,142,1.0316066674431308,0.9683970644527229,0.9683937788968686,1.0316024523742873,1.0316065860933585,0.9683977233193319,0.9683931647737088,1.0316025626465835,3.919305008190401,-1.9761083573477538,7.999999999999993,10.75374362307377,1.2321842359737432,-7.224153348535557,-0.26069762951229813,0.9236407684993361,0.3396276588417221,3.6,0.0,casci,vtz,8,0.01
-98.07296609205949,143,0.9683960516698948,1.031600479555305,1.031603374553189,0.9683999029542217,0.9683961934416476,1.0315994710891676,1.031604475720945,0.968400051015604,3.919310190702057,-1.9760906625150312,7.999999999999975,10.753729918787622,1.2321841539769745,-7.2241057551949215,-0.2606994182378483,0.9236203979005553,0.33962837159441583,3.6,0.0,casci,vtz,8,0.01
-98.03483860529877,144,1.0000012719822307,0.9999990382528825,0.9999986923553513,1.000001206858876,1.0000007051986262,0.9999986582659517,0.9999991522859135,1.0000012748001543,4.797858954804207,-0.006909159434755775,7.999999999999986,10.910255840084808,1.1853245527918443,-6.632275974138894,0.1276032301931468,0.5885740270482446,0.7799428737554123,3.6,0.0,casci,vtz,8,0.01
-98.00320399529467,145,1.000600456966279,0.999398862397754,1.000599067995842,0.9994015933278554,1.0006013534871459,0.9993994139146685,1.000598475309312,0.9994007766011304,3.818801725340823,-0.8409242772921072,7.999999999999988,11.028956497135331,1.1017584226112205,-8.00583372953379,-0.23848288661889205,1.245677740483063,0.8540867305026842,3.6,0.0,casci,vtz,8,0.01
-98.00320395852883,146,0.999400466110252,1.0005990022156324,0.9993998791996097,1.000600727782682,0.9994008115103756,1.0005998340656386,0.9993990091452618,1.0006002699705445,3.81880301831257,-0.8409251830650604,7.9999999999999964,11.028951325629926,1.1017597706081466,-8.005829841374275,-0.2384836166668281,1.2456770892796558,0.8540900563596079,3.6,0.0,casci,vtz,8,0.01
-97.8639112662125,147,1.0000002796819918,0.9999974679990291,1.0000038237290392,0.9999984199604413,0.9999985968852483,1.0000038365979145,0.9999973666157513,1.0000002085305795,4.86704263959653,-0.5437359988989492,7.999999999999995,9.294413243199175,1.4215025584656134,-3.5764210576417277,0.9037098868761098,-0.5353927819789299,0.9937757528284268,3.6,0.0,casci,vtz,8,0.01
-97.86033291349105,148,1.0359475067197255,0.9640501311011032,0.9640526648290442,1.035949707272377,1.0359475459599228,0.9640505691604109,0.9640522405047094,1.0359496344527002,3.9346980388254735,-1.2062871935506734,7.999999999999993,10.578086439946077,1.2349129598843096,-6.44344250659141,-0.3809316532601962,0.5771996433091859,0.23393227874350053,3.6,0.0,casci,vtz,8,0.01
-97.86032815675577,149,0.9640507848463953,1.0359524420157582,1.03594537538474,0.9640514625625605,0.9640534986300235,1.0359474938548923,1.0359502026875775,0.9640487400180391,3.9346923661941187,-1.2062998124602367,7.999999999999986,10.578100634829566,1.2349131362026435,-6.443490052156955,-0.3809311745948165,0.5772198673710858,0.23392653815392772,3.6,0.0,casci,vtz,8,0.01
-97.85996093028423,150,1.0000273456601443,0.9999735586688645,0.9999728483833821,1.0000262754514475,1.0000266945842626,0.999973248042767,0.9999729829332527,1.0000270462758716,3.948356823478334,-1.149493554142782,7.999999999999992,10.36611544933686,1.1557958959024293,-6.521508001654846,-0.1933185699472202,0.6692251384932085,1.0538965129077593,3.6,0.0,casci,vtz,8,0.01
-97.85996091449441,151,0.9999776610831632,1.0000216635141612,1.0000225754726135,0.9999782608567922,0.9999781421688569,1.0000218436098458,1.0000218934298872,0.9999779598646618,3.948355024868639,-1.1494954202245906,7.999999999999981,10.36611704227619,1.1557957938244579,-6.5215119961024435,-0.19331840044225246,0.6692267374821738,1.0538949475632535,3.6,0.0,casci,vtz,8,0.01
-97.77780299135452,152,1.0005408282788242,0.9994591187337838,1.000539358521117,0.9994605434499706,1.00054050314162,0.9994595796171244,1.0005388777709987,0.9994611904865596,3.8885618927076226,0.09959021644156268,7.999999999999998,10.330949134063495,1.1387353740026978,-7.208506413313018,-0.23018249409466007,1.0215159231406354,1.360968451535475,3.6,0.0,casci,vtz,8,0.01
-97.7778027882532,153,0.9994610496779099,1.0005372623910045,0.9994604148792112,1.0005412765537902,0.9994616867195393,1.0005397790920885,0.9994577974207375,1.0005407332657124,3.8885572474045818,0.09958486298134393,7.999999999999994,10.33095130058902,1.1387343336890705,-7.208505578993963,-0.2301814028170687,1.0215149643497263,1.360968930112369,3.6,0.0,casci,vtz,8,0.01
-97.73163461722159,154,0.9963284024501071,1.0036719441556168,1.0036712945610322,0.996328225115222,0.9963294345262026,1.0036722275805883,1.003670927352748,0.9963275442584669,4.7014668196671066,0.6657295679253258,7.999999999999984,10.276519029492432,1.1531955852321765,-6.00336184688836,0.14780892901650464,0.43255116607107236,1.4316560210182139,3.6,0.0,casci,vtz,8,0.01
-97.73162872297124,155,1.003670779213043,0.9963290648603973,0.9963294437191528,1.0036708596282755,1.0036696321354837,0.9963289251088379,0.996329985448452,1.0036713098863457,4.7014709121436065,0.6657279058913125,7.999999999999988,10.276519723774214,1.1531964166378492,-6.0033610341652475,0.14781068406687395,0.43255058613907027,1.4316554360301554,3.6,0.0,casci,vtz,8,0.01
-97.70346019118135,156,0.9929627235744877,1.0070356501514044,1.0070366161943762,0.9929646459187031,0.9929611432521114,1.0070338812857966,1.0070386219180687,0.9929667177050417,4.436719377743989,-1.1711692783698489,7.999999999999989,9.344751612277195,1.2364626246108772,-3.156639688823788,0.36632262082873024,-0.7578680586574045,1.3033858032912584,3.6,0.0,casci,vtz,8,0.01
-97.70345853542037,157,1.0070370968677387,0.9929655482601895,0.9929626114786299,1.0070347806203552,1.00703771056697,0.9929653879404599,0.9929625003461353,1.0070343639195127,4.436722581297636,-1.1711792371951315,7.999999999999991,9.344753170463829,1.2364634127868102,-3.156647041110916,0.36632088164620696,-0.7578647720604992,1.3033846126096296,3.6,0.0,casci,vtz,8,0.01
-97.67213268012604,158,0.9999985268460878,1.0000004175487038,1.0000028051514753,0.9999981693585025,0.9999981023185334,1.0000028024544783,1.0000005980664526,0.9999985782557671,4.2743862334750204,-0.15083248349285333,8.0,9.273127647238933,1.159631692799913,-1.4570108774418529,0.5040297953634334,-1.5897764730888069,1.3652956022801703,3.6,0.0,casci,vtz,8,0.01
-97.65685326599464,159,0.9993310811938927,1.000669045945933,1.000669326028497,0.99933064925186,0.9993310281703085,1.000668935009263,1.00066890232597,0.9993310320742617,3.301452579347626,-0.5216007826963973,7.999999999999986,10.773204046190092,1.1222715524857512,-8.334581661247938,-0.45034535263711034,1.4739898190764462,1.2402168691595734,3.6,0.0,casci,vtz,8,0.01
-97.65685258435562,160,1.0006688165631863,0.999331217822861,0.9993314252580865,1.0006682908049527,1.000668452188897,0.9993315189552412,0.9993310371976398,1.0006692412091234,3.3014521306455764,-0.5215967285005207,7.9999999999999885,10.773201177571202,1.1222720109823765,-8.334581027334886,-0.4503465512061374,1.473990219274643,1.2402173320343062,3.6,0.0,casci,vtz,8,0.01
-97.65684301365796,161,1.0000000786608882,0.9999999913845071,1.000000295858156,0.9999997320943045,0.9999997901971498,1.0000003844136078,0.9999998393787206,0.9999998880126528,3.4548973722575367,-2.2195439860112955,7.999999999999987,11.344537536646214,1.186592740899579,-8.577933390467408,-0.2839363646714458,1.4528323110721504,0.44836662890613044,3.6,0.0,casci,vtz,8,0.01
-97.62648222600791,162,1.01556304229418,0.9844330527119523,0.9844369824067678,1.015566970543393,1.0155632040994922,0.9844330797803259,0.9844365604464091,1.0155671077174795,4.452140596007025,-0.922706956880331,8.0,9.639384162532924,1.2882690535132586,-4.004406413450118,0.5523991824238788,-0.40764283390817213,0.9597588513716401,3.6,0.0,casci,vtz,8,0.01
-97.62647998894717,163,0.9844385548159927,1.0155648782663111,1.015560674508746,0.9844356006695001,0.9844402501114257,1.0155639049087006,1.0155609028965158,0.9844352338227921,4.452132347937521,-0.9227007451838178,7.999999999999984,9.639380424310016,1.2882690363211267,-4.004402715989578,0.552398498058325,-0.40764374808271464,0.9597569632918448,3.6,0.0,casci,vtz,8,0.01
-97.57649636477925,164,1.0000004130460773,0.99999970620881,0.999999954763727,1.0000001691926426,1.000000273464679,0.9999998973759361,0.9999995825209178,1.000000003427201,3.371211545665574,-2.051109138632116,7.999999999999991,11.13302628753479,1.170177141008401,-8.385980212278593,-0.32837059356785686,1.4097335342555994,0.49168978971632993,3.6,0.0,casci,vtz,8,0.01
-97.52464891633603,165,1.011494860588681,0.9885059575743309,0.9885048523723499,1.0114943700336085,1.0114946487656087,0.9885056810889612,0.9885052298241186,1.011494399752325,4.12886108634507,-1.1867051258847867,7.999999999999984,9.622397686733722,1.274580240221188,-4.4867401409867345,0.2410168393722829,-0.1622293511900631,0.7559786878047483,3.6,0.0,casci,vtz,8,0.01
-97.52464607588426,166,0.9885080547040371,1.0114915392668227,1.011492756579293,0.9885077325165403,0.9885079517213164,1.011491975442887,1.0114917988253112,0.9885081909437922,4.128844546648812,-1.1867110965062078,8.0,9.622402691099413,1.2745785459166061,-4.486735863950219,0.24102440558678215,-0.1622327407997437,0.7559782244847495,3.6,0.0,casci,vtz,8,0.01
-97.51831807568068,167,0.9999990190719834,1.0000003822722399,1.0000012833783245,0.9999993674858048,0.9999991853914105,1.0000014943167743,1.0000003431829572,0.9999989249005001,3.4489901176615136,-0.5601356297053741,7.999999999999995,10.035693352074556,1.121250958554525,-6.042576483708263,-0.43603673036639107,0.512364903835493,1.1716227687311516,3.6,0.0,casci,vtz,8,0.01
-97.48957845570354,168,1.012137474196789,0.987864181366642,0.987862456783189,1.0121360794050636,1.0121373129238758,0.9878633486604943,0.9878629491026183,1.0121361975613112,4.221412251375404,-0.5485306687407072,7.999999999999983,9.967314605884596,1.2373073733000886,-4.217093146248318,0.04072603690863175,-0.3832820783469908,0.4274250449082264,3.6,0.0,casci,vtz,8,0.01
-97.4895756475342,169,0.987863336010238,1.0121361887656901,1.0121350317066744,0.9878658727903766,0.9878643664856448,1.012133619024243,1.012137248940532,0.9878643362765954,4.2214034084938135,-0.5485346572826135,7.999999999999994,9.967320036346395,1.2373051355745854,-4.21709675869901,0.04072071819191606,-0.383281629737094,0.42743113114686015,3.6,0.0,casci,vtz,8,0.01
-97.37498954862832,170,1.0202488855694143,0.9797545494958262,0.9797517692671573,1.0202448067805645,1.0202486039923997,0.9797556993285781,0.9797506688721742,1.0202450166939,3.83054443031297,-1.0479458906382382,8.000000000000014,9.889787220083909,1.2685874099043861,-4.934242075899377,0.13886186450383536,-0.005325767071289289,0.8654627768611551,3.6,0.0,casci,vtz,8,0.01
-97.37498833506683,171,0.9797549524392217,1.0202407393695363,1.020245423818278,0.979758745527068,0.9797549967099268,1.0202420972650434,1.0202445523814996,0.9797584924894154,3.8305341935654242,-1.0479478523096084,7.999999999999989,9.889790191960978,1.2685856431978408,-4.934246874354721,0.13885775371593237,-0.005324110812883975,0.8654608574649444,3.6,0.0,casci,vtz,8,0.01
-97.28876993759005,172,1.0571154700542065,0.9429647982687891,0.9428757914995707,1.0570436949749715,1.0571214601571204,0.9429527698286655,0.9428874855831542,1.0570385296335232,3.915223328633947,0.23100245650416593,8.0,9.498121072887988,1.2304832321841868,-5.013080601313195,0.08512743411189695,0.13201003243460097,0.712716831533854,3.6,0.0,casci,vtz,8,0.01
-97.28876841625643,173,0.9428815158149924,1.0570417336711642,1.0571182992516945,0.9429592902005905,0.9428816203418756,1.0570405137385128,1.057118686707542,0.9429583402736108,3.9152257366482512,0.23100762852804654,7.999999999999983,9.498108073172869,1.230486429097698,-5.013063693256605,0.0851267618612671,0.1320048283350852,0.7127222449936332,3.6,0.0,casci,vtz,8,0.01
-97.28408580616559,174,1.001219173364162,0.9987767410287901,1.0012225720625971,0.9987815984030458,1.0012146048235842,0.9987891875994759,1.0012094860226561,0.9987866366956761,4.556052889477536,0.09082744334748184,7.999999999999988,9.413365919622798,1.2579714389214618,-3.241790439771295,0.40704571734739253,-0.7324462600200523,1.190340502368506,3.6,0.0,casci,vtz,8,0.01
-97.2840855881186,175,0.998783902049434,1.0012162003314402,0.9987825785895943,1.0012182446220959,0.998784730528776,1.0012159047945008,0.9987820059507215,1.0012164331334286,4.556048873706099,0.09083597566815452,7.999999999999991,9.413370633832237,1.2579695978332777,-3.2417853289652707,0.407044608668942,-0.7324499939754245,1.1903447280163628,3.6,0.0,casci,vtz,8,0.01
-97.28128633149588,176,1.0000016660266744,0.999996741281605,1.0000016293413776,0.9999997614645515,0.9999994471501523,1.0000023114088665,0.9999959131803722,1.0000025301464022,3.9924633678580808,-0.16667667983780995,8.000000000000002,9.477382360413957,1.3403557581094931,-4.331401445892243,-0.5053049378735649,-0.20364486715736785,0.9247478774539417,3.6,0.0,casci,vtz,8,0.01
-97.24906642065302,177,1.0000015615577187,0.9999984287288299,0.9999993641390836,1.0000010171544682,1.0000010723748867,0.999999163433534,0.9999983153812445,1.0000010772302248,3.385630490394525,-0.16880500157483855,7.99999999999999,11.114545433537886,1.101706418902185,-8.542578525925197,-0.3160155188010318,1.4926529045781276,0.8906671880202656,3.6,0.0,casci,vtz,8,0.01
-97.24074991373169,178,1.021253178559415,0.9787684750789131,0.9787467246338938,1.0212322788064663,1.021253386965215,0.9787678822576031,0.9787468119150071,1.021231261783461,4.240269864818867,-0.593012370908476,7.999999999999974,10.440813718655843,1.2362683501987553,-5.704443214170824,0.3357576259425628,0.2420181774214516,0.24165060894991774,3.6,0.0,casci,vtz,8,0.01
-97.24074707616393,179,0.9787472048167694,1.0212318703886998,1.0212493289218578,0.9787715079560055,0.9787489747400313,1.0212273856434817,1.0212540969572435,0.9787696305758984,4.240277605165561,-0.593017939202821,7.999999999999988,10.440829610669473,1.2362675169627382,-5.704470859209632,0.33576428356521276,0.24202802693744774,0.24164031753772874,3.6,0.0,casci,vtz,8,0.01
-97.2229783516235,180,1.000000528639745,0.9999992932725249,0.9999997559184196,1.0000004055242873,1.000001137937207,1.0000002167792104,0.9999984569448933,1.0000002049836993,3.411189547362295,-0.027537900966500536,7.999999999999987,11.038596842119485,1.121962591039554,-8.446558669317358,-0.34995195548165464,1.4636301241288077,0.9777049213647804,3.6,0.0,casci,vtz,8,0.01
-97.17745397305866,181,1.0204368063910108,0.9791996254455811,0.9795627838808212,1.0208009439594172,1.0204366405047536,0.979198008018791,0.9795648031112006,1.0208003886884156,4.045467561987348,-0.7524414134283577,7.999999999999991,9.353135756327163,1.284448657027815,-3.6811718937994584,-0.30802472434463735,-0.4976979921820608,0.9614325006459106,3.6,0.0,casci,vtz,8,0.01
-97.17745370040309,182,0.979564347989724,1.0208009182256559,1.0204344480158756,0.9792001174463199,0.9795651308052115,1.0207988523737492,1.0204363475461533,0.9791998375972943,4.045469409740948,-0.7524276898363254,7.999999999999984,9.353137127613056,1.2844482327902982,-3.6811743542513264,-0.30802867783612803,-0.49769710477760065,0.9614304235971186,3.6,0.0,casci,vtz,8,0.01
-97.1673525891893,183,1.0007337364480113,0.9992660238853333,1.0007284337138571,0.9992718471465589,1.0007338472240448,0.9992669099279019,1.0007276382082888,0.9992715634459922,3.476653411559713,-0.7985423874963347,7.999999999999988,10.7721190991773,1.1426644894849316,-6.99614173690251,-0.04427082688417613,0.8050410936569297,0.5810640957113992,3.6,0.0,casci,vtz,8,0.01
-97.16735255021409,184,0.9992691682298562,1.0007298970040281,0.999270061500374,1.0007310660676083,0.9992693577167039,1.0007314473153905,0.9992679766833865,1.0007310254826358,3.4766689153847983,-0.7985419856561429,7.999999999999984,10.77212459795031,1.1426659923053764,-6.996149661494581,-0.044264956890235956,0.8050436812597132,0.5810663926404434,3.6,0.0,casci,vtz,8,0.01
-97.1539160149881,185,1.0356459616347546,0.964340543111501,0.9643560714833939,1.0356567012737985,1.0356449364114728,0.9643430570482072,0.9643538292100575,1.0356588998268044,4.435628323435394,-0.26067488481627654,7.999999999999989,10.003339080372857,1.2909730258485839,-4.452429831521934,0.19305118748434472,-0.2746198543322472,0.4755008136297618,3.6,0.0,casci,vtz,8,0.01
-97.15391227886364,186,0.9643542586854448,1.035658794314743,1.0356470279822032,0.9643403062135351,0.9643532956279344,1.0356591425949797,1.035646709089252,0.9643404654918974,4.435625158851,-0.26066999650379696,7.999999999999989,10.003345299580445,1.2909711404575521,-4.452433582409737,0.19305038074448794,-0.2746195336902425,0.47550072767598484,3.6,0.0,casci,vtz,8,0.01
-97.10298456930033,187,1.0000053670990259,0.9999945893434481,0.9999960747683219,1.0000039935415677,1.0000039854051275,0.9999959518737991,0.9999949667983229,1.0000050711703867,3.5179418887450895,-2.0008459541380486,8.0,10.308009424552981,1.208205706302833,-5.560082219577423,-0.11736708233161354,0.2030387536504662,0.3332534583321842,3.6,0.0,casci,vtz,8,0.01
-97.07650490983085,188,1.0007588463386705,0.9992412647004447,1.0007545777295643,0.9992455543315946,1.0007592298464338,0.9992407607693549,1.000754611079608,0.9992451552043342,3.6235162938634478,-0.4659084763248935,8.000000000000005,10.408440077442464,1.1865764959126222,-6.04569451633567,0.13252065425872345,0.4207372388072188,0.5717473938246687,3.6,0.0,casci,vtz,8,0.01
-97.0765048245257,189,0.9992401293183639,1.0007573563092018,0.9992479700653749,1.000754413647582,0.9992416294374425,1.000761717140565,0.9992430216224852,1.0007537624589755,3.623499484508369,-0.4658938205625878,7.999999999999991,10.408443363442505,1.1865723105542982,-6.045689860241737,0.13252349565394542,0.42073408926024225,0.5717466043977787,3.6,0.0,casci,vtz,8,0.01
-97.06987691150212,190,0.9999999187972797,0.9999993374129659,0.9999997514294452,1.000000960625667,1.0000009184274863,0.9999998277307347,0.9999995427701773,0.9999997428062428,3.459793656845849,-2.0413529433558697,7.999999999999999,10.028766441877673,1.2663469303837622,-5.504101250119636,0.11185729462170342,0.24485901459039938,0.1398501587022487,3.6,0.0,casci,vtz,8,0.01
-97.04110593726422,191,1.0001471710003975,0.999852363463712,1.0001491252035004,0.9998511503797997,1.0001474357448414,0.9998527415287557,1.0001490347394337,0.9998509779395515,4.522767228116429,-1.1627135358625025,7.999999999999991,10.357986274966972,1.2386773974784386,-4.489210697309792,0.3847349904855198,-0.34489122008684725,0.05449130165144511,3.6,0.0,casci,vtz,8,0.01
-97.04110575620086,192,0.9998517393510263,1.0001475198235155,0.9998517134721061,1.0001485457512769,0.9998523165480051,1.0001472348994307,0.9998520160844833,1.0001489140701363,4.522771420482125,-1.1627068934413383,7.9999999999999805,10.357982710747315,1.2386778000697984,-4.4892038120257185,0.3847353826405256,-0.3448937716739693,0.054496147023991304,3.6,0.0,casci,vtz,8,0.01
-97.03364592022446,193,0.9999976457926922,1.000002851402714,1.000001326464675,0.9999982259051998,0.9999981314122268,1.0000013807925106,1.0000027938524036,0.9999976443775633,3.4787108002569425,-0.819406571855418,7.999999999999985,9.17211359122396,1.2634983866135425,-3.947035994614252,0.6850531210191448,-0.31951040049886414,1.03026509890924,3.6,0.0,casci,vtz,8,0.01
-97.02822992335183,194,1.0062546888378219,0.9937633292043122,0.9937447415472855,1.0062369900318067,1.0062546376928991,0.9937618448255263,0.9937462468852317,1.0062375209750996,3.460790793624059,-0.281167312206396,7.999999999999983,10.914005994544453,1.174476510542816,-7.493938841168416,-0.28558039499936005,1.0184679219480943,0.3112821680316733,3.6,0.0,casci,vtz,8,0.01
-97.02822925921402,195,0.9937489773748138,1.0062352175387157,1.006252630837338,0.9937639579398914,0.9937466061179195,1.0062347985740776,1.0062520923751435,0.9937657192420835,3.4607916479616496,-0.28114940021790913,7.999999999999982,10.91400512819937,1.1744765940398394,-7.4939473491496535,-0.285583892580358,1.018472392524984,0.3112826268288348,3.6,0.0,casci,vtz,8,0.01
-96.93581660107691,196,1.051501338201922,0.9484978321786419,0.9484971916486775,1.0515032347115945,1.051503169176053,0.9484972507636156,0.9484975785595983,1.0515024047598918,3.716250963516149,-0.9981418943413549,7.999999999999996,9.616487865968285,1.319307805815911,-4.467807783594702,0.3642559135330214,-0.17021807469472083,-0.08449017062642028,3.6,0.0,casci,vtz,8,0.01
-96.93581061893299,197,0.9484977502860954,1.0515026909977774,1.051502792777777,0.9484971545673431,0.9484973307590421,1.051502822921388,1.0515022675286994,0.9484971901618743,3.716223924034397,-0.9981468308759116,7.9999999999999964,9.616500103350434,1.319301786330471,-4.4678118939397375,0.3642667084353444,-0.1702190788677398,-0.08449498497020558,3.6,0.0,casci,vtz,8,0.01
-96.89109625580419,198,1.000001118646506,0.9999987387564536,0.9999992458432879,1.000001313469427,1.000001096221727,0.999998905106247,0.9999987935307935,1.0000007884255444,2.3934660620209343,-4.0745525009544536e-11,7.999999999999987,10.640615778990487,1.0000000004121639,-9.240231200332033,-0.5996154228408527,1.9599616554183943,1.9320822478258612,3.6,0.0,casci,vtz,8,0.01
-96.87935993516025,199,1.000002121714772,0.999999209224695,0.9999974643724998,1.0000019009300434,1.0000016668825276,0.9999982059007102,0.9999980737571035,1.0000013572176294,3.2749093230459607,-1.6877484579028454,7.9999999999999805,10.4909167187127,1.3085302295883405,-7.363527417947884,-0.3529474583030696,1.0590345292957664,-0.04265270587214476,3.6,0.0,casci,vtz,8,0.01
-96.87525021097146,200,1.0141191041029622,0.985892077179254,0.9858807793535445,1.0141076706341876,1.0141194044650086,0.9858927703580973,0.9858801587591499,1.0141080351477596,3.7774266384388646,-0.33087368901701164,7.999999999999964,9.964801635868929,1.195815904632189,-4.331754513888503,0.4320592298104992,-0.32532315202298046,0.7386188207248586,3.6,0.0,casci,vtz,8,0.01
-96.8752491647584,201,0.9858845912184775,1.014102878653748,1.0141147381137339,0.985898416693301,0.9858872752039447,1.0141025567906228,1.01411367539935,0.9858958679268102,3.7774401206138295,-0.3308743878468668,7.9999999999999885,9.964794549331568,1.1958195793017403,-4.331754245395009,0.4320537673251769,-0.3253215146353874,0.7386141493597401,3.6,0.0,casci,vtz,8,0.01
-96.86673784574178,202,1.0000034038792975,0.9999965872820431,0.9999981307059255,1.0000017353513804,1.0000020666776475,0.9999981973534596,0.9999959173228243,1.0000039614274066,3.946339844679574,-0.05985938665534526,7.999999999999984,9.18764384640558,1.3340464900330928,-4.815635125432577,-0.44445790210212255,0.11090660111489314,1.1694751536851087,3.6,0.0,casci,vtz,8,0.01
-96.8615825231259,203,0.991465062590778,1.008532189237027,1.0085339980563215,0.9914689670291816,0.9914667417067468,1.0085322084174146,1.0085331438197893,0.991467689142747,2.737367196823776,0.18113066210716844,8.000000000000007,10.85488628159183,0.9929528276533302,-9.306879891044222,-0.46194178243098416,1.9397183751241536,1.9300361398062325,3.6,0.0,casci,vtz,8,0.01
-96.86157921306635,204,1.00853699636443,0.9914662986550983,0.9914635477968383,1.0085336966247256,1.0085355607906692,0.9914659486333955,0.991463749935238,1.0085342011996103,2.7373631489797585,0.1811420642912591,8.000000000000005,10.854879565371117,0.9929533397774208,-9.306877455649936,-0.46194539950294117,1.9397188364821885,1.930035589934802,3.6,0.0,casci,vtz,8,0.01
-96.85876951733114,205,1.01621263981141,0.9837789926583423,0.9837866242497262,1.0162214141952273,1.0162139813417432,0.9837782885234749,0.9837871498346431,1.0162209093854075,2.7175183207258335,-2.092777886897536,7.999999999999973,11.266211066956213,1.0854382993147358,-8.92693131038853,-0.3531026757277455,1.6469128884552118,0.9547878700927515,3.6,0.0,casci,vtz,8,0.01
-96.85876892642072,206,0.9837916869934241,1.016216175928013,1.0162079272181885,0.9837838408169852,0.9837916449885679,1.0162165932108422,1.0162081754473191,0.9837839553966448,2.717534131987585,-2.0927855801115425,7.999999999999984,11.266217011380396,1.0854402927045494,-8.9269372450771,-0.3530968163791015,1.646914369693451,0.954790005493831,3.6,0.0,casci,vtz,8,0.01
-96.85310622035625,207,1.004449118244706,0.9955254697266182,0.9955505687359355,1.0044742900705308,1.0044506003820457,0.9955248482862493,0.9955503379712287,1.0044747665826763,3.3947593351708774,-1.4451604083557328,7.999999999999991,10.335919681991992,1.2416231153975745,-6.014288320383835,-0.27461174997560556,0.4231642396939195,-0.22916929176856993,3.6,0.0,casci,vtz,8,0.01
-96.85310539554484,208,0.9955492657088534,1.0044762949487174,1.0044501292986618,0.9955238887936794,0.9955487410991408,1.004474678168208,1.004452137983605,0.9955248639991332,3.394767189877955,-1.4451555509724763,8.0,10.33591460380478,1.241625388864818,-6.014279944865263,-0.27460914241104567,0.4231613214814365,-0.22917145958516194,3.6,0.0,casci,vtz,8,0.01
-96.84972838613912,209,1.0005852217568607,0.9994120777007405,1.0005800911786777,0.999421578969526,1.0005877333556294,0.999414047923143,1.000579310254563,0.9994199388608448,3.4468695638954676,-0.9339515591766616,7.999999999999986,10.248060807538863,1.2005474322090666,-5.7575255255728095,0.14764759397244198,0.31674756090168854,0.5832997820390774,3.6,0.0,casci,vtz,8,0.01
-96.84972804617333,210,0.999416965417803,1.000582957612683,0.9994165892407634,1.0005837527072772,0.9994168151165705,1.0005827747849205,0.9994164474514712,1.0005836976684965,3.4468683308931616,-0.9339460464049227,7.999999999999985,10.248066040886377,1.200546431120301,-5.757532027716636,0.14764697424651865,0.31674950363672383,0.5832957452032701,3.6,0.0,casci,vtz,8,0.01
-96.84348673953323,211,1.013419776822936,0.9865761292582291,0.9865775382705023,1.0134267359714464,1.0134206163568127,0.9865719572623666,0.9865821828473788,1.0134250632103063,4.042846941560153,0.38463363980806864,7.999999999999978,10.256097769206715,1.2194591302474964,-5.074616855684608,0.4298758069080664,-0.026716014459374215,0.3854968993993597,3.6,0.0,casci,vtz,8,0.01
-96.84348494555272,212,0.9865742296183049,1.0134319093219282,1.0134251025903174,0.9865690990594869,0.9865750061980771,1.0134312781239532,1.0134247796639837,0.9865685954239337,4.042848541693482,0.3846169395000837,7.999999999999985,10.256112242595258,1.219459379727562,-5.0746402980329925,0.42986712525132115,-0.026707911632318226,0.3854840116304964,3.6,0.0,casci,vtz,8,0.01
-96.80856165999437,213,1.0000002990544279,0.9999989862479886,1.0000000547901802,1.0000010515047242,1.0000009612283653,0.999999132232641,0.9999979198176452,1.0000015951240073,3.450442361550783,-0.08761854968614396,7.99999999999998,10.387036504765833,1.0994617445160533,-6.802685012540676,0.009929137467210794,0.8045833800788802,0.8791691222876853,3.6,0.0,casci,vtz,8,0.01
-96.79567835526522,214,1.070258984178901,0.9300336571892759,0.9297396787510577,1.069967004360764,1.0702604706520402,0.9300321172706432,0.9297416918416626,1.0699663957556398,3.76466988604557,0.3041644433731078,7.999999999999984,10.656518171234016,1.2032496942879103,-6.634790115742389,0.024536081094973874,0.65326551506269,0.2786244559873122,3.6,0.0,casci,vtz,8,0.01
-96.79567775645627,215,0.9297393741357297,1.0699673827583842,1.0702606554310103,0.930032449741715,0.92973986064225,1.0699679351147315,1.070259658286752,0.9300326838894197,3.764667394994867,0.30416191970691564,7.999999999999992,10.6565162931254,1.203251791845125,-6.634804963694794,0.024541088823775977,0.653273408566047,0.27862344344975465,3.6,0.0,casci,vtz,8,0.01
-96.78400770480442,216,1.039692877231913,0.9603182977137377,0.9603000237928054,1.0396888745616577,1.0396963437609799,0.9603085173311319,0.960310017829843,1.0396850477779274,3.9877673408016054,0.029316898926188942,7.9999999999999964,10.402050224717808,1.2163687725684962,-5.524447589361798,0.1860658719987045,0.16171123850144697,0.31954072993872273,3.6,0.0,casci,vtz,8,0.01
-96.78400166727671,217,0.9603032938730457,1.0396890233387526,1.0396960057049156,0.9603114161441377,0.9603043141860053,1.0396882616610654,1.0396967471722265,0.9603109379198498,3.987767710167285,0.029320287878957883,8.0,10.402049028645504,1.2163684680383577,-5.5244408278649555,0.186056845025767,0.1617081567711015,0.31954094382155684,3.6,0.0,casci,vtz,8,0.01
-96.7753472488444,218,1.0000014137850863,0.9999952056072889,1.0000056007861766,0.9999981089735948,0.9999973129401749,1.0000045567043654,0.9999958008335251,1.0000020003697907,3.6799513498356804,-0.5078424087327165,8.000000000000004,9.633760765124826,1.2569971118261962,-4.164923692632859,0.7561444933373245,-0.3259783449647765,0.7245046279691141,3.6,0.0,casci,vtz,8,0.01
-96.76462277322844,219,1.00127841725676,0.9987214375639488,1.0012758702092188,0.9987242494368689,1.0012804704336302,0.9987205621185192,1.0012774117014118,0.9987215812796334,3.519660105664468,0.1267236099987802,7.999999999999991,9.776597333820689,1.153088962826611,-5.408271216018578,-0.062030203682430056,0.25998627455411627,1.6603106807567296,3.6,0.0,casci,vtz,8,0.01
-96.76462232751146,220,0.9987273263766105,1.0012732238296616,0.998717501892374,1.0012819632579544,0.9987265923344928,1.0012734511685402,0.9987177160085083,1.0012822251318516,3.519656845689754,0.12671695655582327,7.999999999999994,9.776602196437258,1.1530885812901241,-5.408275279210065,-0.06202899281832832,0.2599870904957179,1.6603090915820615,3.6,0.0,casci,vtz,8,0.01
-96.75377631275607,221,1.0000007999956928,0.9999983697950912,0.9999996860431792,1.0000013419802012,1.0000006917200905,0.9999986115180561,0.9999987683384373,1.0000017306092448,4.279262068597543,-0.17283804923464788,7.999999999999993,9.630293515108264,1.2522546314240595,-2.398363774383313,-0.24651838312423668,-1.20839149158541,1.0503556152503588,3.6,0.0,casci,vtz,8,0.01
-96.74498595635067,222,1.0022617532889608,0.9977444927050853,0.9977388009210513,1.0022563638185957,1.0022602189934326,0.9977432217862736,0.9977398381180914,1.0022553103685081,3.4927563227085026,0.23153426055849693,8.0,11.305446174070502,1.0534329962063036,-8.363952080573956,-0.04385666276403786,1.3556144967693515,1.1516215920046196,3.6,0.0,casci,vtz,8,0.01
-96.74498537684804,223,0.9977380639706003,1.0022575074686706,1.0022627874045504,0.9977412051663099,0.9977360681980558,1.0022581764920715,1.0022627855619204,0.9977434057378,3.4927578415758407,0.23153798799959582,7.999999999999979,11.305456374887946,1.0534321038915824,-8.363962219403518,-0.043854946424888575,1.3556170159797727,1.1516177903432574,3.6,0.0,casci,vtz,8,0.01
-96.73452784322352,224,1.000010421251678,0.999990504773365,0.999990563485769,1.0000085142620867,1.0000088407945422,0.9999901634221444,0.9999909985136437,1.0000099934967555,3.2645619645329167,-0.7984524627831582,7.999999999999984,9.620601800274887,1.2772572711288792,-4.542734823519087,0.7946573767743634,-0.1337830383091786,0.273688093778073,3.6,0.0,casci,vtz,8,0.01
-96.70806180745288,225,1.0004852821641714,0.9995158511598745,1.0005013908684837,0.9994974558627543,1.0004851717650802,0.9995149041752782,1.000502947513743,0.9994969964906075,3.32144224696189,-0.9231952377025285,7.999999999999993,10.40211561431556,1.1572968027776354,-5.499727492397815,0.2880585852603039,0.14933484262001717,0.3888226351932288,3.6,0.0,casci,vtz,8,0.01
-96.70806169504188,226,0.9995074542801775,1.000492935455632,0.9995056133591175,1.000494323897109,0.9995072799271025,1.0004916626266884,0.999505768630419,1.0004949618237495,3.3214391987481164,-0.9231956985073744,7.999999999999995,10.402125039514097,1.1572947189670824,-5.499739965129875,0.28805787077108075,0.14933872268641357,0.3888205709336462,3.6,0.0,casci,vtz,8,0.01
-96.70601239996316,227,1.0014585643146225,0.9985414176170295,1.0014554160725098,0.998544851424054,1.0014577159732059,0.9985417232858183,1.0014560417380145,0.9985442695747471,3.245451792641683,-0.9487432604207797,8.000000000000002,10.05929234596381,1.2334104219804662,-5.8057829964950844,0.304507973393461,0.3880684117565899,0.6677640438220844,3.6,0.0,casci,vtz,8,0.01
-96.70601230703704,228,0.998541025083689,1.0014604041279767,0.9985419655822954,1.0014569794184474,0.9985424558027904,1.0014578121268167,0.9985445416544761,1.0014548162035015,3.245447641412431,-0.9487469735514216,7.999999999999994,10.05928465484951,1.2334113134345817,-5.8057831235539386,0.3045048562209884,0.3880703980645922,0.6677662582623606,3.6,0.0,casci,vtz,8,0.01
-96.6656294068038,229,1.0000006859229007,0.9999993312172167,1.0000000020678832,0.9999993991780167,0.9999998743464005,0.9999996985669573,0.9999997259173403,1.0000012827832703,3.757642253910163,0.12499299509933656,7.999999999999986,10.295302206988058,1.1779021542527246,-5.336739650955947,0.42470610040981205,0.09454427373095864,0.6747133872503079,3.6,0.0,casci,vtz,8,0.01
-96.62704292841822,230,0.9999992150952524,0.9999998613237069,1.0000002952361293,1.0000001206112514,0.9999998174749719,1.0000007827656021,0.9999995376800505,1.000000369813035,3.867011316397878,-0.1268584390138026,7.999999999999999,10.561376068322737,1.1139186728242485,-6.92906354725413,0.15701889483289122,0.8241877565463805,1.113660736558419,3.6,0.0,casci,vtz,8,0.01
-96.54832915540933,231,1.0000013021014391,1.0000011244522486,0.9999963057367018,1.0000010460553337,1.000001434575728,0.9999966195838098,1.000000556398896,1.0000016110958416,3.2560801025754147,-1.1914504587488925,7.999999999999998,9.819263822841474,1.2351238834455818,-5.001767533662257,-0.4243419986799132,0.04606781112075953,0.34657183842399986,3.6,0.0,casci,vtz,8,0.01
-96.51870736445339,232,1.0000022871135343,0.9999983498403984,1.0000017993565833,0.9999985771141285,0.9999966174672541,1.0000029891921236,0.9999976149916234,1.0000017649243327,3.6259667530991315,-0.5826673438361749,7.999999999999979,10.683515938884476,1.2116311993676534,-6.176352500251421,0.277637384331395,0.41729726540459144,-0.13200507804099093,3.6,0.0,casci,vtz,8,0.01
-96.51069569135488,233,0.9844749202871552,1.0155393467220362,1.0155258424398075,0.984459829809592,0.9844722630868736,1.0155373604194322,1.0155278675827868,0.9844625696523086,3.988346063594352,-0.3770619213577002,7.999999999999992,9.651322328092391,1.2719224928755295,-3.991809500267888,-0.015143467715298627,-0.41692583188915333,1.0150171605476013,3.6,0.0,casci,vtz,8,0.01
-96.51069283912443,234,1.0155264440590601,0.9844572299802179,0.984469137123382,1.0155473057350854,1.0155353899964727,0.9844571101151365,0.9844697205468527,1.0155376624437842,3.988333098278712,-0.3770815396392569,7.999999999999991,9.651322390099061,1.271922418454692,-3.9918150314206273,-0.015141665100926545,-0.41692308181445137,1.0150112643017408,3.6,0.0,casci,vtz,8,0.01
-96.50517819036443,235,1.0005177294992698,0.9994880533209409,1.000518234617987,0.9994765308559719,1.0005122017828199,0.9994819857265848,1.0005233065468242,0.9994819576495877,3.060256048777353,-0.6730732435043425,7.999999999999986,10.305533072741705,1.1591865977541074,-6.899799084760524,-0.2354924555113959,0.8735162741948359,0.1955266412618395,3.6,0.0,casci,vtz,8,0.01
-96.50517804933239,236,0.9994904731768977,1.0005064900993559,0.9994745154369314,1.0005287289266676,0.999492470073787,1.0005078010883115,0.9994737494614687,1.0005257717365703,3.0602565319500967,-0.673075056074184,7.99999999999999,10.305532151770626,1.1591869695888537,-6.8997988946005115,-0.23549397297886848,0.8735164093575994,0.19552638072030049,3.6,0.0,casci,vtz,8,0.01
-96.49595506752506,237,0.9999974634038633,1.0000023299915044,1.0000029056085058,0.9999966802134065,0.9999974360323137,1.0000039855840235,1.0000020229879159,0.9999971761784587,3.2330233205462795,0.05711814428599714,7.999999999999991,10.240307449979618,1.1704193458835597,-6.178995171006406,0.36282903672469835,0.5294207230082989,0.6145526403314604,3.6,0.0,casci,vtz,8,0.01
-96.47858234501305,238,0.999996363062449,1.0000042644942189,1.0000027385539625,0.9999962074565034,0.9999973775571382,1.000002803370891,1.0000046658007258,0.9999955797041022,3.0947165167432087,-0.8602952976485665,7.999999999999991,9.602356210529488,1.2254139632146368,-4.888230318615225,0.30295048076479225,0.04352610667524026,0.7978225479424084,3.6,0.0,casci,vtz,8,0.01
-96.47683674794786,239,1.1008561604604297,0.8991377520168198,0.8991436315391634,1.1008619019598225,1.100860858837414,0.8991422774183604,0.8991409829816728,1.1008564347863063,2.7766672887389796,-1.4244941650920713,7.9999999999999885,10.397009491934208,1.0732261523746562,-6.82832827865192,-0.10834130288597384,0.8149117663424083,0.8744633688274758,3.6,0.0,casci,vtz,8,0.01
-96.47682923301386,240,0.8991417008309046,1.1008590445372164,1.1008577876274888,0.8991400135324628,0.8991414640451343,1.100859731869079,1.1008589945040586,0.899141263053661,2.7766624604640153,-1.4245426260727698,8.000000000000005,10.397022185282342,1.073226968812598,-6.828354061385769,-0.10834150139469255,0.8149214843723,0.8744552508958596,3.6,0.0,casci,vtz,8,0.01
-96.46285137431076,241,0.9999977116890004,1.0000029830514237,1.0000027080300498,0.999996954765336,0.9999981415846748,1.0000024449490352,1.0000017582101637,0.9999972977203109,3.461148417246246,-0.36339859470779645,7.999999999999995,10.622455848318559,1.1331690533268093,-5.6022348490552325,0.5048336515459217,0.1455034624479763,0.15057789276601585,3.6,0.0,casci,vtz,8,0.01
-96.39576242031004,242,1.0157417207011061,0.9842706040661127,0.9842585331738127,1.0157295232700891,1.015740119879144,0.984271043854948,0.9842600410392185,1.0157284140155525,3.179809862094067,-0.969704874751018,7.999999999999983,9.908705300575718,1.2647699585937169,-5.668568626745525,0.48968284257442407,0.35710798822883305,0.4009630387984341,3.6,0.0,casci,vtz,8,0.01
-96.39576058333918,243,0.9842626671369519,1.0157246936072277,1.015739317084968,0.984273508573996,0.9842628378400838,1.015727414319923,1.015735662487484,0.9842738989493536,3.1798204551415665,-0.9697337277960706,7.9999999999999885,9.908714678507625,1.2647709362470476,-5.668581864508072,0.4897012326877338,0.3571122626271295,0.4009472706060826,3.6,0.0,casci,vtz,8,0.01
-96.39321404776871,244,1.0000032387415896,0.999997568948046,0.9999962518142931,1.0000027499494288,1.0000034504448108,0.9999970106174337,0.9999966778654052,1.0000030516189935,3.3307437556567674,-1.0242385947561954,8.0,9.77786216069137,1.284997770054011,-4.995765486100936,-0.09183977123657873,0.053417202877625414,0.3970963827035927,3.6,0.0,casci,vtz,8,0.01
-96.37183819630094,245,1.0000014422592542,0.9999993457061948,0.9999984251981646,1.0000017336208167,1.000000845892023,0.999998818283691,0.9999990248152126,1.0000003642246391,2.729813740131474,-1.0040657545986296,7.9999999999999964,9.485413959295624,1.224910535589368,-5.639812046019042,0.4003512232471682,0.44855253318561494,1.5158852894659824,3.6,0.0,casci,vtz,8,0.01
-96.33559048503007,246,0.9997706251475449,1.000229612848015,0.9997709969452475,1.0002283705274455,0.9997709857603895,1.000228069780476,0.9997724451056685,1.0002288938852066,3.2372598760264095,-0.8573511812856134,7.999999999999994,10.126212034704471,1.2726097286495486,-6.538981731905302,-0.0014338182264141365,0.7379378572765337,0.5065779943645937,3.6,0.0,casci,vtz,8,0.01
-96.33559040940422,247,1.0002291310980642,0.9997698516329023,1.0002276510281747,0.9997726763282222,1.0002304323746398,0.9997709263545567,1.0002290860579666,0.9997702451254609,3.237266409814242,-0.8573390777215693,7.999999999999988,10.126203790835433,1.272610936937228,-6.538971253285925,-0.0014395668852619716,0.7379346789341044,0.5065803675758865,3.6,0.0,casci,vtz,8,0.01
-96.31070670873386,248,0.9890388477192218,1.010959711031873,0.9890360727037937,1.010965576581956,0.9890389726776043,1.0109591109184788,0.9890356559602378,1.0109660524068227,3.4995716828053216,-0.5826391663864692,7.999999999999988,10.736759434543215,1.1982575848223318,-6.479275143359569,-0.16348587563722575,0.555447713043981,0.17373542026448652,3.6,0.0,casci,vtz,8,0.01
-96.31070666819006,249,1.010962250479703,0.9890416839733238,1.0109641827625278,0.9890353973670816,1.0109598366787793,0.9890402712256662,1.0109618912898668,0.9890344862230297,3.499586537024411,-0.5826240251201953,7.999999999999977,10.736762329404787,1.19825849636691,-6.479277387034601,-0.16348438488913214,0.5554481111661034,0.17373720058274378,3.6,0.0,casci,vtz,8,0.01
-96.26578264619629,250,0.9999956907496393,1.000000802039915,1.000005325232952,0.9999968237716189,0.9999973851067226,1.0000049893982768,1.0000009018407925,0.9999980818600733,3.124945791439643,0.04845641163000867,7.99999999999999,10.908987278706572,1.1476817430252124,-7.278236642123306,0.24564948580678767,0.9118715013850104,0.5585391491053258,3.6,0.0,casci,vtz,8,0.01
-96.22922200882722,251,1.0000006252826692,0.9999990566161794,1.0000015918070069,1.0000006593165907,0.9999986876685607,1.0000006365110568,0.999999207839342,0.9999995349585917,3.3595143606138413,-0.3695500493530124,7.999999999999997,10.217942526178838,1.2723180533047624,-5.899133444521018,0.4638388395398997,0.39508109071579967,0.06062946615387599,3.6,0.0,casci,vtz,8,0.01
-96.21184976516932,252,1.0135941539982833,0.9863997453667279,0.9864056390425584,1.0135992222732293,1.0135949354034295,0.9864018893810336,0.9864056185861242,1.0135987959486046,3.2510340474608537,-0.3121806550817977,7.999999999999991,10.694995397765123,1.1711528723924316,-6.1259639055946415,0.03268512418947953,0.38923310335604044,0.30853696161759714,3.6,0.0,casci,vtz,8,0.01
-96.21184781866368,253,0.9864168610415396,1.0135862365536785,1.0135841609599283,0.9864126429251298,0.9864168604363315,1.0135884890243976,1.0135817135032026,0.9864130355557937,3.251058528075364,-0.3121927700007831,8.000000000000002,10.694980635562393,1.1711601291065548,-6.1259697667072075,0.03269346019949248,0.38923972446300503,0.30853911158405845,3.6,0.0,casci,vtz,8,0.01
-96.19936064738481,254,0.9999825602003811,1.0000166463852498,0.9999846697337124,1.0000168269665508,0.9999816445379075,1.0000170685629315,0.9999850677137947,1.000015515899467,3.8857975497665582,-0.23835986184239855,7.999999999999995,10.4382662871188,1.2559985174519368,-5.442851402611662,0.05139095962356725,0.1118591295261313,0.4149457818085329,3.6,0.0,casci,vtz,8,0.01
-96.19936034918861,255,1.0000176191952015,0.9999820154958869,1.000014781466728,0.9999851040263577,1.000018761631817,0.9999822516812014,1.0000148775091389,0.9999845889936565,3.8858480507002375,-0.2383578694087697,7.999999999999988,10.438258189212174,1.2560079819214143,-5.442833661094452,0.05139680880747532,0.11185228324418217,0.4149566495401684,3.6,0.0,casci,vtz,8,0.01
-96.19711434558505,256,1.015684044067649,0.9842633089450297,0.9843148844425786,1.0157366773196363,1.0156838966703094,0.9842649691989838,0.9843148405264783,1.0157373788293313,3.2612081879554693,-0.4193539269335949,7.9999999999999964,9.79022725664351,1.2233571913743202,-5.186419297785653,0.5000856643111187,0.1456528347319489,0.7033971497558725,3.6,0.0,casci,vtz,8,0.01
-96.1971124022214,257,0.9843051909346927,1.0157472196247852,1.0156940357489352,0.984253425799409,0.9843039324020683,1.015748043392366,1.0156949049543536,0.9842532471433807,3.2612105369280115,-0.41936802149145797,7.99999999999999,9.790225000337578,1.223360068256474,-5.186426395098735,0.5000880533601824,0.14565694746497237,0.703385947539211,3.6,0.0,casci,vtz,8,0.01
-96.102662463154,258,0.999751205474297,1.0002485493445832,0.9997484033791812,1.0002513229349055,0.9997497033080317,1.000250580374607,0.99974824215471,1.0002519930296736,3.373955875715607,-0.5764014306787595,7.999999999999989,10.678100879035021,1.1844160581838055,-6.395709924813431,0.3584890997202918,0.52832974264796,0.4902547079477676,3.6,0.0,casci,vtz,8,0.01
-96.10266240831503,259,1.0002538216317274,0.9997451277693319,1.0002518290757827,0.9997501099358607,1.0002513051480033,0.9997499341532858,1.0002467993912847,0.999751072894709,3.3739621761787983,-0.5764069124868374,7.999999999999986,10.678088718528059,1.1844194473242664,-6.39571154341251,0.35849562401894297,0.52833359207424,0.4902496739478107,3.6,0.0,casci,vtz,8,0.01
-96.0977042303896,260,1.000007873619652,0.9999932600111243,0.999993929607226,1.0000051314118936,1.00000550428644,0.9999938396581567,0.9999938478487472,1.0000066135567418,3.0507672424369923,-2.322498655199512e-09,7.999999999999982,11.436501731087809,0.9229521922858034,-9.326810846133045,0.04440473990494959,1.8042799902945703,2.0280785734644144,3.6,0.0,casci,vtz,8,0.01
-96.09372555399175,261,1.0102324491436483,0.9897483442155752,0.989768096095083,1.0102519123327758,1.0102325605124398,0.9897484041785314,0.989767991994057,1.0102502415278918,2.4269663892396176,-1.1922956011809887,8.000000000000002,9.533470771825854,1.1926561041946597,-5.90059046262592,0.5069707821420234,0.5669275383564967,1.4505247170610844,3.6,0.0,casci,vtz,8,0.01
-96.09372461692215,262,0.989772363360057,1.010247426460829,1.0102275375216572,0.989752558951773,0.98977272319328,1.0102458013581772,1.0102288253871885,0.9897527637670344,2.4269617129869134,-1.1922827413701351,7.999999999999996,9.533457770053879,1.1926560153378383,-5.900569919322068,0.5069864916704068,0.5669205171475642,1.4505316343609462,3.6,0.0,casci,vtz,8,0.01
-96.09006018999615,263,0.9985793789098305,1.0014168572435391,1.0014172062319502,0.9985853744093517,0.9985837560240354,1.0014144342739142,1.0014200252893897,0.9985829676179835,4.114826195823306,-0.23012620682824678,7.999999999999994,9.957263248452437,1.2883306933513976,-3.8154594925175846,-0.24433374912707592,-0.5815860658543166,0.4206454556818582,3.6,0.0,casci,vtz,8,0.01
-96.0900553634284,264,1.001419194521275,0.9985828825394878,0.9985814062405488,1.0014160259850013,1.001420432615392,0.9985835877492364,0.9985798393777932,1.0014166309712598,4.114798072998645,-0.23017855980809096,7.999999999999994,9.957286949107413,1.2883240686790614,-3.8154729356064983,-0.24433715028967498,-0.5815852694736043,0.4206386732300753,3.6,0.0,casci,vtz,8,0.01
-96.04921229906016,265,0.9999995379212466,0.9999979234312814,1.0000016356092805,0.9999995975485776,1.0000008480143139,1.0000008846015058,0.9999990325008098,1.0000005403729861,2.4185917957184992,-1.3803678360257803,8.0,10.027657341146835,1.1546536295552299,-6.677568942287506,-0.00812816144753806,0.831870135857044,1.1363561027319637,3.6,0.0,casci,vtz,8,0.01
-96.04075074572148,266,1.0122771934534405,0.9878437466082747,0.9877204993829507,1.01215912687862,1.0122756640505952,0.9878371250512785,0.9877251988556278,1.012161445719189,3.098591672162834,-0.17269458439343952,7.999999999999977,10.245931986633455,1.2219730411490204,-6.212561240646309,-0.1287646556169014,0.5447976236647909,0.6878160138233643,3.6,0.0,casci,vtz,8,0.01
-96.04075031241636,267,0.9877256442720281,1.0121564096389597,1.0122730941543767,0.9878454727299092,0.9877256680491318,1.0121540266161633,1.012275174786515,0.9878445097529056,3.0985834645645056,-0.1727228371487367,7.999999999999989,10.245938907749643,1.2219733150948722,-6.212577076191741,-0.12876575853706618,0.5448038111584598,0.6878251130050678,3.6,0.0,casci,vtz,8,0.01
-96.01622562441236,268,0.9999995063434474,0.9999992456128495,1.000000735101085,1.0000015765764285,1.0000002170894415,0.999998740496888,0.9999997348666902,1.000000243913166,3.020364439771409,-0.5360666777373917,7.9999999999999964,10.205458322361125,1.2130254618146148,-5.6105389787262485,-0.22100461035179755,0.2539049087728428,0.018603009505123058,3.6,0.0,casci,vtz,8,0.01
-96.00542699112366,269,0.9884413572114841,1.0115752824199737,1.011554954607027,0.988427945193309,0.9884435317909444,1.0115719192127912,1.011558371188575,0.9884266383758926,2.773829805216802,-0.5045770215315044,7.9999999999999964,10.141315582175036,1.1825761177862224,-6.081913888245891,0.6548962271718165,0.505628048579186,0.6522381353532636,3.6,0.0,casci,vtz,8,0.01
-96.0054263981231,270,1.0115558505355624,0.9884271509405849,0.9884455875186623,1.011571326681024,1.0115559712943858,0.9884277977183418,0.9884428397841831,1.0115734755272616,2.773837314135163,-0.5045590284095293,8.000000000000007,10.141314337745253,1.1825794427789718,-6.08190471024575,0.6549128205634848,0.5056237706865616,0.6522294232329683,3.6,0.0,casci,vtz,8,0.01
-95.9905715715565,271,0.999937935023884,1.0000615736761165,0.9999427999756623,1.0000583094009556,0.9999390954442978,1.0000610535652799,0.9999418986632753,1.0000573342505146,3.352693390580443,-0.3749449633109942,7.999999999999986,9.725926888973463,1.2624824605527853,-5.079980500667768,-0.256979500532029,0.10850852809051803,0.7239981763700629,3.6,0.0,casci,vtz,8,0.01
-95.99057148897806,272,1.0000621514246166,0.9999383954544576,1.0000595506976389,0.999941092407798,1.000057652480991,0.9999399287860231,1.0000577033075113,0.9999435254409539,3.3527017627589935,-0.37493717574939955,7.99999999999999,9.725920330106886,1.2624839656572295,-5.079977688332893,-0.25697545582316145,0.10850876163972512,0.7239902796096638,3.6,0.0,casci,vtz,8,0.01
-95.98331929454228,273,0.9957735509975467,1.0042260642590926,0.9957686198925363,1.0042302454479168,0.9957790984044379,1.0042227242031956,0.9957749707428912,1.0042247260523807,3.154256399311503,0.8034757206856457,7.999999999999998,10.070573574050607,1.1368359492951865,-6.049394851163079,0.15550355799149043,0.507054032068888,1.433433681477182,3.6,0.0,casci,vtz,8,0.01
-95.98331898228246,274,1.0042244549534836,0.9957762334049929,1.0042230980537399,0.9957744695650182,1.0042273568313997,0.9957724158751662,1.0042276940844341,0.9957742772317403,3.1542623063256467,0.8035028639370431,7.999999999999975,10.070570367055579,1.1368364606093257,-6.0493974984788785,0.15549738388652312,0.5070561574755446,1.4334271891679469,3.6,0.0,casci,vtz,8,0.01
-95.97391197872695,275,1.0287959966863887,0.9712282757666135,0.9712025687501964,1.0287722829393258,1.0287970151834076,0.971225957671443,0.9712044391176908,1.0287734638849253,2.7639933887879033,-0.692451307947134,7.999999999999991,10.2173514080147,1.1033943410963671,-6.623632767846263,0.16581068134404214,0.7574785319194564,0.9750951905891445,3.6,0.0,casci,vtz,8,0.01
-95.97390604272874,276,0.971212425425015,1.0287681494335623,1.0287887922107428,0.971230988086393,0.9712063803993559,1.0287654321266932,1.0287924396658488,0.9712353926523891,2.7639790241235027,-0.6924387333244203,8.0,10.217344497537553,1.103392664714669,-6.6236254662584635,0.16582159747033606,0.7574766087448435,0.9750936568336799,3.6,0.0,casci,vtz,8,0.01
-95.958855048439,277,0.981643427715008,1.0181974119375983,1.0183544860563931,0.9818057167718613,0.9816459313041269,1.0181976736071225,1.018353103542052,0.9818022490658365,3.412367397700386,0.4116957902820154,7.999999999999998,10.002270997745235,1.2714185754020657,-5.45002388293601,0.5066600245972387,0.22444419203169597,0.15509114023076198,3.6,0.0,casci,vtz,8,0.01
-95.95885473036756,278,1.0183513275752858,0.981804639800161,0.9816517631286217,1.018193032453469,1.0183496394132214,0.9818117193054803,0.9816448477743218,1.018193030549431,3.4123688684518108,0.41165878616667906,7.999999999999992,10.002285162887592,1.2714195758279834,-5.450054094227713,0.5066537872550895,0.22445575639195903,0.15507950962220718,3.6,0.0,casci,vtz,8,0.01
-95.94737593085252,279,1.001402825533588,0.9986009124384919,1.0014064896799693,0.998589036647153,1.0013993596496196,0.9985967021861015,1.001408655069327,0.9985960187957583,2.8560692493981317,-1.5707870005762454,8.000000000000007,10.318274583412647,1.2626994005731276,-6.620256951197124,0.005600976158766195,0.7305598297454001,0.0045063963273795915,3.6,0.0,casci,vtz,8,0.01
-95.94737581054385,280,0.9985941401662479,1.0014044339845705,0.998598244594834,1.0014000843127784,0.9985941565129993,1.0014073777861383,0.9985972921349349,1.0014042705074926,2.856066899024878,-1.570784356147834,7.9999999999999964,10.318278437908884,1.2626986397877975,-6.6202671085955025,0.005597120274103361,0.7305639448205303,0.004506029286452495,3.6,0.0,casci,vtz,8,0.01
-95.89363412063688,281,1.0000033833268485,1.00000015451014,0.9999974263724942,0.9999987863781383,1.0000035349099052,0.9999985798096045,0.9999973218154917,1.0000008128773685,3.409525193092069,0.4663988459900864,7.999999999999991,10.359202601437923,1.2354131293024242,-5.858816438747887,0.36620683070680793,0.3396075690144629,0.20771862796815066,3.6,0.0,casci,vtz,8,0.01
-95.89238055685166,282,1.0063133619843234,0.9929367316504338,0.9936887003576282,1.00706161499919,1.0063118581090862,0.9929388369643568,0.9936852482511522,1.007063647683811,2.8509777807974936,-0.4707887385322712,7.999999999999981,10.263466484599327,1.1147203412221998,-6.219709351672357,0.3632788010722509,0.5439880546863471,1.109545489373064,3.6,0.0,casci,vtz,8,0.01
-95.89238054062933,283,0.9936889992323827,1.0070618857198195,1.0063112156392147,0.992937337221639,0.9936875094660123,1.0070608142860293,1.0063125192733375,0.9929397191615554,2.850985652450383,-0.4707818305428775,7.999999999999991,10.263465137667792,1.1147207700098722,-6.219711256243217,0.3632779552331206,0.5439893437046603,1.1095344816322645,3.6,0.0,casci,vtz,8,0.01
-95.86327313873325,284,1.0211399605164737,0.9789637132124573,0.9788605929611738,1.0210357362211602,1.021139891965705,0.9789655024753294,0.9788588722916811,1.0210357303560125,3.0906817458956723,-0.2541765385528639,7.999999999999993,10.705308880804369,1.1416792965248879,-6.594032199785193,0.24735407645814303,0.6206888796915043,0.5748635456365219,3.6,0.0,casci,vtz,8,0.01
-95.86327171010916,285,0.9788567837424591,1.0210351724792073,1.0211405280408496,0.9789658968819197,0.97886412438081,1.0210374955310928,1.0211386123863928,0.9789613865572402,3.0906550602096923,-0.25417400946582297,7.999999999999972,10.705325575262483,1.1416753144706995,-6.594069612500755,0.2473588678584064,0.620703412434757,0.5748568773575172,3.6,0.0,casci,vtz,8,0.01
-95.8553872864685,286,1.0000114277693797,0.9999940600172249,0.9999899201957647,1.0000068660252235,1.0000068195031142,0.9999904060009795,0.999991074983053,1.0000094255052363,3.595511620893547,-0.9753661641679716,7.999999999999975,10.231861587271673,1.2184771075666512,-5.250740157646703,-0.034568483453468184,0.06740468200543315,0.9075729339530784,3.6,0.0,casci,vtz,8,0.01
-95.84548529858394,287,1.0016977469928408,0.9983031024950998,1.0017080477252573,0.9982903167855142,1.0017006739028802,0.9982973684197718,1.0017138234973852,0.9982889201812324,3.606115810112405,0.06613121592786203,7.999999999999981,10.09770790281821,1.236319479089863,-5.159113643236633,-0.04035072736628649,0.05512984591376435,0.8025687009619038,3.6,0.0,casci,vtz,8,0.01
-95.84548491510768,288,0.9982950499995585,1.00170342970238,0.9982903383109574,1.0017073118885653,0.9982958070139059,1.0017039545799082,0.9982938996334727,1.0017102088712235,3.6061158682534877,0.06612953445603278,7.999999999999972,10.097713099391438,1.236321265896988,-5.159120961575702,-0.04034929892706199,0.05513220593999224,0.8025677283359007,3.6,0.0,casci,vtz,8,0.01
-95.81623561475679,289,1.0342773347652168,0.9652507521507924,0.9657229988651117,1.034748406798578,1.0342786179489938,0.9652521845970761,0.9657207630876241,1.034748941786603,3.0031663965660407,-0.3214926438364954,7.999999999999996,10.661235211369204,1.1640033072090525,-6.484502823864721,-0.130938720943592,0.5769426090900592,0.6390362503267423,3.6,0.0,casci,vtz,8,0.01
-95.8162352235916,290,0.9657275987075911,1.034740774166508,1.034272087869256,0.9652571338199223,0.9657295619888706,1.0347438184615907,1.0342703714272024,0.9652586535590404,3.0032318047171853,-0.3214367243175921,7.999999999999981,10.661212370955537,1.164005041097454,-6.484346011707958,-0.13093719716232974,0.5768699131150943,0.6390606321795298,3.6,0.0,casci,vtz,8,0.01
-95.79584386827263,291,1.0031891098922707,0.9968128391992046,1.0031918893955258,0.996806455276313,1.0031865147898085,0.9968109187562442,1.003192767868808,0.9968095048218202,1.7958076789920863,-1.5749851292078947,7.999999999999995,10.786763549560384,0.9967243284169537,-9.295032794693448,-0.5066958715246596,1.950825509956628,1.9240894578474923,3.6,0.0,casci,vtz,8,0.01
-95.79584381663938,292,0.9968091485418199,1.0031900557991813,0.9968124576162092,1.0031856104616894,0.9968108505260673,1.0031915976574708,0.99681302813594,1.003187251261617,1.7958205429650143,-1.5750013822248428,7.999999999999995,10.786774775765128,0.996724489142443,-9.29503858475433,-0.5066900296722691,1.9508255984358829,1.9240848885249886,3.6,0.0,casci,vtz,8,0.01
-95.79358716690736,293,0.9999961807531534,1.0000053278041832,1.0000012724712541,0.9999962747036798,0.9999969962610359,1.0000022203472747,1.0000050291991176,0.999996698460301,2.9187858222505323,0.1257295743268792,8.0,10.150951095780638,1.002903574792871,-5.1195792826678055,0.31084141022089784,0.022051867388743318,1.6763523800905271,3.6,0.0,casci,vtz,8,0.01
-95.77769150659988,294,1.003443501161943,0.9965013725178133,0.9965628219254005,1.0034942190461282,1.0034401707994332,0.9965052076745233,0.9965559042997161,1.0034968025750257,2.97953091629491,-0.2540451325823593,7.999999999999984,10.52329177325813,1.1857664983230904,-6.563953974622512,-0.16914283490507628,0.6511540439967242,0.5150608727184411,3.6,0.0,casci,vtz,8,0.01
-95.77769065162337,295,0.9965525556584665,1.0035017721265245,1.003444457539116,0.9964995809194359,0.9965535306823228,1.003500167222732,1.0034468908601881,0.9965010449912094,2.9796067140206137,-0.2539599758501167,7.999999999999996,10.523273312928744,1.1857669820208157,-6.563786779254883,-0.16914745223825406,0.6510750613952558,0.515099492710738,3.6,0.0,casci,vtz,8,0.01
-95.73761102538953,296,1.0000002181391805,0.9999983939093708,1.000001867275676,1.000001653406215,1.0000018732489773,1.0000006681035707,0.9999957708671059,0.9999995550498963,2.129164483762007,-2.0615759791267587,7.999999999999992,11.106354366479458,1.0733322190928212,-7.982755556845832,0.1491693978399269,1.214789186803051,0.6809539225981568,3.6,0.0,casci,vtz,8,0.01
-95.73453684962793,297,1.0000014750173094,1.0000046153755417,1.0000007557414963,1.0000013422485106,0.9999980271745523,0.9999975482091753,0.999997022907849,0.9999992133255642,3.3175371717889868,0.11701590595359374,7.999999999999998,10.756948322235402,1.183237867187943,-7.043850468021077,0.34756244211517684,0.832688153451688,0.4986142835137558,3.6,0.0,casci,vtz,8,0.01
-95.71281403052396,298,1.0131411668328831,0.986587290473331,0.986844232021189,1.013425654991562,1.013153228587226,0.986569953532235,0.9868585549083033,1.0134199186532729,2.0621492542928883,-1.463174735439051,8.000000000000004,10.973867961082961,1.081563930955437,-8.353350987823795,-0.4758790395458684,1.433208503641158,0.8124792232179983,3.6,0.0,casci,vtz,8,0.01
-95.7128132519398,299,0.9868497632538286,1.013420863474542,1.0131490467716937,0.9865797786324064,0.9868541744818855,1.0134239504937606,1.0131470084821212,0.9865754144097552,2.0621729105097044,-1.4632547162597316,7.999999999999993,10.973831641494575,1.081571713981013,-8.353324489493232,-0.4758687972799565,1.4332043343729728,0.8124856276573446,3.6,0.0,casci,vtz,8,0.01
-95.68861090495415,300,1.000002799565769,0.9999994344369451,0.9999974203154836,0.9999961200547678,1.000004261965595,0.9999976666108749,0.9999999784522715,1.000002318598277,2.2499557540968276,-1.5802344319274382,7.999999999999983,10.807125062561646,1.0907205265559954,-7.506276706473513,-0.1084945441859496,1.051357087596345,0.7554805019442375,3.6,0.0,casci,vtz,8,0.01
-95.68789301830593,301,1.006327454974846,0.9936205930917931,0.9936725050181673,1.0063800103108735,1.0063259413321333,0.9936212390175476,0.9936724698082129,1.0063797864464223,3.2646046835542646,-0.6056156412810895,7.9999999999999964,10.715786061043628,1.1808489369783242,-6.156316130118368,0.5351972543989737,0.3992115497982769,-0.06020607187205684,3.6,0.0,casci,vtz,8,0.01
-95.68789076421129,302,0.9936739472245404,1.0063799116304037,1.0063217289249133,0.9936233629607598,0.9936762980664244,1.0063747435164399,1.0063264197654243,0.9936235879110803,3.264594752340172,-0.605594758355509,7.999999999999986,10.715780190250594,1.1808480010167524,-6.156289443332773,0.535198848410088,0.39919967410373824,-0.06020015188223915,3.6,0.0,casci,vtz,8,0.01
-95.6796709120192,303,0.9999981748036866,1.0000041331628218,1.0000016880378375,0.9999962927327104,0.9999966107138875,1.000004232168156,1.0000029332616902,0.9999959351191899,2.6629285596189014,-0.6065380880011957,7.9999999999999805,10.841136964248406,1.0240714107180626,-7.095699312434932,0.2189930385166716,0.8375654151553638,0.07533136084105307,3.6,0.0,casci,vtz,8,0.01
-95.65864977830094,304,0.9999995218670228,1.0000038341180815,0.9999984549767622,0.999998700421795,0.9999990465657923,1.00000114471385,1.0000023389165924,0.9999969584200972,2.419161376466903,-0.8560213752452863,7.999999999999993,10.811847790031369,1.0803881410135243,-6.948568503508406,0.5109757162275664,0.7713223042463611,-0.3532154595892034,3.6,0.0,casci,vtz,8,0.01
-95.62993484368111,305,1.0539200530102217,0.9460538821277347,0.9460756599852314,1.0539497450706155,1.0539267683686098,0.946047717897248,0.9460819958314057,1.0539441777089218,2.4121283437386407,-0.7124306495762702,7.999999999999988,10.88875503846982,1.1140345202929136,-7.6005018929138295,-0.34818852667438666,1.078062186839459,0.5616008768356027,3.6,0.0,casci,vtz,8,0.01
-95.62993065570654,306,0.9460810507020325,1.053945776377787,1.0539169549190717,0.9460571695950288,0.9460829424802766,1.0539419685285842,1.0539161577135991,0.9460579796836139,2.412131406992253,-0.712447324042385,7.999999999999995,10.88874114439183,1.1140326047734306,-7.600461456498543,-0.34820147682050256,1.0780454421513137,0.5616069839528441,3.6,0.0,casci,vtz,8,0.01
-95.61805862965288,307,1.000009945113426,0.999998459261807,0.9999932467053034,1.0000001813887183,0.9999971651435543,0.9999944235083226,0.9999969835691114,1.000009595309758,3.2376611440170606,-0.20195414936719158,8.0,10.835082831281051,1.1689396593359656,-7.102844774732565,0.36632710639818705,0.8426516795460196,0.6223165769691982,3.6,0.0,casci,vtz,8,0.01
-95.60970100034032,308,1.0228247822827568,0.9771716100827301,1.0228247936529988,0.9771744086143924,1.0228251680465776,0.9771718337680644,1.0228318483311263,0.977175555221333,3.0289052170214457,-0.5993003429787843,7.99999999999998,10.346284145983464,1.165289824190486,-6.136111542581018,0.35736128971296827,0.48148473479464293,0.4890740713722046,3.6,0.0,casci,vtz,8,0.01
-95.60970099580122,309,0.9771737645479485,1.02283134521375,0.977170671297546,1.022826575424057,0.9771747125733126,1.0228273774675103,0.9771700196820703,1.0228255337938075,3.0288981047743304,-0.5992901799648811,8.000000000000004,10.346292323474968,1.165286844834205,-6.1361119209985375,0.35735809665023954,0.48148287963052716,0.4890785867765871,3.6,0.0,casci,vtz,8,0.01
-95.60138454925774,310,0.9992013169347378,1.0008014850163867,0.9991904259314268,1.0008071302215602,0.9992035119205325,1.0007979944372876,0.999196380191574,1.0008017553464872,2.478343118807861,-0.81353754998961,7.999999999999993,10.800153386301607,1.1637484018908666,-7.272062394191622,0.4453418293550523,0.935992850520409,-0.03378181719909068,3.6,0.0,casci,vtz,8,0.01
-95.60138445762819,311,1.0008011237878724,0.99919962118835,1.000802398030579,0.9992008303088662,1.0007975377282134,0.9991972639928894,1.0008030734290587,0.9991981515341591,2.4783713217147976,-0.8135504937354157,7.9999999999999885,10.800142315201668,1.163754856410083,-7.272045363125433,0.44535205824076995,0.9359871027622995,-0.03378083979322355,3.6,0.0,casci,vtz,8,0.01
-95.58386482141718,312,0.9999959861615377,1.0000044398439276,0.9999959374366121,1.00000177884563,1.0000009890346409,0.9999985037248358,1.000005746468084,0.9999966184847259,3.309902971531331,0.7148139869881814,7.999999999999994,10.469818603445146,1.1955895530411311,-5.999214354823876,0.04603183699426757,0.3821525265506518,0.3933992601201095,3.6,0.0,casci,vtz,8,0.01
-95.5510789357777,313,0.9893087260737776,1.0108920271456805,1.0106935139895796,0.989106886740095,0.9892997259021047,1.010889482434159,1.010695237514493,0.9891144002000968,4.080046558841026,0.194266722183817,7.999999999999986,10.610734472987195,1.234058146163442,-5.1056268743927795,0.024440633774437073,-0.09987018105040946,0.7864838490426422,3.6,0.0,casci,vtz,8,0.01
-95.55107861171702,314,1.0107154510455159,0.9890861635689596,0.9892872676568822,1.0109097814423245,1.0107185351772303,0.9890922876464896,0.9892818504583221,1.0109086630042712,4.080039306425544,0.1942646222392587,7.999999999999996,10.610719481533998,1.234054491095362,-5.105573358058768,0.024437901605560194,-0.099893191354116,0.7865211354678137,3.6,0.0,casci,vtz,8,0.01
-95.54797872153667,315,1.0017617530192546,0.998247595331679,0.9982419931932145,1.0017500736971119,1.0017597247289127,0.9982486549143128,0.9982377131595145,1.001752491955989,2.4197828016684055,-1.417421446068158,7.9999999999999885,11.104346074285747,1.1480649624747536,-8.077224632334373,-0.13102166813853144,1.2625257975957491,0.4323025610394725,3.6,0.0,casci,vtz,8,0.01
-95.54797550165293,316,0.9982165686817773,1.0017742442811617,1.0017853368480583,0.9982231610740131,0.9982154231918552,1.0017771965611473,1.0017848715150988,0.9982231978468872,2.4197585069732277,-1.417452853168185,7.999999999999998,11.104363547645114,1.1480656876979185,-8.07725247758898,-0.13101959728049156,1.2625353518832112,0.4323356955033766,3.6,0.0,casci,vtz,8,0.01
-95.50683586303717,317,1.0002518618411111,0.9997509531192592,1.0002406535979549,0.9997567925486724,1.0002500623900277,0.9997503402032851,1.0002416190833325,0.9997577172163423,3.62471781848767,-0.7686820962155669,7.999999999999985,9.90339629995942,1.2646385239027458,-4.6785617241342,0.34577208700486856,-0.136568212922755,0.6953285709434962,3.6,0.0,casci,vtz,8,0.01
-95.506835374506,318,0.9997508620448117,1.00024920536433,0.9997563423156597,1.0002389369522677,0.9997498015518169,1.0002491966607314,0.9997602933877491,1.0002453617226261,3.624724427114205,-0.7687475092106292,7.999999999999992,9.903376255892375,1.2646455531482337,-4.678545069503167,0.34577241691359817,-0.13657152922151006,0.6953318509560579,3.6,0.0,casci,vtz,8,0.01
-95.49630970816943,319,1.007586723880634,0.992412139792727,1.0075844823836155,0.9924114785510227,1.0075856404205048,0.9924209124072525,1.0075804083148527,0.9924182142493861,3.5099375111281343,-0.13982769516012206,7.999999999999995,10.475983137045393,1.2465672896892805,-5.5570413388770525,-0.07815154763538927,0.159524885177178,0.48451852877508916,3.6,0.0,casci,vtz,8,0.01
-95.49630953896575,320,0.9924111545628804,1.0075872864381097,0.9924114757591749,1.0075846278663314,0.9924118784633885,1.007590274629963,0.9924208713533376,1.0075824309268033,3.509949742986022,-0.13985613641095715,7.999999999999989,10.47598443144371,1.246570827444383,-5.5570311123068095,-0.07814644832883533,0.1595194482924771,0.4845240068819239,3.6,0.0,casci,vtz,8,0.01
-95.48962771851818,321,1.0385299970435473,0.9614944364523442,0.9614291628939857,1.038546611339903,1.0385490862483124,0.9614335315137927,0.9614926470963807,1.0385245274117163,2.396062364766644,-0.48324781767354236,7.999999999999982,10.765830146584838,1.1360127594354015,-7.19041199022825,0.5561921123666059,0.9037484584679156,-0.21939721089688713,3.6,0.0,casci,vtz,8,0.01
-95.48962448948579,322,0.9614649141274183,1.0385292356486677,1.038536702017093,0.9614666071562208,0.9614612843186163,1.0385337514099375,1.0385360229658853,0.9614714823561706,2.396056871737806,-0.4832028573126284,8.00000000000001,10.765825830682413,1.1360096078864257,-7.19038675466509,0.5562074519229461,0.9037369196619419,-0.21941134231681536,3.6,0.0,casci,vtz,8,0.01
-95.48944619681627,323,1.0000049484023035,0.9999956135739447,1.0000001127507754,0.9999978015499933,0.9999980147607661,1.000003159469688,1.0000009851447622,0.9999993643477507,1.8581410810233905,-1.732896075113573,7.999999999999984,11.03618153043189,1.1295209508276467,-8.313041555126095,-0.1409533284377191,1.3974753949550744,0.05772663452280069,3.6,0.0,casci,vtz,8,0.01
-95.48637208142682,324,1.0000121144559135,0.9999657793818739,1.0000199718076659,0.9999801202450695,0.9999882238741455,1.0000346325221527,0.9999833567778635,1.0000158009353075,3.5904024725005015,-0.27507363817370606,7.999999999999992,10.560694842852719,1.2780013653411326,-6.0627855541514535,-0.1694692644948349,0.39121906636254633,0.10798334230963347,3.6,0.0,casci,vtz,8,0.01
-95.40928578623449,325,1.025131156355279,0.9748582928375611,0.9748690833865641,1.025139624612685,1.0251340319439906,0.9748624457425266,0.9748653739762922,1.025139991145096,2.417565050380694,0.018407790098725126,7.999999999999995,10.71288960655773,1.069970935868761,-7.552860660178547,-0.08961768856867809,1.098207928449841,0.6248126062704099,3.6,0.0,casci,vtz,8,0.01
-95.40928119966246,326,0.9748659565385602,1.0251406531013694,1.0251304468489617,0.9748637102849782,0.9748704777125959,1.025137308050889,1.025131564041304,0.9748598834213335,2.4175738835737017,0.01837399908448147,7.999999999999991,10.712889493210092,1.069973658804152,-7.552852213720745,-0.08962943835898399,1.098203733557849,0.6248176129467146,3.6,0.0,casci,vtz,8,0.01
-95.39995107441896,327,1.000000798234931,0.9999990005007211,1.0000010918417335,0.999999455405939,0.9999995497437025,1.0000000392545878,0.9999966361850348,1.0000034288333484,1.8608546408505746,-1.6394768129115431,7.999999999999998,11.16156530730176,1.114410699879978,-8.44789325803611,-0.33416211591220624,1.4335553021926144,0.18675088800182138,3.6,0.0,casci,vtz,8,0.01
-95.38060013339121,328,0.9999989621897716,1.0000019911136349,0.999999929755724,1.000001907978236,1.000001494850591,1.0000021060334592,0.9999959470127597,0.9999976610658176,3.6633065791894004,0.038398205976564896,7.999999999999995,10.28515672351421,1.2193569721666833,-4.909218703090559,-0.21672745248818923,-0.11667982933327292,0.681816922366863,3.6,0.0,casci,vtz,8,0.01
-95.37070485721414,329,1.001668647333712,0.9983297954523201,1.001670278515801,0.9983323941831175,1.0016669011617576,0.9983322911591561,1.001665414915903,0.998334277278214,1.9963068920792533,-1.1037440413769302,7.999999999999981,11.327981554622653,0.9956657924836565,-8.654035503327636,0.07074111862506008,1.495022363008155,1.0107202632386918,3.6,0.0,casci,vtz,8,0.01
-95.37070482363475,330,0.9983295337073267,1.0016689567496861,0.9983276894489774,1.0016746031477628,0.9983309121390096,1.0016683261461985,0.9983252356679778,1.0016747429930566,1.9962949123000922,-1.10371117679229,7.999999999999996,11.327965974153553,0.9956670796452158,-8.654013738462485,0.07074275371746855,1.4950153756928544,1.0106998852399118,3.6,0.0,casci,vtz,8,0.01
-95.36800070516398,331,1.0339123235335788,0.9661252051746503,0.9660849127280106,1.033879808486592,1.0339172199596434,0.9661197462766131,0.9660867227053993,1.033874061135499,2.4599709271938073,-0.7002223148399693,7.999999999999986,10.4518268017836,1.1620151260514415,-6.840845573095322,-0.08044393487365119,0.8074660861017611,0.2935061466190808,3.6,0.0,casci,vtz,8,0.01
-95.36799756663252,332,0.966083420519832,1.0338803391242444,1.0339136027677667,0.9661224578169273,0.9660803777339368,1.033881287799443,1.033916522998715,0.9661219912391226,2.4599832962692525,-0.7002384631742006,7.999999999999988,10.451844593309563,1.162016016433654,-6.8408688748864535,-0.08045730659486894,0.8074732891158359,0.2934986798477498,3.6,0.0,casci,vtz,8,0.01
-95.33600171132098,333,1.0034732383802756,0.9967469982161199,0.9965244004579631,1.0032590043708236,1.003475863599729,0.9967398880554729,0.9965233488747154,1.0032572580448895,2.4641857545908,-0.8165968750371313,7.999999999999989,10.935514379461232,1.1274070355830128,-7.54490387612157,-0.03852462944825422,1.0385733431954765,0.09132944797019849,3.6,0.0,casci,vtz,8,0.01
-95.3360012667886,334,0.996522505926645,1.0032584579583768,1.0034777113214228,0.9967399447656904,0.9965199017331615,1.0032591427863482,1.0034807536145953,0.9967415818937391,2.464232318021194,-0.8166068130494906,7.999999999999979,10.93550450182552,1.1274154212524818,-7.5448419008836325,-0.03852657352757533,1.0385448249854363,0.09133776029127927,3.6,0.0,casci,vtz,8,0.01
-95.29273844623651,335,1.0000178415040009,0.9999757771595046,0.9999857506481786,1.000018422301216,1.0000172031512202,0.9999897636383372,0.9999747804036551,1.0000204611938812,2.244146014106476,0.15558150495805095,7.999999999999995,9.460843177103264,1.1641809010528663,-6.166403706306237,0.2159454182685169,0.7179910588773022,1.411891188446502,3.6,0.0,casci,vtz,8,0.01
-95.27082758402334,336,1.0003301507338507,0.9996751353494066,1.0003284408131488,0.9996722944717258,1.0003268313319524,0.9996711646467831,1.0003298500243272,0.9996661326288027,1.7305528493838755,-0.9175248247839053,7.999999999999997,9.991864549764392,1.1161226052062088,-6.990114138778775,0.6892312588761939,0.9970909319482897,0.7541659473278963,3.6,0.0,casci,vtz,8,0.01
-95.27082713815786,337,0.9996524625670016,1.000348523197092,0.9996895799993324,1.0003098146047127,0.9996467942040408,1.0003506820833343,0.9996883645144818,1.0003137788299965,1.7305462621450038,-0.9175441716933262,7.999999999999992,9.991871469742822,1.1161240846527474,-6.9901009049959315,0.689245149778075,0.9970825850622604,0.7541636212997441,3.6,0.0,casci,vtz,8,0.01
-95.25954012640761,338,1.0550988930842333,0.945183285160555,0.9448986916630312,1.0548202820021362,1.0551055169118218,0.9451846203671619,0.9448963131374887,1.054812397673556,1.7120600307071108,-1.667764094769537,7.999999999999984,9.968598304906351,1.1427677940642351,-7.106249697461742,0.19338130163340064,1.0609752725042825,0.06506512074810189,3.6,0.0,casci,vtz,8,0.01
-95.25953406773468,339,0.9448950313763109,1.0548147265661088,1.0551069658354133,0.9451809501480339,0.9448974553857048,1.0548158173087288,1.0551017061168184,0.9451873472628693,1.7120794034997884,-1.6677552875840682,7.999999999999988,9.968609982664288,1.1427701849092413,-7.106265577835526,0.1933743869374039,1.0609802932516912,0.06506461291376486,3.6,0.0,casci,vtz,8,0.01
-95.23100082086,340,1.043548400160382,0.9566522784097831,0.9564555835556842,1.0433451155925688,1.043546785837711,0.9566513663277447,0.9564533113779305,1.0433471587381908,2.58674827063237,-0.6455448120619065,7.999999999999995,10.185960033443472,1.251263085846353,-6.578088859017601,-0.3430673654902336,0.7425544211479322,0.13469866785616058,3.6,0.0,casci,vtz,8,0.01
-95.23099450959046,341,0.956452619609967,1.043348952932594,1.0435434959669991,0.9566536615779573,0.9564499111066826,1.0433462465345438,1.0435546544479601,0.956650457823286,2.586752673534077,-0.6455488296632237,7.999999999999989,10.185912550343815,1.2512646023175131,-6.57804516176158,-0.34306447373988025,0.7425444432948357,0.13469601069901005,3.6,0.0,casci,vtz,8,0.01
-95.18340397833128,342,1.0363765563030405,0.9638516213962309,0.9636230125020424,1.0361466134325679,1.0363760730896923,0.9638497306361393,0.9636255531698336,1.0361508394704395,2.7473832653666115,-0.24724162644206849,7.999999999999986,10.33033668140692,1.130874003238559,-6.543887095069549,-0.01744790205403878,0.6893593771830446,1.003482009194978,3.6,0.0,casci,vtz,8,0.01
-95.18340258995136,343,0.9636160431710837,1.0361439095765088,1.0363721715567278,0.9638569838221127,0.9636344805898642,1.036154544752698,1.0363743053962966,0.9638475611346939,2.747410390323806,-0.24725296305090505,7.999999999999986,10.33031800697048,1.1308734072927873,-6.543818700219333,-0.017466282960761175,0.6893298483670462,1.0035170919229164,3.6,0.0,casci,vtz,8,0.01
-95.1367528586542,344,1.012710916507931,0.9874301773168965,0.9872758989132387,1.01257432795453,1.0127234424420761,0.9874223386045679,0.9872859358125932,1.0125769624481475,2.0281184131266725,-0.5157871623070462,7.999999999999981,9.64780398901386,1.1734029053046542,-6.5787415055916405,-0.06616080510825713,0.8774197555423555,1.1993581688501767,3.6,0.0,casci,vtz,8,0.01
-95.13675136506517,345,0.9872897574968067,1.012579733630671,1.012719665906129,0.9874139900732002,0.9872709301432959,1.0125856473744,1.012718932708272,0.987421342667217,2.02814169853411,-0.5157880594554044,7.999999999999992,9.647838773285459,1.1734033968618993,-6.578794726813956,-0.06615979499072139,0.877437670085613,1.199338630060491,3.6,0.0,casci,vtz,8,0.01
-95.13372425762834,346,1.0155128132692073,0.9839856316636576,0.9844876438360797,1.0160099298853447,1.0155143729774567,0.9839877952677913,0.9844874684338577,1.0160143446665888,2.1161241617667446,-0.8347314424056728,7.999999999999983,11.150841920257768,1.0986808247387647,-8.101887021578895,0.3995501996680984,1.2632330307250057,0.3231783579363675,3.6,0.0,casci,vtz,8,0.01
-95.13372182596703,347,0.9844783705204965,1.016030718598262,1.0155205774446392,0.9839927687732213,0.9844742348257015,1.0160091556169797,1.0155199407217705,0.9839742334989293,2.1161070004616076,-0.8346950388600048,8.0,11.150871601200468,1.0986724940770682,-8.10190472431374,0.3995359750793338,1.2632344618567535,0.3231966715797957,3.6,0.0,casci,vtz,8,0.01
-95.12415822592716,348,0.9999977680546346,0.9999947089467034,0.9999922499221183,0.9999981808487801,1.0000106352216447,1.0000064956665748,0.9999991276474447,1.0000008336920865,2.8514914769647994,0.5489707381711751,7.999999999999987,10.12382150993243,1.1280020854622017,-6.212362397288009,-0.23307457525785188,0.575225821160897,1.4681606101827946,3.6,0.0,casci,vtz,8,0.01
-95.11872356427092,349,0.9994818140706707,1.00052540143639,0.9994774297456135,1.000517304402166,0.9994700683135201,1.0005322436590003,0.9994648243694242,1.0005309140032013,4.128881833828061,-0.2904295613239048,7.999999999999986,10.024741081272683,1.3574283539320189,-4.180857566663779,0.3977938611825533,-0.41575648698628154,0.5415708749871417,3.6,0.0,casci,vtz,8,0.01
-95.11872302889283,350,1.0005221889860625,0.9994684111005834,1.0005274659132706,0.9994673247725866,1.0005189750182186,0.9994892038848966,1.0005383839990092,0.9994680463253627,4.128884926946746,-0.290440309747133,7.999999999999989,10.024716733178995,1.3574250985037835,-4.18082305302149,0.39779676085415633,-0.4157676567840034,0.5415706911400344,3.6,0.0,casci,vtz,8,0.01
-95.11570028498613,351,0.9999936664474177,0.9999975782195204,1.0000033491353582,0.9999973869125667,0.999998813565271,0.9999938367579224,1.0000070494462237,1.000008319515704,2.2831726640023837,-0.3073715861882102,7.999999999999983,10.069946798092321,1.1146163371687943,-6.792942489043238,0.08905636387723818,0.8789845449985386,1.576909237581003,3.6,0.0,casci,vtz,8,0.01
-95.08928022878158,352,1.0000017166192778,1.0000084296363885,0.9999976998588018,0.9999966762161699,1.0000030629050887,0.9999973123353005,1.0000112004297517,0.9999839019992061,2.6506266127126716,-0.436345052572728,7.999999999999985,11.32064974557667,1.1215527458578165,-7.931952288111715,0.44832260570887766,1.13581370766169,0.32483078516685904,3.6,0.0,casci,vtz,8,0.01
-95.07355509492217,353,0.9810314802914408,1.019154387864572,1.0189706558754692,0.9808457438581909,0.9810354647907908,1.0191452671096468,1.0189717497405586,0.9808452504693266,3.203778480458692,-0.6899692630626126,7.9999999999999964,9.614275092019318,1.2168505586189227,-2.6659510439258645,0.54768600153694,-1.070593251041897,1.0901390117597123,3.6,0.0,casci,vtz,8,0.01
-95.07355404344021,354,1.018975372105809,0.9808448648968098,0.9810225528243866,1.0191516003741334,1.0189766989300164,0.9808410607059097,0.9810282976737618,1.0191595524891626,3.2037770915747448,-0.690076914647316,7.999999999999989,9.614218112549786,1.2168479589888115,-2.6657903586292786,0.5476768675599646,-1.0706593488228073,1.0902173560150605,3.6,0.0,casci,vtz,8,0.01
-95.04223268794993,355,0.9999954118394506,0.9999971219621756,1.000006003917378,0.9999992354532615,0.9999985779313512,1.0000069185454525,0.9999995040576778,0.9999972262932504,3.575702261712296,-0.6519360634983858,7.999999999999998,10.656887410306297,1.1946003657430622,-5.3281599426973285,-0.16352195001556633,-0.00014188122790992352,0.7140753783338805,3.6,0.0,casci,vtz,8,0.01
-95.03520000402212,356,1.0010716600042355,0.9989298127308686,1.0010686494111893,0.998921536051717,1.0010757365822622,0.9989252582141985,1.0010768412694677,0.9989305057360609,2.408794406528001,-0.01306803423950733,7.999999999999999,10.51589416096942,1.1237929862985632,-7.104066968877313,0.23842066030048098,0.9230599441963019,0.3050549950172945,3.6,0.0,casci,vtz,8,0.01
-95.0351996528787,357,0.9989233781006644,1.0010693568575642,0.9989227988435654,1.0010793840500674,0.9989359429841415,1.001074696197099,0.9989156095518638,1.001078833415035,2.408787044672353,-0.01305068336743094,8.0,10.515890013515182,1.123787575233129,-7.104066032693466,0.23838610875619304,0.9230605129679376,0.30510389603780297,3.6,0.0,casci,vtz,8,0.01
-95.02538709217008,358,0.9990647999355782,1.0009734929426177,1.0009425761082216,0.9990286549612972,0.9990468739884968,1.0009678629991192,1.0009342254417744,0.9990415136228823,4.45339149137256,0.0649250352321487,7.999999999999988,10.162009235751238,1.3931716810892958,-3.9822457579647415,0.3141238513062985,-0.5493794299554392,0.23438055315921824,3.6,0.0,casci,vtz,8,0.01
-95.0253857910138,359,1.0009394631606319,0.999032948846347,0.9990559235361851,1.000968580554599,1.00093860572271,0.9990394505587008,0.9990624844020407,1.0009625432187659,4.453391700046525,0.06489092449131073,7.9999999999999805,10.161991501812432,1.3931707738199954,-3.9821951244001617,0.3141342137963917,-0.549400313253027,0.23439949025568207,3.6,0.0,casci,vtz,8,0.01
-95.01470892892516,360,1.033711213015477,0.9666763129596776,0.9662652242025456,1.0333409738019539,1.033734705844858,0.966653922656792,0.9662909171987664,1.033326730319924,2.2277026496881764,0.45346158246731194,7.999999999999995,10.26564058627039,1.1059930639522817,-7.279579577205695,0.296404805151668,1.0733796420352506,1.2297473546548052,3.6,0.0,casci,vtz,8,0.01
-95.01470428951737,361,0.9662901967666729,1.0333257407750498,1.0337145836639983,0.9666708832101347,0.9662790125623343,1.0333306223617225,1.03372218707988,0.9666667735801944,2.227739246929737,0.45337873069469475,7.999999999999987,10.265732750907764,1.1059952877167225,-7.279712494590573,0.2964201206926207,1.0734230595683456,1.2297224371129873,3.6,0.0,casci,vtz,8,0.01
-95.00824174191692,362,1.000060982963281,0.9999236852219857,0.9999309872404477,1.0000838123572215,1.000073300956494,0.9999343260905291,0.9999267915643111,1.000066113605713,2.447319993016025,0.230190523931639,7.999999999999983,11.151476047644067,1.0403720754764922,-8.36895100032038,0.08864980570933291,1.396606488249173,0.9723733566884453,3.6,0.0,casci,vtz,8,0.01
-95.00824062745963,363,0.9999232467374193,1.0000703153852046,1.0000786339081222,0.9999362546959963,0.9999305162558445,1.0000842068328342,1.0000659513293693,0.9999108748552066,2.4473527267323143,0.2302156155563383,7.999999999999997,11.151539361117532,1.0403614345529766,-8.368981778032484,0.08861957484131203,1.3966060487368597,0.9723881787907752,3.6,0.0,casci,vtz,8,0.01
-95.0012079048826,364,0.9999983643070325,0.9999978156240054,1.0000093978412377,0.999994415085842,0.9999832036757177,0.9999965348956821,1.0000125660640644,1.0000077025063994,1.4470134333777707,-0.9404805070751654,7.999999999999982,10.942059264140301,1.058483462553135,-8.748839571255626,-0.5029899199495077,1.6389049695927373,1.3105571250829486,3.6,0.0,casci,vtz,8,0.01
-94.9613150785456,365,1.076899999360557,0.9230559085539141,0.9230982119463531,1.0769456108619373,1.0768929125776543,0.9230481994937505,0.9231071118425663,1.0769520453632542,1.3467082412148716,-1.8473080563767903,7.999999999999988,11.064638378497675,1.0931234561314414,-8.735172578995773,-0.06593882023630902,1.6014266948734681,0.1612981940035525,3.6,0.0,casci,vtz,8,0.01
-94.96130535603655,366,0.9231029743402646,1.0769555714024928,1.076887053781522,0.9230571130330081,0.9231037785057873,1.0769473610205686,1.0768948169150594,0.9230513310012856,1.346663423513926,-1.8472954081337374,7.999999999999988,11.064628504562819,1.0931183268247922,-8.735186381855284,-0.0658774654727616,1.6014360647869372,0.16129470480185704,3.6,0.0,casci,vtz,8,0.01
-94.95218419511652,367,0.9979017379564934,1.0021676255753453,1.002099577808294,0.9978326399547752,0.9979037124932058,1.002157241998281,1.002100386973356,0.9978370772402385,3.7994237054983673,-0.558984270940977,7.999999999999989,10.6093954626109,1.2608896763768742,-5.454093912601166,0.08924831708682285,0.07469809064785804,0.6846500397496461,3.6,0.0,casci,vtz,8,0.01
-94.95218269232524,368,1.002105455377397,0.9978214750996107,0.9979102684936573,1.002161809298439,1.0021011627015741,0.9978314354446977,0.9978942446126964,1.0021741489719136,3.7994047211927158,-0.5589672039599831,7.999999999999986,10.609422828208478,1.2608877741760385,-5.454176363532816,0.08922910726748486,0.07473247471428834,0.684613864256645,3.6,0.0,casci,vtz,8,0.01
-94.95181188295663,369,1.000000068257082,1.0000007102649018,0.999987919145151,1.0000040599304527,1.0000165378304051,0.9999984344201431,0.999993094033967,0.9999991761178932,1.8919785973201737,0.2757917304934993,7.9999999999999964,9.912484755293615,1.1390255390440565,-7.541712640722466,-0.37552173569826613,1.292735131537829,1.3855292364584462,3.6,0.0,casci,vtz,8,0.01
-94.9247306538708,370,1.0000119077172083,0.9999912654221425,1.0000104578013318,0.9999963246924981,0.9999892498859206,1.0000088567469227,0.999986256731381,1.0000056810025777,2.769069702565651,-0.338379699203606,7.999999999999982,10.481250239093036,1.1447960718574721,-7.204848124900469,-0.21270502051459947,0.9821115026769753,0.3339900204026519,3.6,0.0,casci,vtz,8,0.01
-94.92428667558518,371,1.0068117589556669,0.9931434123874989,0.9931784547241418,1.006868617928105,1.0068105815375343,0.9930972700735217,0.9932192593871516,1.006870645006376,3.0148479795709218,-0.09636086439702961,7.9999999999999964,10.907721317516998,1.186114449373261,-6.963608872674451,-0.0026068052776616443,0.7548741069579757,0.5769892306779086,3.6,0.0,casci,vtz,8,0.01
-94.92427955122882,372,0.9931974974230338,1.0068820555384048,1.0067791305402212,0.9931380180624025,0.9931949237374547,1.0068626888687877,1.0068132420688922,0.9931324437607909,3.0148715419842893,-0.09634470702403461,7.999999999999988,10.907705407077884,1.1861179059642364,-6.963595403297646,-0.002600016549380456,0.7548713498793519,0.5769947214127639,3.6,0.0,casci,vtz,8,0.01
-94.92183347490334,373,1.000003099694446,0.9999979607291234,0.9999814196396068,1.0000102127531232,1.0000123743309322,0.999991453248571,0.9999970470132974,1.0000064325908933,1.3651753880527677,-1.2551599414724735,7.999999999999993,10.894252095592401,1.0422562016171446,-8.824195104197695,-0.48761511955586606,1.6885345282007471,0.8103928404693497,3.6,0.0,casci,vtz,8,0.01
-94.92039889075797,374,1.0000062949504454,0.9999766425290243,1.000020393247579,0.9999998902934073,0.9999910399773955,1.000011297727051,0.9999824882017105,1.0000119530733735,1.5690698809556958,-0.34290609931611593,7.999999999999988,10.796904472512802,1.1067739413671949,-8.06330456557263,0.8789086737290136,1.3324261646581133,0.39367889130191835,3.6,0.0,casci,vtz,8,0.01
-94.90112806273473,375,1.003249608671996,0.9967817740854861,0.996744030054129,1.0032220598868684,1.0032464383096553,0.9967893699451242,0.996746906541588,1.003219812505138,1.608217812325638,-1.4602187365491757,7.999999999999986,11.208972586780614,0.9091745210799835,-9.276759162253049,0.03900396492471429,1.8361364344313702,1.9361636393463,3.6,0.0,casci,vtz,8,0.01
-94.90112729472148,376,0.9967357939917052,1.0032132675696084,1.0032749480373784,0.996780891100691,0.9967159686993676,1.0032237802598045,1.0032844850543694,0.9967708652870746,1.6081743480436408,-1.4601850238159813,7.999999999999999,11.208921079166728,0.9091667712596923,-9.276703340485192,0.03903573126187406,1.8361214004509137,1.9361732509080827,3.6,0.0,casci,vtz,8,0.01
-94.87252319138345,377,1.0091525426656265,0.9917738672593044,0.9908370576290131,1.008231297520783,1.0091546271454577,0.9917704621655473,0.9908475546828183,1.008232590931451,2.0303837335792476,-0.15932328865535558,8.0,10.126124748163313,1.16087508236743,-7.4725529295984625,-0.01477416012292659,1.2047452777584025,0.9257581972078,3.6,0.0,casci,vtz,8,0.01
-94.87252288578229,378,0.9908517410665838,1.008236579297226,1.009153435839223,0.9917624997385999,0.9908474138221288,1.0082357407374891,1.0091433992410144,0.991769190257711,2.0303750318231852,-0.15933116873987066,7.999999999999976,10.126056249130219,1.1608753220252468,-7.472465416854202,-0.014755435079885687,1.204718646144546,0.9257535987189407,3.6,0.0,casci,vtz,8,0.01
-94.86672407141636,379,1.000005402085057,1.0000041406381515,0.999995184754813,0.9999884888079745,1.0000156442230905,1.0000123533696472,0.9999881048851655,0.9999906812360951,1.677408659672518,-0.39116060730166535,7.999999999999994,9.78905853023801,1.1741178206479361,-7.0788552072700295,0.7404189674467557,1.0921629710755116,0.18780716934510944,3.6,0.0,casci,vtz,8,0.01
-94.80555862827694,380,1.0000058223765502,1.0000005436992372,0.9999941166468503,1.000006748831332,0.9999992654073919,0.9999850154851259,1.0000109714224317,0.9999975161310838,3.6752639684846096,-0.2353387796163846,8.000000000000004,10.197210979618209,1.363048881264626,-5.039441185955454,0.5596419872882668,-0.029582151926825895,0.11157617805330045,3.6,0.0,casci,vtz,8,0.01
-94.72459874403073,381,0.9976666574503575,1.0023338124385228,0.9976565657167928,1.0023484920224952,0.9976635228027417,1.0023284135118475,0.9976713405789803,1.0023311954782566,2.218880821357215,-0.24579819956312549,7.999999999999995,10.87581182558832,1.1370852563165634,-7.5108343111980975,0.08534902639443219,1.0364641992019687,0.010214829651924107,3.6,0.0,casci,vtz,8,0.01
-94.72459841742483,382,1.002321153663475,0.9976886863478528,1.0023252844547468,0.9976685989822016,1.0023405911808159,0.9976552273425923,1.0023461743989324,0.9976542836293679,2.2188934065860835,-0.24584920845200145,7.999999999999985,10.875757364865215,1.1370863266973439,-7.510748439810615,0.08533877491434497,1.036434878689004,0.010172641386169357,3.6,0.0,casci,vtz,8,0.01
-94.71720783057064,383,0.9999958719206328,0.9999891183895532,1.000000944892704,1.000006895510229,1.0000044646623811,1.00000782860192,0.9999969757676825,0.9999979002548871,2.633296808230898,-0.34827205988811694,7.999999999999989,11.366546819708901,1.1410609125301814,-8.404748954836428,-0.22583942950043182,1.3607377724909893,0.3927207873112759,3.6,0.0,casci,vtz,8,0.01
-94.69054345250684,384,1.0336059661573533,0.9652467580500321,0.9663996482841586,1.034746937000619,1.033580099244504,0.9652368979821966,0.9664352796880001,1.0347484135931344,3.2945063233299283,-0.9691284364050023,7.999999999999998,10.263701967349315,1.2739531581168204,-5.416265600370775,0.3089453077775709,0.14220730834805906,0.7442561253926199,3.6,0.0,casci,vtz,8,0.01
-94.69054018606029,385,0.966431829549182,1.0347487909053759,1.0336123899876508,0.9652241253672109,0.9663969554035419,1.0347550710267295,1.0335782450740796,0.9652525926862254,3.294546080243139,-0.9691606222623038,7.9999999999999964,10.263675548640144,1.273966320345186,-5.416260228833055,0.30895529209438644,0.1422112272564915,0.7442780223397645,3.6,0.0,casci,vtz,8,0.01
-94.66533348073077,386,1.0000328513943992,0.9999757167811629,0.9999656283908203,1.0000285519813783,1.0000312245664174,0.999957412523621,0.9999736731763532,1.0000349411858427,1.939666294927656,-0.34315651949065384,7.999999999999996,10.879495270137863,1.0422231932636943,-8.160733042765887,0.3400868344283628,1.3604927038484782,1.163774389349043,3.6,0.0,casci,vtz,8,0.01
-94.64667576209031,387,1.006443147813282,0.9935563136643323,1.0064440081362362,0.9935449546896307,1.0064481828464484,0.9935729770832128,1.0064459620313908,0.9935444537354581,3.0960568707732454,0.07673493714145979,7.999999999999991,10.263601380202124,1.1727050691317218,-6.273398625776002,0.030139519159446237,0.5707989678374702,1.347214376697755,3.6,0.0,casci,vtz,8,0.01
-94.64667559720053,388,0.9935408008928881,1.0064585282134,0.9935861881434457,1.0064221135126832,0.9934986222274995,1.0064830485156397,0.9935728226240828,1.0064378758703505,3.096027500278989,0.07674618964263397,7.999999999999989,10.263602455001541,1.1727084740987879,-6.273447695804802,0.030104750223878613,0.5708232341520156,1.3471769086153498,3.6,0.0,casci,vtz,8,0.01
-94.64218694559892,389,1.0101984251563338,0.9897724034813526,1.0101998056246515,0.9897993908771242,1.010230252806631,0.9898077577925024,1.0102125643382605,0.9897793999231345,1.0564014857133077,-1.282564214528241,7.99999999999999,11.131874194690976,1.0769336765795408,-8.967056818120284,0.3975834514574868,1.7005598603873984,0.45247630099087033,3.6,0.0,casci,vtz,8,0.01
-94.64218680327316,390,0.9897626135561387,1.010243438390658,0.989786846001913,1.0101649267934367,0.9898049001738478,1.0102021066949347,0.9898340336694932,1.010201134719559,1.0563015804612874,-1.2825790178622258,7.9999999999999805,11.131969319295369,1.0769244419289097,-8.967304379979815,0.3974822991943842,1.7006598601660654,0.45239680672099847,3.6,0.0,casci,vtz,8,0.01
-94.6345002283827,391,0.9999906696897862,0.9999696187965161,1.0000336404135948,1.0000175031836798,1.0000131996914323,1.0000005414778341,1.0000066850910674,0.9999681416560846,1.4421448823053007,-1.5656425693866725,7.999999999999995,11.372059825523314,1.037355744785306,-9.163772303954335,0.43836306910874506,1.7388711955963394,0.8340118796090266,3.6,0.0,casci,vtz,8,0.01
-94.62751744576359,392,0.9999908055589066,1.0000499134975085,0.9999767837662552,1.000011807686252,1.0000199370424956,0.9999962492941311,0.9999855865300563,0.9999689166243858,3.0412536221217445,-0.8634260753212142,7.999999999999991,10.11222317992033,1.2602729503293066,-4.600042576563386,0.6181962524739757,-0.22803450669838965,0.7255642362121506,3.6,0.0,casci,vtz,8,0.01
-94.6184982377465,393,1.0062265881546009,0.9950489211773821,0.9937595852337935,1.0049392843498137,1.0062439904864313,0.9950715709449028,0.9937592675779015,1.0049507920751668,1.2259712817066712,-0.8050117645773438,7.999999999999993,10.80436680122132,1.1360380456815529,-8.482674641378324,0.5083477286506239,1.5402456203838324,0.2747878931704921,3.6,0.0,casci,vtz,8,0.01
-94.61849685274994,394,0.9937543148669747,1.0049505118676694,1.0062308117532353,0.9950563609687364,0.9937610289413983,1.004955029791719,1.0062398180799497,0.9950521237303047,1.2257979374062289,-0.8050503545263497,7.999999999999988,10.804445032070596,1.136022811670418,-8.482886967407516,0.5085700938555718,1.5403322256861092,0.27491079072647606,3.6,0.0,casci,vtz,8,0.01
-94.60424848072743,395,1.0266459107980448,0.980353263508011,0.9733581174131555,1.0197113296061169,1.026635980666828,0.980275814727722,0.9732890402489128,1.0197305430311925,2.8960602815777334,-0.48443089189590643,7.999999999999983,10.958881790031509,1.1679940735067078,-6.853812590516395,-0.00716541537725867,0.6871858477503209,0.6399507602150624,3.6,0.0,casci,vtz,8,0.01
-94.60424558539192,396,0.9733196022171268,1.0197354410324007,1.0266089507616105,0.9802843845209884,0.9733415199431583,1.0197229024968322,1.0266780271881957,0.9803091718396788,2.8959342291801877,-0.4844829767237692,7.999999999999991,10.959028326147688,1.1679674709583434,-6.854015267643566,-0.007143390594198932,0.6872505522848608,0.6399298098713138,3.6,0.0,casci,vtz,8,0.01
-94.59140935650059,397,1.0000322969719087,1.000025241050607,1.0000115436745056,0.999966655579714,0.9999746498843547,0.9999886031660391,1.0000052133279356,0.9999957963449222,1.4766022841861421,-0.3734936032220524,7.999999999999987,10.809298550026666,1.163844270627205,-8.257869303156827,0.9103798166442585,1.4266100140717477,0.08296469608468349,3.6,0.0,casci,vtz,8,0.01
-94.57378899813524,398,1.0000204664796777,0.9999965650905192,1.0000261597570521,1.000014534422617,0.999968873626012,1.000017707266793,0.9999434016268629,1.0000122917304544,3.2560777433392842,-0.7369939969748344,7.999999999999988,9.70779512609113,1.27981208028746,-4.251556781740611,0.42508542819057954,-0.30117039065247675,0.8393339182996649,3.6,0.0,casci,vtz,8,0.01
-94.50663719556627,399,1.0062362590708362,0.9940949325408643,0.9937483650509807,1.0059006029369018,1.0062960678955246,0.9941040573233302,0.9937035695186225,1.0059161456629364,2.7772102991104712,-0.022860277383368405,7.999999999999997,10.264456476665988,1.1547913745476832,-6.284626725809144,0.01253775679316253,0.5761992437380752,1.321581908896814,3.6,0.0,casci,vtz,8,0.01
